group,family,R,H,alpha,L,initial,window,policy,n,class,cost_per_class_project_mean,cost_per_class_project_standard_error,resource_per_class_project_mean,resource_per_class_project_standard_error,charged_slack_per_class_project_mean,charged_slack_per_class_project_standard_error,cap_fraction_per_class_project_mean,cap_fraction_per_class_project_standard_error,gear0_mean,gear0_standard_error,gear1_mean,gear1_standard_error,gear2_mean,gear2_standard_error,used_resource_share_ratio_of_means
R1_H2048_alpha1_4_L100_zero_base,R1_H2048_alpha1_4,1,2048,1/4,100,zero,base,WHITTLE_K,32,1,1.9663874053955077,0.001695241062144238,0.15757092833518982,0.00010146757996814708,0.018419459524398923,9.100485683626922e-05,0.0,0.0,0.9233894729614258,4.224103130644821e-05,0.041692161560058595,3.702891254955471e-05,0.03491836547851562,3.174380640066287e-05,0.4882226599897879
R1_H2048_alpha1_4_L100_zero_base,R1_H2048_alpha1_4,1,2048,1/4,100,zero,base,WHITTLE_K,32,2,1.913245086669922,0.0016988117566795445,0.16517305970191956,0.00010106839248594402,0.017790022811092054,8.297034717585126e-05,0.0,0.0,0.9192130661010742,4.69628457336309e-05,0.044404029846191406,4.1443845892478814e-05,0.03638290405273437,3.0208461848807e-05,0.5117773400102121
R1_H2048_alpha1_4_L100_zero_base,R1_H2048_alpha1_4,1,2048,1/4,100,zero,base,WHITTLE_P,32,1,1.9898729705810547,0.0019461524096451664,0.15410014986991882,0.00010738554799392674,0.018130962847571697,0.00010063956080899777,0.0,0.0,0.9116785049438476,4.720113737382782e-05,0.06031322479248047,4.326071297318695e-05,0.028008270263671874,3.360058848309919e-05,0.4907645722523322
R1_H2048_alpha1_4_L100_zero_base,R1_H2048_alpha1_4,1,2048,1/4,100,zero,base,WHITTLE_P,32,2,1.948816452026367,0.0018165351940145622,0.15990000128746032,0.00010499509758376554,0.017407496191645708,8.645148110035408e-05,0.0,0.0,0.9097285842895507,6.085926946740451e-05,0.060579147338867184,6.118728229998049e-05,0.02969226837158203,3.1180839733653126e-05,0.5092354277476678
R1_H2048_alpha1_4_L100_zero_base,R1_H2048_alpha1_4,1,2048,1/4,100,zero,base,LAGRANGIAN_K,32,1,2.0957503509521485,0.001795078096917303,0.1383557903766632,0.00014640845066618444,0.017192620673598516,0.00011270218988550629,0.0,0.0,0.9230035018920898,6.384494143187132e-05,0.050795097351074216,4.107302684062318e-05,0.026201400756835937,3.956481146565686e-05,0.49364899920335203
R1_H2048_alpha1_4_L100_zero_base,R1_H2048_alpha1_4,1,2048,1/4,100,zero,base,LAGRANGIAN_K,32,2,2.0641690063476563,0.00138995013560364,0.14191580057144165,0.00012633523207932515,0.012483222013499658,9.868042654668046e-05,0.0,0.0,0.9211226654052734,6.630428685470124e-05,0.05195575714111328,5.140644050632475e-05,0.02692157745361328,3.126410722402231e-05,0.5063510007966481
R1_H2048_alpha1_4_L100_zero_base,R1_H2048_alpha1_4,1,2048,1/4,100,zero,base,LAGRANGIAN_NI,32,1,1.9715788269042969,0.001830363181807798,0.15668815970420838,0.00010314483537871422,0.01751261105001739,8.67393367438114e-05,0.0,0.0,0.9134294509887695,4.924704778373005e-05,0.05660953521728516,4.872748507339261e-05,0.029961013793945314,3.2797521033063284e-05,0.48838091280841844
R1_H2048_alpha1_4_L100_zero_base,R1_H2048_alpha1_4,1,2048,1/4,100,zero,base,LAGRANGIAN_NI,32,2,1.9195822525024415,0.0016838864322092986,0.16414370656013488,0.0001022033117327567,0.017267012641739927,7.761607279088577e-05,0.0,0.0,0.9087771224975586,5.9965462496730095e-05,0.06008060455322266,5.966707005019601e-05,0.03114227294921875,2.9759850688410977e-05,0.5116190871915817
R1_H2048_alpha1_4_L100_zero_base,R1_H2048_alpha1_4,1,2048,1/4,100,zero,base,LAGRANGIAN_FC,32,1,1.9765621185302735,0.0017591534711020363,0.15788061618804933,0.00011055881965556163,0.030113348857621885,8.904620754682772e-05,0.0,0.0,0.9518840026855468,3.369411646645702e-05,0.0,0.0,0.048115997314453124,3.3694116466456745e-05,0.4811599731445313
R1_H2048_alpha1_4_L100_zero_base,R1_H2048_alpha1_4,1,2048,1/4,100,zero,base,LAGRANGIAN_FC,32,2,1.8901466369628905,0.0016596131004033875,0.17024438381195067,0.00011055881965556163,0.030949143000221904,7.781132062079905e-05,0.0,0.0,0.9481159973144531,3.3694116466458086e-05,0.0,0.0,0.051884002685546875,3.369411646645678e-05,0.5188400268554687
R1_H2048_alpha1_4_L100_zero_base,R1_H2048_alpha1_4,1,2048,1/4,100,zero,base,MYOPIC_K,32,1,1.9596896743774415,0.0019657807818905474,0.15951980352401735,0.00011149852277857748,0.0256464275425367,9.146771048379571e-05,0.0,0.0,0.9429135894775391,3.442947410776191e-05,0.012353324890136718,1.9716043065753714e-05,0.04473308563232422,3.553543426376132e-05,0.4885065785852372
R1_H2048_alpha1_4_L100_zero_base,R1_H2048_alpha1_4,1,2048,1/4,100,zero,base,MYOPIC_K,32,2,1.9063704299926758,0.0016323867930532457,0.16702606201171874,0.0001109159457664921,0.02521881060998943,8.064868778088971e-05,0.0,0.0,0.9402423095703125,4.344826582595285e-05,0.012912826538085937,3.1681693653572465e-05,0.046844863891601564,3.341538542653659e-05,0.5114934214147628
R1_H2048_alpha1_2_L100_zero_base,R1_H2048_alpha1_2,1,2048,1/2,100,zero,base,WHITTLE_K,32,1,1.1595901107788087,0.0014184248987007951,0.31752153038978576,0.0001812422075041105,0.019751743808221537,9.011064701652043e-05,0.0,0.0,0.8724363327026368,8.777511877759776e-05,0.04490966796875,7.480552593832195e-05,0.08265399932861328,5.1738164977269305e-05,0.4874075125172947
R1_H2048_alpha1_2_L100_zero_base,R1_H2048_alpha1_2,1,2048,1/2,100,zero,base,WHITTLE_K,32,2,1.098907699584961,0.0012701637671160418,0.3339282774925232,0.00018178978066471857,0.01629625419501018,7.143896381273755e-05,0.0,0.0,0.8680316925048828,6.774503096922729e-05,0.04404121398925781,6.730302706804205e-05,0.08792709350585938,6.161515698887799e-05,0.5125924874827053
R1_H2048_alpha1_2_L100_zero_base,R1_H2048_alpha1_2,1,2048,1/2,100,zero,base,WHITTLE_P,32,1,1.1750992965698241,0.0014897623247579913,0.31269046425819397,0.00017497318550673108,0.019958529606910552,0.00011619975126115481,0.0,0.0,0.8494099044799804,6.871504174897558e-05,0.08063701629638671,5.219245889476538e-05,0.06995307922363281,5.328104072971667e-05,0.4890591828256311
R1_H2048_alpha1_2_L100_zero_base,R1_H2048_alpha1_2,1,2048,1/2,100,zero,base,WHITTLE_P,32,2,1.1220171356201172,0.0013370958604966442,0.3266809558868408,0.00016753640291920346,0.016049154617704522,8.794406943540596e-05,0.0,0.0,0.847835693359375,8.151492586623747e-05,0.0767147445678711,7.935354481560761e-05,0.07544956207275391,5.2301398702998005e-05,0.5109408171743689
R1_H2048_alpha1_2_L100_zero_base,R1_H2048_alpha1_2,1,2048,1/2,100,zero,base,LAGRANGIAN_K,32,1,1.2392695236206055,0.0012142261876073484,0.29344472408294675,0.00019405211158902532,0.022346148101103205,0.00010975427688202144,0.0,0.0,0.8663191223144532,8.427001854415867e-05,0.06453140258789063,4.776708587244739e-05,0.06914947509765625,5.0624148862254976e-05,0.49172988248847777
R1_H2048_alpha1_2_L100_zero_base,R1_H2048_alpha1_2,1,2048,1/2,100,zero,base,LAGRANGIAN_K,32,2,1.1974020385742188,0.0009994504160670509,0.3033152747154236,0.00020320813788063808,0.014091465923319405,8.509119889808212e-05,0.0,0.0,0.864103775024414,9.326107895168929e-05,0.06337520599365234,6.587829408513723e-05,0.0725210189819336,5.450477966163153e-05,0.5082701175115223
R1_H2048_alpha1_2_L100_zero_base,R1_H2048_alpha1_2,1,2048,1/2,100,zero,base,LAGRANGIAN_NI,32,1,1.1653189468383789,0.0014121762718777636,0.31530244946479796,0.0001741011331183263,0.019098679102566705,0.00010450627894142102,0.0,0.0,0.8536422348022461,7.691732852635748e-05,0.07330398559570313,5.704003550624318e-05,0.07305377960205078,4.9158596447349585e-05,0.4872721805191119
R1_H2048_alpha1_2_L100_zero_base,R1_H2048_alpha1_2,1,2048,1/2,100,zero,base,LAGRANGIAN_NI,32,2,1.1043905639648437,0.0013478796070723882,0.3317741990089417,0.0001746169288739447,0.015003825405424805,7.981420000550805e-05,0.0,0.0,0.8478050994873046,7.917467977146077e-05,0.07449569702148437,7.181702233467028e-05,0.07769920349121094,5.364580309201015e-05,0.5127278194808882
R1_H2048_alpha1_2_L100_zero_base,R1_H2048_alpha1_2,1,2048,1/2,100,zero,base,LAGRANGIAN_FC,32,1,1.178276901245117,0.001423770388930563,0.3139352560043335,0.00018320542360298204,0.027403887395139045,0.000113367122814213,0.0,0.0,0.9043244934082031,5.583403385995553e-05,0.0,0.0,0.09567550659179687,5.583403385995639e-05,0.47837753295898433
R1_H2048_alpha1_2_L100_zero_base,R1_H2048_alpha1_2,1,2048,1/2,100,zero,base,LAGRANGIAN_FC,32,2,1.0777066040039063,0.0011615147288162374,0.3423147439956665,0.00018320542360298204,0.02149726421712446,7.160201773580678e-05,0.0,0.0,0.8956755065917968,5.583403385995576e-05,0.0,0.0,0.10432449340820313,5.58340338599565e-05,0.5216224670410157
R1_H2048_alpha1_2_L100_zero_base,R1_H2048_alpha1_2,1,2048,1/2,100,zero,base,MYOPIC_K,32,1,1.1591801452636719,0.001586578800150547,0.31808468341827395,0.00019365555613941616,0.0213248106485469,0.00010671950179506689,0.0,0.0,0.8844688415527344,7.15217910914893e-05,0.027111968994140624,3.6355387788187256e-05,0.088419189453125,5.612978809926575e-05,0.48716742194305207
R1_H2048_alpha1_2_L100_zero_base,R1_H2048_alpha1_2,1,2048,1/2,100,zero,base,MYOPIC_K,32,2,1.0972557830810548,0.0012806959738980688,0.33484215259552,0.00019410751603957135,0.017020526310064465,7.779624644927016e-05,0.0,0.0,0.8800675964355469,6.770399371483103e-05,0.026082687377929688,3.512473289517569e-05,0.09384971618652344,5.8225980799601304e-05,0.5128325780569479
R1_H2048_alpha4_5_L100_zero_base,R1_H2048_alpha4_5,1,2048,4/5,100,zero,base,WHITTLE_K,32,1,0.6460575485229492,0.000914512425484512,0.5052882206439971,0.00022676701242521638,0.008501902622963065,3.898867858799962e-05,0.0,0.0,0.8101159286499023,7.759830928590823e-05,0.05234172821044922,5.434187566063197e-05,0.13754234313964844,7.164854803302566e-05,0.48544340395507213
R1_H2048_alpha4_5_L100_zero_base,R1_H2048_alpha4_5,1,2048,4/5,100,zero,base,WHITTLE_K,32,2,0.5892508697509765,0.0008197537847946699,0.5355915534496307,0.00022349244500874092,0.011858350269830049,5.5410160027476133e-05,0.0,0.0,0.8050397109985351,9.669105299489448e-05,0.046276397705078125,8.060992511438503e-05,0.14868389129638673,6.725136501588907e-05,0.514556596044928
R1_H2048_alpha4_5_L100_zero_base,R1_H2048_alpha4_5,1,2048,4/5,100,zero,base,WHITTLE_P,32,1,0.6502873992919922,0.0009145092608224615,0.5031139183044434,0.00022524330158008921,0.008505128746602073,3.898111180232258e-05,0.0,0.0,0.8091372680664063,7.121321368085026e-05,0.054735298156738284,4.8837664176144564e-05,0.13612743377685546,7.278209394132604e-05,0.48669353373140534
R1_H2048_alpha4_5_L100_zero_base,R1_H2048_alpha4_5,1,2048,4/5,100,zero,base,WHITTLE_P,32,2,0.5976776885986328,0.0007993377377685195,0.5306247353553772,0.00022290763775125466,0.010697135782953518,5.314826770443996e-05,0.0,0.0,0.8092317962646485,9.523712411038832e-05,0.04237041473388672,7.434810118788561e-05,0.14839778900146483,6.565307352309648e-05,0.5133064662685948
R1_H2048_alpha4_5_L100_zero_base,R1_H2048_alpha4_5,1,2048,4/5,100,zero,base,LAGRANGIAN_K,32,1,0.7546932983398438,0.0006868498948512718,0.45015897274017336,0.0002975727621469457,0.009293374018882637,4.6824160408917985e-05,0.0,0.0,0.8202894592285156,8.289314308382466e-05,0.06200721740722656,4.6748334908986794e-05,0.11770332336425782,9.762951173362097e-05,0.49587743798716866
R1_H2048_alpha4_5_L100_zero_base,R1_H2048_alpha4_5,1,2048,4/5,100,zero,base,LAGRANGIAN_K,32,2,0.7334734725952149,0.0005588657703631351,0.4576439201831818,0.00028538738766335347,0.0044515290900842466,3.281419626633092e-05,0.0,0.0,0.8153652572631835,9.613967958845133e-05,0.06586170196533203,5.546435554119231e-05,0.11877304077148437,8.810430533316929e-05,0.5041225620128313
R1_H2048_alpha4_5_L100_zero_base,R1_H2048_alpha4_5,1,2048,4/5,100,zero,base,LAGRANGIAN_NI,32,1,0.6469855117797851,0.0009048804651106815,0.5046561741828919,0.00022222850986190981,0.008243812020145246,3.770219208374324e-05,0.0,0.0,0.8090535736083985,7.430500007302529e-05,0.054171905517578126,4.966473656366166e-05,0.13677452087402345,7.02417394775859e-05,0.4859857777826759
R1_H2048_alpha4_5_L100_zero_base,R1_H2048_alpha4_5,1,2048,4/5,100,zero,base,LAGRANGIAN_NI,32,2,0.5917736434936524,0.0007936804227112733,0.5337614035606384,0.00021724001185679208,0.010877612526737043,5.2835113712398186e-05,0.0,0.0,0.8054541778564454,9.402232612492618e-05,0.046485366821289065,7.828944030811412e-05,0.14806045532226564,6.532138751739649e-05,0.5140142222173241
R1_H2048_alpha4_5_L100_zero_base,R1_H2048_alpha4_5,1,2048,4/5,100,zero,base,LAGRANGIAN_FC,32,1,0.6638535690307618,0.0008413471656189064,0.49804105997085574,0.00025158391805261894,0.012753212629859127,3.823091537732003e-05,0.0,0.0,0.8482155609130859,7.654773340088437e-05,7.2479248046875e-07,7.247924804687499e-07,0.1517837142944336,7.673170417011867e-05,0.47575748936742335
R1_H2048_alpha4_5_L100_zero_base,R1_H2048_alpha4_5,1,2048,4/5,100,zero,base,LAGRANGIAN_FC,32,2,0.5695833206176758,0.000691066069943621,0.5487970268726349,0.00025391281650610217,0.017881513851792066,5.572207043067961e-05,0.0,0.0,0.8327471542358399,7.750683812477801e-05,6.103515625e-07,6.103515625e-07,0.16725223541259765,7.73268639179693e-05,0.5242425106325768
R1_H2048_alpha4_5_L100_zero_base,R1_H2048_alpha4_5,1,2048,4/5,100,zero,base,MYOPIC_K,32,1,0.6458195877075196,0.000895458915855422,0.505809999704361,0.000225506505158009,0.00919283767244709,3.697715942831206e-05,0.0,0.0,0.8152329635620117,7.027606869235239e-05,0.04464748382568359,5.870866106678996e-05,0.1401195526123047,7.554944317699207e-05,0.4856349215099521
R1_H2048_alpha4_5_L100_zero_base,R1_H2048_alpha4_5,1,2048,4/5,100,zero,base,MYOPIC_K,32,2,0.5885921859741211,0.0007610449150007113,0.5357337141036987,0.0002225421068582644,0.011537121303045928,5.634842455381365e-05,0.0,0.0,0.8101893615722656,9.503161166991924e-05,0.03870330810546875,7.111356172505408e-05,0.15110733032226562,6.448504863657493e-05,0.5143650784900481
R4_H2048_alpha1_4_L100_zero_base,R4_H2048_alpha1_4,4,2048,1/4,100,zero,base,WHITTLE_K,32,1,4.893073577880859,0.013712643183166439,0.2874011063575745,0.00014801734195118993,0.10575335290383218,0.0012020047252649275,0.0,0.0,0.8813637542724609,5.7664090788910964e-05,0.045277366638183596,6.876785512756624e-05,0.07335887908935547,5.412784155013878e-05,0.8863885957662034
R4_H2048_alpha1_4_L100_zero_base,R4_H2048_alpha1_4,4,2048,1/4,100,zero,base,WHITTLE_K,32,2,3.2013343811035155,0.0038725294210026225,0.03683716535568237,0.00014367948318234002,0.034872190397641466,0.0003841649570421491,0.0,0.0,0.9771778106689453,8.535798537664134e-05,0.016910285949707032,6.629766945242007e-05,0.005911903381347656,2.8951541795653187e-05,0.1136114042337965
R4_H2048_alpha1_4_L100_zero_base,R4_H2048_alpha1_4,4,2048,1/4,100,zero,base,WHITTLE_P,32,1,5.020224838256836,0.013147191936894108,0.27936102032661436,0.00014899530730583764,0.11012032509563417,0.0013138511144960008,0.0,0.0,0.8697390365600586,7.923830273512e-05,0.06580345153808594,9.16303807855241e-05,0.06445751190185547,5.26115138013936e-05,0.8841217845426249
R4_H2048_alpha1_4_L100_zero_base,R4_H2048_alpha1_4,4,2048,1/4,100,zero,base,WHITTLE_P,32,2,3.2037812805175783,0.003575226380038374,0.036614702939987184,0.0001480800656808904,0.03264854150278657,0.00033465094625714716,0.0,0.0,0.9731830215454101,0.00010282903218166677,0.022834892272949218,8.738666574224214e-05,0.003982086181640625,2.28865263964493e-05,0.11587821545737509
R4_H2048_alpha1_4_L100_zero_base,R4_H2048_alpha1_4,4,2048,1/4,100,zero,base,LAGRANGIAN_K,32,1,5.306463966369629,0.010651442912621106,0.2594570195674896,0.00031524415754050463,0.08258059986927901,0.0011976454713867304,0.0,0.0,0.8814473342895508,0.00011458850962108049,0.0575750732421875,7.045156901081616e-05,0.06097759246826172,9.488212676287708e-05,0.9025540523322164
R4_H2048_alpha1_4_L100_zero_base,R4_H2048_alpha1_4,4,2048,1/4,100,zero,base,LAGRANGIAN_K,32,2,3.326800193786621,0.0033084141970031265,0.028012765645980837,7.472627685725379e-05,0.02129149723207719,0.0003390687623552409,0.0,0.0,0.979034309387207,5.501387151363825e-05,0.018124847412109374,5.078130886509891e-05,0.002840843200683594,1.340363141718732e-05,0.09744594766778361
R4_H2048_alpha1_4_L100_zero_base,R4_H2048_alpha1_4,4,2048,1/4,100,zero,base,LAGRANGIAN_NI,32,1,4.917734298706055,0.012455922575144185,0.28571452617645265,0.00014955020315077705,0.10567809057851753,0.0010875579360926679,0.0,0.0,0.8704862976074219,6.8149877386176e-05,0.06188991546630859,9.413702698354318e-05,0.06762378692626952,6.071090359967269e-05,0.8848172272041666
R4_H2048_alpha1_4_L100_zero_base,R4_H2048_alpha1_4,4,2048,1/4,100,zero,base,LAGRANGIAN_NI,32,2,3.1946147155761717,0.0037380450306936856,0.03719343423843384,0.0001443566629102228,0.031741066261314385,0.0003403292851580572,0.0,0.0,0.9738652801513672,8.761571352917415e-05,0.02158271789550781,6.81174946966887e-05,0.004552001953125,2.7613363177430042e-05,0.1151827727958334
R4_H2048_alpha1_4_L100_zero_base,R4_H2048_alpha1_4,4,2048,1/4,100,zero,base,LAGRANGIAN_FC,32,1,4.836501770019531,0.013372148378127674,0.29230554699897765,0.0001477333179623303,0.13406701634930768,0.0011191727756614722,0.0,0.0,0.910916404724121,4.5023487378994834e-05,0.0,0.0,0.0890835952758789,4.502348737899616e-05,0.890835952758789
R4_H2048_alpha1_4_L100_zero_base,R4_H2048_alpha1_4,4,2048,1/4,100,zero,base,LAGRANGIAN_FC,32,2,3.227310218811035,0.003824231184426799,0.035819453001022336,0.00014773331796233058,0.048156730047713085,0.0003673229216964646,0.0,0.0,0.9890835952758789,4.5023487378994394e-05,0.0,0.0,0.010916404724121094,4.502348737899601e-05,0.10916404724121093
R4_H2048_alpha1_4_L100_zero_base,R4_H2048_alpha1_4,4,2048,1/4,100,zero,base,MYOPIC_K,32,1,7.751262664794922,0.014357724076817702,0.15326995611190797,0.0002259802809275306,0.9054804009548907,0.003470262374459982,0.0,0.0,0.9521448516845703,7.109966009894183e-05,0.0016687774658203124,1.5661613718136167e-05,0.04618637084960937,6.838979681389686e-05,0.46797662105643684
R4_H2048_alpha1_4_L100_zero_base,R4_H2048_alpha1_4,4,2048,1/4,100,zero,base,MYOPIC_K,32,2,1.8681991958618165,0.0024810780945623613,0.17424631118774414,0.00022527597587689496,0.8320395588470295,0.0019005613391559011,0.0,0.0,0.9413619995117187,8.079422020998859e-05,0.008070945739746094,3.473339788855235e-05,0.05056705474853516,6.527837615329789e-05,0.5320233789435632
R4_H2048_alpha1_2_L100_zero_base,R4_H2048_alpha1_2,4,2048,1/2,100,zero,base,WHITTLE_K,32,1,2.5061650466918945,0.007325496643701147,0.49982730746269227,0.00027255047358083913,0.05621389248314416,0.00039053929823526534,0.0,0.0,0.8225293350219727,0.00011527095874565544,0.036665916442871094,6.699093837444818e-05,0.14080474853515626,7.336284584290675e-05,0.7673381249643163
R4_H2048_alpha1_2_L100_zero_base,R4_H2048_alpha1_2,4,2048,1/2,100,zero,base,WHITTLE_K,32,2,2.0344122314453124,0.0027768197703958407,0.15155086755752564,0.0002730568187902324,0.04484168539762135,0.0003099567046487458,0.0,0.0,0.9251461029052734,0.00011080079270295404,0.041805992126464846,5.015807708032091e-05,0.03304790496826172,7.254620779893052e-05,0.2326618750356837
R4_H2048_alpha1_2_L100_zero_base,R4_H2048_alpha1_2,4,2048,1/2,100,zero,base,WHITTLE_P,32,1,2.5581565856933595,0.006853413821816364,0.4932238805294037,0.00024692483639207787,0.056997887212021564,0.00040257918693409805,0.0,0.0,0.8117338943481446,0.00012328936910946245,0.05534412384033203,9.25963831644378e-05,0.13292198181152343,6.313912119179898e-05,0.7679788250384562
R4_H2048_alpha1_2_L100_zero_base,R4_H2048_alpha1_2,4,2048,1/2,100,zero,base,WHITTLE_P,32,2,2.049859619140625,0.0027810608299630745,0.14901242136955262,0.0002474215010779735,0.04164957678590261,0.00027760845657248657,0.0,0.0,0.9162063980102539,0.00010898110435158084,0.055971260070800784,6.593955925772427e-05,0.027822341918945313,6.49217398979415e-05,0.2320211749615438
R4_H2048_alpha1_2_L100_zero_base,R4_H2048_alpha1_2,4,2048,1/2,100,zero,base,LAGRANGIAN_K,32,1,2.7456107330322266,0.005812613594446819,0.4643580758571625,0.0004593405167456956,0.03472627870565333,0.0003572563833654629,0.0,0.0,0.8214897537231446,0.00014985640381300313,0.05394607543945312,5.832945142993287e-05,0.12456417083740234,0.000139124330663744,0.7848609272631231
R4_H2048_alpha1_2_L100_zero_base,R4_H2048_alpha1_2,4,2048,1/2,100,zero,base,LAGRANGIAN_K,32,2,2.191531524658203,0.002238620270221889,0.12728569149971009,0.00018260371367833275,0.02638507557598546,0.00023921355286884752,0.0,0.0,0.9279638290405273,8.561657604935146e-05,0.04848133087158203,5.8626052181146974e-05,0.023554840087890626,4.729674403555838e-05,0.21513907273687688
R4_H2048_alpha1_2_L100_zero_base,R4_H2048_alpha1_2,4,2048,1/2,100,zero,base,LAGRANGIAN_NI,32,1,2.5205960083007812,0.006796952452667389,0.4977625465393066,0.00027186425550408075,0.05252032376273302,0.00029794207785509286,0.0,0.0,0.8118014526367188,0.00011420631562877218,0.053228416442871095,7.244233744315176e-05,0.13497013092041016,7.538150641780239e-05,0.766278168257061
R4_H2048_alpha1_2_L100_zero_base,R4_H2048_alpha1_2,4,2048,1/2,100,zero,base,LAGRANGIAN_NI,32,2,2.034528923034668,0.002941331900928178,0.15182211756706238,0.00027105455967564194,0.04679015302523896,0.0002817450844116717,0.0,0.0,0.9171570205688476,0.00011607914305304288,0.053336181640625,6.246318713581647e-05,0.029506797790527343,7.07251785716579e-05,0.2337218317429391
R4_H2048_alpha1_2_L100_zero_base,R4_H2048_alpha1_2,4,2048,1/2,100,zero,base,LAGRANGIAN_FC,32,1,2.4966123199462893,0.007479296003215636,0.5025929868221283,0.00027582649344943334,0.06563609974819055,0.00035654506573137054,0.0,0.0,0.8468288040161133,8.40614075274485e-05,0.0,0.0,0.1531711959838867,8.406140752744645e-05,0.7658570024488481
R4_H2048_alpha1_2_L100_zero_base,R4_H2048_alpha1_2,4,2048,1/2,100,zero,base,LAGRANGIAN_FC,32,2,2.032658882141113,0.003074052310010645,0.15365613698959352,0.0002758258383945536,0.0606822063784033,0.0003447795971222477,0.0,0.0,0.9531714630126953,8.406120789167377e-05,0.0,0.0,0.046828536987304686,8.406120789167345e-05,0.2341429975511518
R4_H2048_alpha1_2_L100_zero_base,R4_H2048_alpha1_2,4,2048,1/2,100,zero,base,MYOPIC_K,32,1,4.6960834121704105,0.010473290798608119,0.2991572320461273,0.00032081225967539964,0.779996588036841,0.002631179516815734,0.0,0.0,0.9060979080200195,0.00010283144065817716,0.003981781005859375,2.4218654012142502e-05,0.08992031097412109,9.632414499591692e-05,0.45686373763901084
R4_H2048_alpha1_2_L100_zero_base,R4_H2048_alpha1_2,4,2048,1/2,100,zero,base,MYOPIC_K,32,2,1.0349090576171875,0.0019327589703788594,0.3556490206718445,0.0003206539881785802,0.5360497033663071,0.0015937021279133553,0.0,0.0,0.8785034942626954,0.00010579604318157919,0.019116172790527342,3.546599373580382e-05,0.10238033294677734,9.587538356004711e-05,0.5431362623609891
R4_H2048_alpha4_5_L100_zero_base,R4_H2048_alpha4_5,4,2048,4/5,100,zero,base,WHITTLE_K,32,1,1.6519209671020507,0.00442364853938414,0.6441388463973999,0.0006879314551278183,0.0232740343997353,0.00039505505055907456,0.0,0.0,0.7993681335449219,0.00025759953961981716,0.006304206848144531,7.972887646456003e-05,0.1943276596069336,0.00018890605683936847,0.6200004007480598
R4_H2048_alpha4_5_L100_zero_base,R4_H2048_alpha4_5,4,2048,4/5,100,zero,base,WHITTLE_K,32,2,0.9746215438842774,0.0025502902852717418,0.39479410529136655,0.0006434658515111631,0.08025149998502465,0.0005029714236133185,0.0,0.0,0.8459773635864257,0.00018170942810034348,0.04915229797363281,7.742811177998925e-05,0.10487033843994141,0.0002069625962273394,0.37999959925194016
R4_H2048_alpha4_5_L100_zero_base,R4_H2048_alpha4_5,4,2048,4/5,100,zero,base,WHITTLE_P,32,1,1.6600244522094727,0.004449491304698006,0.641992564201355,0.0006652502646460804,0.02684060580959261,0.0004260448765534685,0.0,0.0,0.7973072814941407,0.00026730961252356835,0.010263519287109375,0.00011077201155947683,0.19242919921875,0.00017621245528365442,0.6228912609496704
R4_H2048_alpha4_5_L100_zero_base,R4_H2048_alpha4_5,4,2048,4/5,100,zero,base,WHITTLE_P,32,2,0.9905894088745117,0.002532923077698715,0.3886729860305786,0.0006288460497601891,0.08087832604399406,0.0005206369648300466,0.0,0.0,0.8365751647949219,0.0001866665956622611,0.06558433532714844,9.550379595975949e-05,0.09784049987792968,0.0002011454037746102,0.3771087390503296
R4_H2048_alpha4_5_L100_zero_base,R4_H2048_alpha4_5,4,2048,4/5,100,zero,base,LAGRANGIAN_K,32,1,1.6452149963378906,0.004373257125045505,0.6456708598136902,0.0007369237432016773,0.019424212246118316,0.0003152260408350419,0.0,0.0,0.7991605377197266,0.0002602169029115569,0.005926055908203125,5.907351316241021e-05,0.1949134063720703,0.0002088506157952952,0.6649091261518293
R4_H2048_alpha4_5_L100_zero_base,R4_H2048_alpha4_5,4,2048,4/5,100,zero,base,LAGRANGIAN_K,32,2,1.1455393981933595,0.002017454266167402,0.32539546251296997,0.0004311601193489054,0.07391603968829931,0.0006665996042217661,0.0,0.0,0.8675826263427734,0.00016328798942590064,0.04848846435546875,6.561011432694502e-05,0.08392890930175781,0.00011963424190427995,0.3350908738481707
R4_H2048_alpha4_5_L100_zero_base,R4_H2048_alpha4_5,4,2048,4/5,100,zero,base,LAGRANGIAN_NI,32,1,1.640931053161621,0.004393015188187963,0.6465926742553711,0.0007235425532472746,0.017763768033715592,0.00031000901525248236,0.0,0.0,0.7993142700195313,0.0002572944840154967,0.0052921676635742185,5.94338976139588e-05,0.19539356231689453,0.00020415218544595526,0.6232130892289113
R4_H2048_alpha4_5_L100_zero_base,R4_H2048_alpha4_5,4,2048,4/5,100,zero,base,LAGRANGIAN_NI,32,2,0.9915218353271484,0.0026027392902943113,0.3909219181537628,0.0006695275868545654,0.08673590306379478,0.0006005330484088533,0.0,0.0,0.8481469345092774,0.00023770188348971907,0.04770931243896484,8.105199701102225e-05,0.10414375305175781,0.00019205601804360347,0.37678691077108867
R4_H2048_alpha4_5_L100_zero_base,R4_H2048_alpha4_5,4,2048,4/5,100,zero,base,LAGRANGIAN_FC,32,1,1.6386537170410156,0.004383989609712709,0.6473252713680268,0.0007291119234632725,0.017522751763878224,0.00030161448148370356,0.0,0.0,0.8027199172973633,0.0002222055385792821,0.0,0.0,0.19728008270263672,0.000222205538579283,0.6210016760725099
R4_H2048_alpha4_5_L100_zero_base,R4_H2048_alpha4_5,4,2048,4/5,100,zero,base,LAGRANGIAN_FC,32,2,0.9871416091918945,0.0026650247345300785,0.3950636565685272,0.0006737620401976855,0.09357726528179534,0.0005832437344531799,0.0,0.0,0.8795996475219726,0.00020533700272691433,0.0,0.0,0.12040035247802734,0.00020533700272691365,0.3789983239274901
R4_H2048_alpha4_5_L100_zero_base,R4_H2048_alpha4_5,4,2048,4/5,100,zero,base,MYOPIC_K,32,1,2.751879081726074,0.0073247300337916715,0.47011895298957823,0.00034030631410939677,0.6797492666687389,0.0024096832563196727,0.0,0.0,0.8521682357788086,0.00010946646140383503,0.006646232604980469,3.0115037641564628e-05,0.14118553161621095,0.00010236738100369603,0.4500791591763343
R4_H2048_alpha4_5_L100_zero_base,R4_H2048_alpha4_5,4,2048,4/5,100,zero,base,MYOPIC_K,32,2,0.5260071563720703,0.0010946738237308299,0.5744060897827148,0.000328276271774953,0.0893347425667494,0.000336088098060054,0.0,0.0,0.8078372192382812,0.00010510256535991108,0.02494579315185547,5.4149566678270084e-05,0.16721698760986328,0.00010225126879080368,0.5499208408236658
R16_H2048_alpha1_4_L100_zero_base,R16_H2048_alpha1_4,16,2048,1/4,100,zero,base,WHITTLE_K,32,1,17.302968101501467,0.12041313900904746,0.3246290588378906,2.9623339596144294e-05,0.6358402485749077,0.010721909847093673,0.0,0.0,0.8705615234375,0.00014684033981444072,0.04448486328125,0.0002131795824430643,0.08495361328125,6.72244198388265e-05,0.9978865963004937
R16_H2048_alpha1_4_L100_zero_base,R16_H2048_alpha1_4,16,2048,1/4,100,zero,base,WHITTLE_K,32,2,3.9714519500732424,0.005608185016952507,0.0006875252723693848,3.194311031249437e-05,0.011583285795317925,0.0008271401928031597,0.0,0.0,0.9994820404052734,2.1651282315365753e-05,0.00044979095458984374,1.7875506262552087e-05,6.816864013671875e-05,4.876073486080418e-06,0.0021134036995063272
R16_H2048_alpha1_4_L100_zero_base,R16_H2048_alpha1_4,16,2048,1/4,100,zero,base,WHITTLE_P,32,1,17.83250484466553,0.12225062025182547,0.3157681703567505,4.815098628050384e-05,0.649338347144413,0.013193152792490233,0.0,0.0,0.8580555725097656,0.00017088612938432986,0.06666088104248047,0.000248373783067738,0.07528354644775391,7.948522364105595e-05,0.9978120505186255
R16_H2048_alpha1_4_L100_zero_base,R16_H2048_alpha1_4,16,2048,1/4,100,zero,base,WHITTLE_P,32,2,3.970287055969238,0.005471039171543314,0.0006923997402191162,2.9381352849350326e-05,0.011141824920950765,0.0006960931025599312,0.0,0.0,0.9993898391723632,2.4186526659247543e-05,0.0005820846557617188,2.2420396463363765e-05,2.8076171875e-05,2.606270565761264e-06,0.0021879494813744145
R16_H2048_alpha1_4_L100_zero_base,R16_H2048_alpha1_4,16,2048,1/4,100,zero,base,LAGRANGIAN_K,32,1,19.152786140441894,0.10045465718578808,0.2875967574119568,0.0008159831576647462,0.45046439092258,0.011679562997207795,0.0,0.0,0.8732123565673828,0.0003191032631568408,0.05707786560058594,0.0001663236586750532,0.06970977783203125,0.0002284948543598917,0.9996622415053913
R16_H2048_alpha1_4_L100_zero_base,R16_H2048_alpha1_4,16,2048,1/4,100,zero,base,LAGRANGIAN_K,32,2,3.99317195892334,0.005660255265625215,9.717106819152832e-05,4.8780593100712015e-06,0.00040452052735108734,4.1133155144647225e-05,0.0,0.0,0.9999081039428711,4.507277816712671e-06,9.082794189453125e-05,4.446420414695112e-06,1.068115234375e-06,3.5415832749790996e-07,0.00033775849460873625
R16_H2048_alpha1_4_L100_zero_base,R16_H2048_alpha1_4,16,2048,1/4,100,zero,base,LAGRANGIAN_NI,32,1,17.362240715026857,0.11946680034183348,0.3239055669307709,2.1311818288381546e-05,0.6292730263313363,0.01122763140325548,0.0,0.0,0.8594600296020508,0.00013851064507662157,0.06099609375,0.00020527166179236576,0.07954387664794922,6.716539425857026e-05,0.9988024700539767
R16_H2048_alpha1_4_L100_zero_base,R16_H2048_alpha1_4,16,2048,1/4,100,zero,base,LAGRANGIAN_NI,32,2,3.9810248947143556,0.005546079560782861,0.0003883516788482666,1.9673940931606237e-05,0.004382059080501489,0.0004600175261767732,0.0,0.0,0.9996751022338868,1.4778717592227379e-05,0.00030120849609375,1.3009202028020425e-05,2.368927001953125e-05,2.3478514249184175e-06,0.0011975299460233152
R16_H2048_alpha1_4_L100_zero_base,R16_H2048_alpha1_4,16,2048,1/4,100,zero,base,LAGRANGIAN_FC,32,1,17.171601333618163,0.11764461793391141,0.3278229653835297,1.648331456050123e-05,0.7363295782378336,0.012497956722691165,0.0,0.0,0.9000920486450196,5.023486342247952e-06,0.0,0.0,0.09990795135498047,5.023486342247792e-06,0.9990795135498047
R16_H2048_alpha1_4_L100_zero_base,R16_H2048_alpha1_4,16,2048,1/4,100,zero,base,LAGRANGIAN_FC,32,2,3.985303497314453,0.005612257345049655,0.0003020346164703369,1.6483314560501024e-05,0.004526236411520038,0.0004566716954104952,0.0,0.0,0.9999079513549805,5.023486342247902e-06,0.0,0.0,9.204864501953125e-05,5.02348634224793e-06,0.0009204864501953125
R16_H2048_alpha1_4_L100_zero_base,R16_H2048_alpha1_4,16,2048,1/4,100,zero,base,MYOPIC_K,32,1,31.046615409851075,0.1347592387513302,0.1521814227104187,0.000472842044443846,5.039356526868279,0.037097246027821475,0.0,0.0,0.9534235382080078,0.00014483695448012042,0.00028781890869140626,4.972354996840193e-06,0.046288642883300785,0.0001437941896734687,0.46440761168622274
R16_H2048_alpha1_4_L100_zero_base,R16_H2048_alpha1_4,16,2048,1/4,100,zero,base,MYOPIC_K,32,2,1.8618507766723633,0.004080527741986423,0.17550791501998902,0.00047083615717095684,7.33621015334793,0.022596572390891016,0.0,0.0,0.9419293975830079,0.0001668711928778914,0.006682777404785156,3.985368900453734e-05,0.05138782501220703,0.0001332810585698297,0.5355923883137772
R16_H2048_alpha1_2_L100_zero_base,R16_H2048_alpha1_2,16,2048,1/2,100,zero,base,WHITTLE_K,32,1,7.641525802612304,0.06560170620386427,0.5911089384555817,0.001205585585034705,0.24764484402643805,0.0069274395543114835,0.0,0.0,0.8052653121948242,0.0005354228756993223,0.02127300262451172,0.0002657211425895823,0.17346168518066407,0.0002960822136556994,0.904141238418295
R16_H2048_alpha1_2_L100_zero_base,R16_H2048_alpha1_2,16,2048,1/2,100,zero,base,WHITTLE_K,32,2,3.0814318466186523,0.012938259529126351,0.06267048597335816,0.0012042661410182455,0.3492486376639805,0.00859249640199759,0.0,0.0,0.9685590362548828,0.0005313169438364917,0.017997856140136718,0.0002436869874222293,0.01344310760498047,0.00029276921470589425,0.09585876158170514
R16_H2048_alpha1_2_L100_zero_base,R16_H2048_alpha1_2,16,2048,1/2,100,zero,base,WHITTLE_P,32,1,7.762479400634765,0.06981455520988616,0.5854139792919159,0.001173603705702313,0.2717033052238963,0.008137202757100132,0.0,0.0,0.7975033950805664,0.0006329714162095473,0.035123558044433595,0.0004188396760919675,0.16737304687500001,0.00024096195343123962,0.9076987960660695
R16_H2048_alpha1_2_L100_zero_base,R16_H2048_alpha1_2,16,2048,1/2,100,zero,base,WHITTLE_P,32,2,3.099422950744629,0.01336768721548812,0.059529014825820924,0.0011813702665716545,0.3151864223939355,0.008237156078666407,0.0,0.0,0.9644150924682617,0.0006014946224596812,0.02543731689453125,0.00035733319296409706,0.010147590637207032,0.0002516855665954913,0.09230120393393043
R16_H2048_alpha1_2_L100_zero_base,R16_H2048_alpha1_2,16,2048,1/2,100,zero,base,LAGRANGIAN_K,32,1,7.901634216308594,0.06448520685611188,0.5758958458900452,0.0013283838020066584,0.243658535057726,0.0076376695144942585,0.0,0.0,0.7978615570068359,0.0004435326999127864,0.03883152008056641,0.00010243305953638591,0.16330692291259766,0.0003900625905656535,0.9673696219513164
R16_H2048_alpha1_2_L100_zero_base,R16_H2048_alpha1_2,16,2048,1/2,100,zero,base,LAGRANGIAN_K,32,2,3.5044800567626955,0.005472922674094216,0.019425562620162963,0.00018655435362535178,0.04542343446232716,0.0010103665872805937,0.0,0.0,0.9848761367797851,0.0001365493127091099,0.01342205047607422,0.00011750600469133485,0.001701812744140625,2.2529782110873407e-05,0.03263037804868371
R16_H2048_alpha1_2_L100_zero_base,R16_H2048_alpha1_2,16,2048,1/2,100,zero,base,LAGRANGIAN_NI,32,1,7.645247077941894,0.0664147776918523,0.5908287799358368,0.0012016634181611031,0.24251628047301016,0.007150050020478128,0.0,0.0,0.8024197769165039,0.0005286891705552731,0.02554725646972656,0.000259034448732409,0.17203296661376954,0.000297602367498898,0.9047630905586316
R16_H2048_alpha1_2_L100_zero_base,R16_H2048_alpha1_2,16,2048,1/2,100,zero,base,LAGRANGIAN_NI,32,2,3.0920298004150393,0.013081675460036853,0.06219164729118347,0.0011866186462736637,0.35061425213920416,0.00801476569767675,0.0,0.0,0.9644076919555664,0.0006207438487072665,0.024264717102050783,0.0003804694847388612,0.011327590942382813,0.00024415281288427213,0.09523690944136846
R16_H2048_alpha1_2_L100_zero_base,R16_H2048_alpha1_2,16,2048,1/2,100,zero,base,LAGRANGIAN_FC,32,1,7.591866416931152,0.06980507767546304,0.5943146288394928,0.0013064374886860442,0.25143483294370095,0.007707446314972526,0.0,0.0,0.8188755416870117,0.0003981523775043188,0.0,0.0,0.1811244583129883,0.0003981523775043181,0.9056428473470373
R16_H2048_alpha1_2_L100_zero_base,R16_H2048_alpha1_2,16,2048,1/2,100,zero,base,LAGRANGIAN_FC,32,2,3.1274506759643557,0.014048931527649841,0.06192047595977783,0.001305687661229499,0.38278432488143527,0.008930111341949699,0.0,0.0,0.9811289978027344,0.00039792385866042006,0.0,0.0,0.018871002197265625,0.00039792385866041876,0.09435715265296282
R16_H2048_alpha1_2_L100_zero_base,R16_H2048_alpha1_2,16,2048,1/2,100,zero,base,MYOPIC_K,32,1,18.828970527648927,0.09177487925284791,0.29431711077690126,0.0006811168305177648,6.396732363880746,0.033774218746929686,0.0,0.0,0.9098611831665039,0.0002061020668388054,0.00064483642578125,7.0299489174541584e-06,0.08949398040771485,0.00020828893424517384,0.44921663343198737
R16_H2048_alpha1_2_L100_zero_base,R16_H2048_alpha1_2,16,2048,1/2,100,zero,base,MYOPIC_K,32,2,1.0209782028198242,0.002745240994252081,0.36086145758628846,0.0006786899952937901,3.322275795170178,0.009856706568852272,0.0,0.0,0.8787092971801758,0.0002335999451469159,0.016499404907226563,5.24415461443888e-05,0.10479129791259766,0.0001955618380780757,0.5507833665680127
R16_H2048_alpha1_2_L100_zero_double_burn,R16_H2048_alpha1_2,16,2048,1/2,100,zero,double_burn,WHITTLE_K,32,1,7.631452178955078,0.06649957339892208,0.5916139769554138,0.0011671633100132565,0.2419348447836219,0.005957667599806771,0.0,0.0,0.8051880645751953,0.0005165833886263615,0.02116119384765625,0.0002486061615112819,0.17365074157714844,0.00028571572289564067,0.9048999682226772
R16_H2048_alpha1_2_L100_zero_double_burn,R16_H2048_alpha1_2,16,2048,1/2,100,zero,double_burn,WHITTLE_K,32,2,3.0845264053344725,0.011480299837067462,0.06217538952827454,0.00116678300478991,0.3419074221861943,0.00810919127608549,0.0,0.0,0.9686928939819336,0.0005117431322669703,0.018022689819335937,0.00023203420116599838,0.013284416198730468,0.00028511612637350603,0.09510003177732286
R16_H2048_alpha1_2_L100_zero_double_burn,R16_H2048_alpha1_2,16,2048,1/2,100,zero,double_burn,WHITTLE_P,32,1,7.750205917358398,0.06829540690558411,0.5859140610694885,0.001113073138363359,0.2664025793258373,0.006898581389576552,0.0,0.0,0.7975325775146485,0.0006037007409381699,0.03485874176025391,0.0003968423769325506,0.16760868072509766,0.0002242013218408482,0.90843026961508
R16_H2048_alpha1_2_L100_zero_double_burn,R16_H2048_alpha1_2,16,2048,1/2,100,zero,double_burn,WHITTLE_P,32,2,3.1006637954711915,0.011666322364843565,0.0590601110458374,0.0011242335299523633,0.30836832913263573,0.007733393601836699,0.0,0.0,0.9645262145996094,0.0005756365121365773,0.025483665466308595,0.0003448167012807705,0.009990119934082031,0.00023809880140723258,0.09156973038492003
R16_H2048_alpha1_2_L100_zero_double_burn,R16_H2048_alpha1_2,16,2048,1/2,100,zero,double_burn,LAGRANGIAN_K,32,1,7.8918661117553714,0.06352892528875322,0.5764017820358276,0.0013581134836511527,0.2396208103775095,0.006427337519594997,0.0,0.0,0.7977980041503906,0.0004477836984309804,0.0386993408203125,8.646063208844435e-05,0.16350265502929687,0.00040035256156855406,0.9671974523305895
R16_H2048_alpha1_2_L100_zero_double_burn,R16_H2048_alpha1_2,16,2048,1/2,100,zero,double_burn,LAGRANGIAN_K,32,2,3.5054084396362306,0.004943993277358221,0.019548693895339964,0.000176243520995836,0.04485156495298352,0.0008186780726963156,0.0,0.0,0.9848034286499023,0.00012603891441713826,0.013473358154296875,0.00010664804843075486,0.0017232131958007813,2.2381671379633306e-05,0.032802547669410445
R16_H2048_alpha1_2_L100_zero_double_burn,R16_H2048_alpha1_2,16,2048,1/2,100,zero,double_burn,LAGRANGIAN_NI,32,1,7.623056526184082,0.06777434013485767,0.5912704467773438,0.0011748119388188677,0.23613973296995647,0.00617404950539817,0.0,0.0,0.802374267578125,0.0005313606703393264,0.025417327880859375,0.0002655651442548762,0.17220840454101563,0.0002823165692442681,0.9054055787233457
R16_H2048_alpha1_2_L100_zero_double_burn,R16_H2048_alpha1_2,16,2048,1/2,100,zero,double_burn,LAGRANGIAN_NI,32,2,3.092485580444336,0.011999638594091292,0.06177439928054809,0.0011633338796568473,0.3440257021323609,0.007830825152701644,0.0,0.0,0.9645900726318359,0.0006067427665124793,0.024184188842773437,0.00036966295930128786,0.011225738525390626,0.0002398506273367084,0.09459442127665432
R16_H2048_alpha1_2_L100_zero_double_burn,R16_H2048_alpha1_2,16,2048,1/2,100,zero,double_burn,LAGRANGIAN_FC,32,1,7.578052673339844,0.06683370474132828,0.5950125753879547,0.0011681274683025852,0.24432254998712324,0.006602664963434819,0.0,0.0,0.8186628341674804,0.0003560007522445969,0.0,0.0,0.18133716583251952,0.0003560007522445977,0.9067029502090589
R16_H2048_alpha1_2_L100_zero_double_burn,R16_H2048_alpha1_2,16,2048,1/2,100,zero,double_burn,LAGRANGIAN_FC,32,2,3.1280448150634768,0.011685855673556027,0.06122503280639648,0.001168001458980713,0.3748108436421773,0.007819967339538306,0.0,0.0,0.9813409423828124,0.000355962349403647,0.0,0.0,0.0186590576171875,0.00035596234940364586,0.09329704979094111
R16_H2048_alpha1_2_L100_zero_double_burn,R16_H2048_alpha1_2,16,2048,1/2,100,zero,double_burn,MYOPIC_K,32,1,18.70244495391846,0.09746795391992684,0.29298850178718566,0.0008162796799426583,6.350725924011159,0.03330308604480218,0.0,0.0,0.910264549255371,0.0002486493670901023,0.0006470870971679687,6.222062045538702e-06,0.08908836364746094,0.000248851103857635,0.4471954932545446
R16_H2048_alpha1_2_L100_zero_double_burn,R16_H2048_alpha1_2,16,2048,1/2,100,zero,double_burn,MYOPIC_K,32,2,1.0198526000976562,0.0027783731676890833,0.36218022465705874,0.0008129957395483565,3.3373717270056726,0.011108325250303513,0.0,0.0,0.8782009506225585,0.0002855146723145566,0.016654624938964843,7.067581248972555e-05,0.10514442443847656,0.0002318066276178838,0.5528045067454554
R16_H2048_alpha1_2_L100_zero_double_horizon,R16_H2048_alpha1_2,16,2048,1/2,100,zero,double_horizon,WHITTLE_K,32,1,7.62575532913208,0.047713126294468805,0.5915632456541061,0.0007776826121618942,0.24226922107027415,0.005100020753239527,0.0,0.0,0.8052225685119629,0.0003592174712451319,0.0211334228515625,0.00019017865007616244,0.1736440086364746,0.00018478012011797246,0.9048226446540898
R16_H2048_alpha1_2_L100_zero_double_horizon,R16_H2048_alpha1_2,16,2048,1/2,100,zero,double_horizon,WHITTLE_K,32,2,3.0822173309326173,0.008427804794976856,0.06222592413425446,0.0007779167562314687,0.3429767390918818,0.005092265253733767,0.0,0.0,0.968663158416748,0.0003492418775921487,0.018043594360351564,0.0001684897195124226,0.01329324722290039,0.00018704902593872827,0.09517735534591028
R16_H2048_alpha1_2_L100_zero_double_horizon,R16_H2048_alpha1_2,16,2048,1/2,100,zero,double_horizon,WHITTLE_P,32,1,7.748118953704834,0.0502013858032013,0.5857758682966232,0.0007569623049476651,0.2670426933597465,0.0059361970658267805,0.0,0.0,0.7975332069396973,0.0004320583872208609,0.03491924285888672,0.00030693252491688784,0.167547550201416,0.00014717532923489685,0.908234160984083
R16_H2048_alpha1_2_L100_zero_double_horizon,R16_H2048_alpha1_2,16,2048,1/2,100,zero,double_horizon,WHITTLE_P,32,2,3.099137477874756,0.008595006822314599,0.05918541312217712,0.0007624705832712371,0.3100431950831026,0.00502265307401914,0.0,0.0,0.9644816970825195,0.00039927149538745635,0.025492897033691408,0.00024853097123134004,0.010025405883789062,0.00015840289236735845,0.09176583901591692
R16_H2048_alpha1_2_L100_zero_double_horizon,R16_H2048_alpha1_2,16,2048,1/2,100,zero,double_horizon,LAGRANGIAN_K,32,1,7.882460250854492,0.04731967641793328,0.5763512885570526,0.0009699966019449921,0.2387359793677001,0.005629594425485227,0.0,0.0,0.7977876663208008,0.00031507221113258153,0.03873685836791992,5.717007941820091e-05,0.1634754753112793,0.0002880486103004333,0.9671985590041184
R16_H2048_alpha1_2_L100_zero_double_horizon,R16_H2048_alpha1_2,16,2048,1/2,100,zero,double_horizon,LAGRANGIAN_K,32,2,3.5025225830078126,0.003794205504985831,0.019546299576759338,0.0001431836382591996,0.0447076603010387,0.0007294280324827296,0.0,0.0,0.9847904777526856,0.00010626605719117637,0.013493309020996094,9.186718555300508e-05,0.0017162132263183593,1.592644950631413e-05,0.03280144099588151
R16_H2048_alpha1_2_L100_zero_double_horizon,R16_H2048_alpha1_2,16,2048,1/2,100,zero,double_horizon,LAGRANGIAN_NI,32,1,7.6279028701782225,0.04881174481387018,0.5913143402338028,0.0007868418971322994,0.2373092921169916,0.005383317516277315,0.0,0.0,0.8023318290710449,0.0003632773157665456,0.025459709167480468,0.00019312790361566566,0.1722084617614746,0.0001873381343038895,0.9054820427266554
R16_H2048_alpha1_2_L100_zero_double_horizon,R16_H2048_alpha1_2,16,2048,1/2,100,zero,double_horizon,LAGRANGIAN_NI,32,2,3.091768054962158,0.00865689229824532,0.06172383427619934,0.0007794831888936211,0.34457821920764203,0.004868547706840767,0.0,0.0,0.9645872116088867,0.0004088468941676222,0.02421083450317383,0.00025182447466834266,0.011201953887939453,0.00016004996575955127,0.09451795727334461
R16_H2048_alpha1_2_L100_zero_double_horizon,R16_H2048_alpha1_2,16,2048,1/2,100,zero,double_horizon,LAGRANGIAN_FC,32,1,7.56912052154541,0.04750931914571687,0.5948701322078704,0.0007969595654680812,0.24462723450932458,0.005479258949891382,0.0,0.0,0.8187062454223633,0.00024288291519027178,0.0,0.0,0.18129375457763672,0.00024288291519027142,0.9064847659761147
R16_H2048_alpha1_2_L100_zero_double_horizon,R16_H2048_alpha1_2,16,2048,1/2,100,zero,double_horizon,LAGRANGIAN_FC,32,2,3.1263866996765137,0.008735189508607157,0.0613682895898819,0.0007966993363376624,0.3764950605355553,0.005075325214496271,0.0,0.0,0.9812972831726074,0.0002428036072648103,0.0,0.0,0.01870271682739258,0.00024280360726481142,0.0935152340238852
R16_H2048_alpha1_2_L100_zero_double_horizon,R16_H2048_alpha1_2,16,2048,1/2,100,zero,double_horizon,MYOPIC_K,32,1,18.77160604476929,0.07385090095559592,0.29380288302898405,0.0005855209293605815,6.368782640882932,0.026210975631923084,0.0,0.0,0.9100196266174316,0.00017723419413706235,0.0006423187255859375,5.682531945213006e-06,0.08933805465698243,0.00017902479685175812,0.44843486820156636
R16_H2048_alpha1_2_L100_zero_double_horizon,R16_H2048_alpha1_2,16,2048,1/2,100,zero,double_horizon,MYOPIC_K,32,2,1.0201479148864747,0.0019984289285197667,0.3613711541891098,0.0005830422103467129,3.3282380444867403,0.0080147124312464,0.0,0.0,0.8785016059875488,0.0002048421883332134,0.016575756072998046,4.7913171655215805e-05,0.10492263793945313,0.00016593439804173305,0.5515651317984337
R16_H2048_alpha4_5_L100_zero_base,R16_H2048_alpha4_5,16,2048,4/5,100,zero,base,WHITTLE_K,32,1,6.367528457641601,0.0412523150119405,0.6537139177322387,0.002355517711633216,0.014357488502289857,0.0009901472363278252,0.0,0.0,0.8003849792480469,0.0007325926238140326,0.0005657196044921875,3.92663136794388e-05,0.19904930114746094,0.0007113639762752728,0.6309679132136525
R16_H2048_alpha4_5_L100_zero_base,R16_H2048_alpha4_5,16,2048,4/5,100,zero,base,WHITTLE_K,32,2,1.1030368041992187,0.00909454489829251,0.3823354661464691,0.0021148450537910985,0.17709862961193357,0.0035391323384028287,0.0,0.0,0.8529375076293946,0.0006533265457253617,0.044539260864257815,8.416726804510722e-05,0.10252323150634765,0.0006421852052333911,0.3690320867863474
R16_H2048_alpha4_5_L100_zero_base,R16_H2048_alpha4_5,16,2048,4/5,100,zero,base,WHITTLE_P,32,1,6.372244644165039,0.041107122835162886,0.6535747790336609,0.002346165329681003,0.017529030318599738,0.0011514614264857483,0.0,0.0,0.8000580596923829,0.0007426191123703144,0.0011043167114257813,6.529412828941692e-05,0.1988376235961914,0.0007029642557450544,0.6354711713710988
R16_H2048_alpha4_5_L100_zero_base,R16_H2048_alpha4_5,16,2048,4/5,100,zero,base,WHITTLE_P,32,2,1.1276805877685547,0.009160554670436402,0.3749137008190155,0.002119040897447016,0.18332495799227028,0.0036675774981633803,0.0,0.0,0.8449524307250976,0.0006251141600704236,0.05948272705078125,0.00013096360127288334,0.0955648422241211,0.0006591685583215972,0.36452882862890135
R16_H2048_alpha4_5_L100_zero_base,R16_H2048_alpha4_5,16,2048,4/5,100,zero,base,LAGRANGIAN_K,32,1,6.364440231323242,0.04098482007202493,0.6538660526275635,0.002363614478838927,0.012088139838109444,0.0008602473345970975,0.0,0.0,0.8006820678710938,0.0007219295060993807,6.4849853515625e-05,6.10443846586282e-06,0.19925308227539062,0.0007196179304966289,0.6791063452541029
R16_H2048_alpha4_5_L100_zero_base,R16_H2048_alpha4_5,16,2048,4/5,100,zero,base,LAGRANGIAN_K,32,2,1.2715678024291992,0.007784101553008771,0.3089670252799988,0.0011660776942315893,0.158699897636201,0.004138629062877752,0.0,0.0,0.874535903930664,0.0005144882740917798,0.04564979553222656,0.0002369285779450831,0.07981430053710938,0.0002837226065912328,0.3208936547458972
R16_H2048_alpha4_5_L100_zero_base,R16_H2048_alpha4_5,16,2048,4/5,100,zero,base,LAGRANGIAN_NI,32,1,6.364198951721192,0.040956616767313915,0.6538536822795868,0.002362897423047586,0.012080919271652174,0.000859979894043792,0.0,0.0,0.8006860733032226,0.0007216822315242144,6.450653076171875e-05,6.056601436945073e-06,0.19924942016601563,0.0007194124902030391,0.6320194007564298
R16_H2048_alpha4_5_L100_zero_base,R16_H2048_alpha4_5,16,2048,4/5,100,zero,base,LAGRANGIAN_NI,32,2,1.1101069641113281,0.00924037115590229,0.3806931710243225,0.002087673359812984,0.17903079658248477,0.0037926069825259864,0.0,0.0,0.854228744506836,0.0007456715543564671,0.04338611602783203,0.00018445141991570155,0.10238513946533204,0.0005883781744551342,0.36798059924357024
R16_H2048_alpha4_5_L100_zero_base,R16_H2048_alpha4_5,16,2048,4/5,100,zero,base,LAGRANGIAN_FC,32,1,6.36380859375,0.04095875875460842,0.6538403570652008,0.00236220234414654,0.01202157723866749,0.0008523312892499302,0.0,0.0,0.8007343673706054,0.0007199092858351348,0.0,0.0,0.19926563262939453,0.0007199092858351356,0.6293616874645478
R16_H2048_alpha4_5_L100_zero_base,R16_H2048_alpha4_5,16,2048,4/5,100,zero,base,LAGRANGIAN_FC,32,2,1.1044198989868164,0.009125537817940566,0.3850540816783905,0.002114530668865058,0.18490096930158398,0.003695136212745483,0.0,0.0,0.8826501846313477,0.0006444283943207805,0.0,0.0,0.11734981536865234,0.0006444283943207793,0.3706383125354523
R16_H2048_alpha4_5_L100_zero_base,R16_H2048_alpha4_5,16,2048,4/5,100,zero,base,MYOPIC_K,32,1,11.143263511657715,0.08208540530589728,0.4632277607917786,0.0009956526361323134,4.250107933629039,0.03520293578309265,0.0,0.0,0.8581789398193359,0.0003052065110885755,0.0009433746337890625,1.2153933005396268e-05,0.140877685546875,0.0003026992031152576,0.44324478366260117
R16_H2048_alpha4_5_L100_zero_base,R16_H2048_alpha4_5,16,2048,4/5,100,zero,base,MYOPIC_K,32,2,0.5138297653198242,0.0016171380932175148,0.581855628490448,0.0009010839040568906,0.09707580670926592,0.0007701879868634286,0.0,0.0,0.8088126373291016,0.0002456646171868842,0.02021240234375,8.877678349480506e-05,0.17097496032714843,0.00029119542180922314,0.5567552163373988
R64_H2048_alpha1_4_L100_zero_base,R64_H2048_alpha1_4,64,2048,1/4,100,zero,base,WHITTLE_K,32,1,69.19984369277954,0.44872063392419126,0.32534690380096437,1.667988509372125e-05,2.6097556735386744,0.04513957022857041,0.0,0.0,0.870887451171875,0.0001183755002976657,0.04369050979614258,0.00017695583178477847,0.08542203903198242,5.87921234837243e-05,0.99985722619518
R64_H2048_alpha1_4_L100_zero_base,R64_H2048_alpha1_4,64,2048,1/4,100,zero,base,WHITTLE_K,32,2,4.001472501754761,0.0024051158619450455,4.645764827728271e-05,1.3180999060144647e-05,0.009242547519034914,0.0026659157988018203,0.0,0.0,0.9999750709533691,6.690620458780847e-06,1.5707015991210936e-05,3.925605865298065e-06,9.222030639648437e-06,2.803410592062968e-06,0.00014277380482001528
R64_H2048_alpha1_4_L100_zero_base,R64_H2048_alpha1_4,64,2048,1/4,100,zero,base,WHITTLE_P,32,1,71.41138704299927,0.42371219239103153,0.31642491281032564,4.1290618002224746e-05,2.6442487217773363,0.04489279596881032,0.0,0.0,0.8583518409729004,0.0001376509381378529,0.06593693733215332,0.0002035882429329658,0.07571122169494629,6.762469471106408e-05,0.9999000821131443
R64_H2048_alpha1_4_L100_zero_base,R64_H2048_alpha1_4,64,2048,1/4,100,zero,base,WHITTLE_P,32,2,4.001758441925049,0.0024227121412124706,3.161966800689697e-05,1.1944791221833787e-05,0.0062862759815466565,0.0024098188188775185,0.0,0.0,0.99997953414917,7.357418758024883e-06,1.57928466796875e-05,5.446702406145691e-06,4.673004150390625e-06,1.959377205931488e-06,9.991788685563613e-05
R64_H2048_alpha1_4_L100_zero_base,R64_H2048_alpha1_4,64,2048,1/4,100,zero,base,LAGRANGIAN_K,32,1,76.67327597618103,0.33487951991226494,0.28761779844760893,0.000542527982015007,1.781071119434603,0.03682897777203633,0.0,0.0,0.873377513885498,0.0001984490877878798,0.056827659606933596,0.00014074219120179242,0.06979482650756835,0.00016746104086875504,1.0
R64_H2048_alpha1_4_L100_zero_base,R64_H2048_alpha1_4,64,2048,1/4,100,zero,base,LAGRANGIAN_K,32,2,4.0023298263549805,0.0024325883637202734,0.0,0.0,0.0,0.0,0.0,0.0,1.0,0.0,0.0,0.0,0.0,0.0,0.0
R64_H2048_alpha1_4_L100_zero_base,R64_H2048_alpha1_4,64,2048,1/4,100,zero,base,LAGRANGIAN_NI,32,1,69.35777978897094,0.4504960016733659,0.3242964488267899,1.7557355379197564e-05,2.5719459264420608,0.039527836634893294,0.0,0.0,0.8596029472351074,0.0001449849782548788,0.06061394691467285,0.00021696361224311079,0.07978310585021972,7.212301410557538e-05,0.9998830858316552
R64_H2048_alpha1_4_L100_zero_base,R64_H2048_alpha1_4,64,2048,1/4,100,zero,base,LAGRANGIAN_NI,32,2,4.001597299575805,0.002435622830806815,3.7919282913208005e-05,1.1576263781495869e-05,0.0075437433269234,0.0023339901172657355,0.0,0.0,0.9999636459350586,1.1161167963632173e-05,3.6163330078125e-05,1.1132559182437509e-05,1.9073486328124998e-07,8.306879268394062e-08,0.0001169141683448797
R64_H2048_alpha1_4_L100_zero_base,R64_H2048_alpha1_4,64,2048,1/4,100,zero,base,LAGRANGIAN_FC,32,1,68.79647028923034,0.404740852208384,0.32807458788156507,1.4516948986459464e-05,2.9953531751012195,0.03936889209346906,0.0,0.0,0.9000153636932373,4.42421302444476e-06,0.0,0.0,0.0999846363067627,4.424213024444958e-06,0.9998463630676269
R64_H2048_alpha1_4_L100_zero_base,R64_H2048_alpha1_4,64,2048,1/4,100,zero,base,LAGRANGIAN_FC,32,2,4.001378049850464,0.002446174688942515,5.0412118434906005e-05,1.4516948986459611e-05,0.010061420535235364,0.0029380665695143055,0.0,0.0,0.9999846363067627,4.42421302444593e-06,0.0,0.0,1.5363693237304687e-05,4.4242130244448335e-06,0.00015363693237304687
R64_H2048_alpha1_4_L100_zero_base,R64_H2048_alpha1_4,64,2048,1/4,100,zero,base,MYOPIC_K,32,1,124.27587262153625,0.41779043906464486,0.1521514078974724,0.0004289144989614517,20.09924894230665,0.1152794581999683,1.1539459228515625e-06,8.598692835153725e-07,0.9535855197906494,0.0001303483623895418,6.493568420410157e-05,1.5144371004181122e-06,0.04634954452514649,0.00013088807376915106,0.4642657205461985
R64_H2048_alpha1_4_L100_zero_base,R64_H2048_alpha1_4,64,2048,1/4,100,zero,base,MYOPIC_K,32,2,1.8619568061828613,0.002773247113966595,0.1755734297633171,0.0004277341750800751,35.905707282889175,0.08976304116702773,0.0,0.0,0.9421460819244385,0.00014331356154997427,0.006337661743164062,2.394815780418826e-05,0.05151625633239746,0.00012469183652472516,0.5357342794538014
R64_H2048_alpha1_4_L100_zero_double_burn,R64_H2048_alpha1_4,64,2048,1/4,100,zero,double_burn,WHITTLE_K,32,1,69.23874817848206,0.5048858971012347,0.3253448948264122,1.1098874984507687e-05,2.6277226308835178,0.044288003502057964,0.0,0.0,0.8707352161407471,0.00010658622669727056,0.043913412094116214,0.0001586773365544369,0.08535137176513671,5.2182131013930515e-05,0.9998930758905523
R64_H2048_alpha1_4_L100_zero_double_burn,R64_H2048_alpha1_4,64,2048,1/4,100,zero,double_burn,WHITTLE_K,32,2,3.9985737514495847,0.0036902783981582928,3.4790933132171634e-05,8.493572574758826e-06,0.006892312664597266,0.0016950820241620323,0.0,0.0,0.9999814319610596,4.4591417640232855e-06,1.1615753173828125e-05,2.765417884402567e-06,6.9522857666015625e-06,1.7497100679496514e-06,0.00010692410944757669
R64_H2048_alpha1_4_L100_zero_double_burn,R64_H2048_alpha1_4,64,2048,1/4,100,zero,double_burn,WHITTLE_P,32,1,71.61218505859375,0.5240030443379001,0.31647115141153337,3.0292714565112522e-05,2.631831821119288,0.04642828599693653,0.0,0.0,0.8583409404754638,0.00013910976002233838,0.06593228340148925,0.00020622675403553323,0.07572677612304687,6.797979319159775e-05,0.9999417550234082
R64_H2048_alpha1_4_L100_zero_double_burn,R64_H2048_alpha1_4,64,2048,1/4,100,zero,double_burn,WHITTLE_P,32,2,3.998889617919922,0.003692419440780396,1.8433928489685058e-05,6.932089533455152e-06,0.0036288497993872087,0.001374051639226567,0.0,0.0,0.9999874305725097,4.553091993241161e-06,1.0137557983398437e-05,3.5975188503496982e-06,2.4318695068359373e-06,1.0367580446951625e-06,5.824497659182189e-05
R64_H2048_alpha1_4_L100_zero_double_burn,R64_H2048_alpha1_4,64,2048,1/4,100,zero,double_burn,LAGRANGIAN_K,32,1,76.98731313705444,0.40906177027572566,0.28801667064428327,0.0006891486135042889,1.8366447414531424,0.05011090714874614,0.0,0.0,0.8734647846221923,0.0002614973313706775,0.05652311325073242,0.00015506743124703098,0.07001210212707519,0.0002013569866584067,1.0
R64_H2048_alpha1_4_L100_zero_double_burn,R64_H2048_alpha1_4,64,2048,1/4,100,zero,double_burn,LAGRANGIAN_K,32,2,3.9992056941986083,0.0036911251844962143,0.0,0.0,0.0,0.0,0.0,0.0,1.0,0.0,0.0,0.0,0.0,0.0,0.0
R64_H2048_alpha1_4_L100_zero_double_burn,R64_H2048_alpha1_4,64,2048,1/4,100,zero,double_burn,LAGRANGIAN_NI,32,1,69.48435055732728,0.5348909442390517,0.3243181273341179,1.59781508282734e-05,2.5600794061303467,0.04388967819849387,0.0,0.0,0.859682092666626,0.00014802526533893123,0.0604888916015625,0.00022203249495891862,0.07982901573181152,7.406491151672979e-05,0.9999233870309948
R64_H2048_alpha1_4_L100_zero_double_burn,R64_H2048_alpha1_4,64,2048,1/4,100,zero,double_burn,LAGRANGIAN_NI,32,2,3.9987651920318603,0.0037069739300563272,2.4848878383636474e-05,7.39084274739814e-06,0.004920416449431184,0.001476308077870637,0.0,0.0,0.9999763202667237,7.069871270990435e-06,2.3488998413085937e-05,7.026482292226816e-06,1.9073486328125e-07,8.19308102599965e-08,7.661296900524246e-05
R64_H2048_alpha1_4_L100_zero_double_burn,R64_H2048_alpha1_4,64,2048,1/4,100,zero,double_burn,LAGRANGIAN_FC,32,1,68.87308790206909,0.5768160925588341,0.3280928939580917,9.476165359103967e-06,2.9817441427181,0.046961526971367365,0.0,0.0,0.9000097846984864,2.8879742046794553e-06,0.0,0.0,0.09999021530151367,2.8879742046791914e-06,0.9999021530151366
R64_H2048_alpha1_4_L100_zero_double_burn,R64_H2048_alpha1_4,64,2048,1/4,100,zero,double_burn,LAGRANGIAN_FC,32,2,3.99863374710083,0.0037038424253807867,3.210604190826416e-05,9.47616535910333e-06,0.006376265559401609,0.0018939430079798407,0.0,0.0,0.9999902153015137,2.887974204679443e-06,0.0,0.0,9.784698486328125e-06,2.8879742046791105e-06,9.784698486328124e-05
R64_H2048_alpha1_4_L100_zero_double_burn,R64_H2048_alpha1_4,64,2048,1/4,100,zero,double_burn,MYOPIC_K,32,1,124.42820877075195,0.4700089578754708,0.15220392018556594,0.00046565289118889313,20.16284044872784,0.12297655260508403,1.4400482177734373e-06,1.1258192050844026e-06,0.953568868637085,0.00014145126974396088,6.587982177734375e-05,1.9243406383286583e-06,0.04636525154113769,0.00014212860100749702,0.4644240351680403
R64_H2048_alpha1_4_L100_zero_double_burn,R64_H2048_alpha1_4,64,2048,1/4,100,zero,double_burn,MYOPIC_K,32,2,1.8617940330505371,0.00317576972143842,0.1755222710967064,0.00046407865937938034,35.89548709835068,0.09747986016393476,0.0,0.0,0.9421771717071533,0.0001584266277654699,0.006315059661865234,2.7043171983519086e-05,0.05150776863098144,0.00013378271653150005,0.5355759648319598
R64_H2048_alpha1_4_L100_zero_double_horizon,R64_H2048_alpha1_4,64,2048,1/4,100,zero,double_horizon,WHITTLE_K,32,1,69.20738983154297,0.34208571381222763,0.3253419975936413,1.0661081644496494e-05,2.622510321899997,0.03021458468905837,0.0,0.0,0.8707982110977173,7.29647468958153e-05,0.043822832107543945,0.00010851344196917322,0.08537895679473877,3.572200935056107e-05,0.9998671762615399
R64_H2048_alpha1_4_L100_zero_double_horizon,R64_H2048_alpha1_4,64,2048,1/4,100,zero,double_horizon,WHITTLE_K,32,2,3.997395129203796,0.0021318997743777755,4.3218880891799925e-05,9.465244112858906e-06,0.008629966291874793,0.001923237857204145,0.0,0.0,0.9999774312973022,4.755237626519299e-06,1.3704299926757812e-05,2.747961244076935e-06,8.864402770996094e-06,2.0357689910784678e-06,0.0001328237384601108
R64_H2048_alpha1_4_L100_zero_double_horizon,R64_H2048_alpha1_4,64,2048,1/4,100,zero,double_horizon,WHITTLE_P,32,1,71.45865635871887,0.3513334555911979,0.31642632722854613,2.731793043952165e-05,2.6321633502572426,0.032196007536179586,0.0,0.0,0.8583969116210938,8.728649506400683e-05,0.06587058067321777,0.00012917289038669996,0.07573250770568847,4.304797657987071e-05,0.9999103372616326
R64_H2048_alpha1_4_L100_zero_double_horizon,R64_H2048_alpha1_4,64,2048,1/4,100,zero,double_horizon,WHITTLE_P,32,2,3.997649049758911,0.0021292083812502753,2.8374195098876954e-05,7.092177573477505e-06,0.005646840632286141,0.0014309152044201636,0.0,0.0,0.9999815368652344,4.37482586891175e-06,1.4314651489257812e-05,3.2512137631777977e-06,4.148483276367187e-06,1.1674838909350372e-06,8.966273836738416e-05
R64_H2048_alpha1_4_L100_zero_double_horizon,R64_H2048_alpha1_4,64,2048,1/4,100,zero,double_horizon,LAGRANGIAN_K,32,1,76.75607221603394,0.26666931263371735,0.28794649690389634,0.00042762143777555224,1.8027906761633572,0.02959221901639503,0.0,0.0,0.8734232807159423,0.00016822937792535257,0.05661482810974121,0.00010459406279081977,0.0699618911743164,0.000123431207484778,1.0
R64_H2048_alpha1_4_L100_zero_double_horizon,R64_H2048_alpha1_4,64,2048,1/4,100,zero,double_horizon,LAGRANGIAN_K,32,2,3.9981425333023073,0.002140081452309527,0.0,0.0,0.0,0.0,0.0,0.0,1.0,0.0,0.0,0.0,0.0,0.0,0.0
R64_H2048_alpha1_4_L100_zero_double_horizon,R64_H2048_alpha1_4,64,2048,1/4,100,zero,double_horizon,LAGRANGIAN_NI,32,1,69.43803779602051,0.33298228868221114,0.32430418476462364,1.1992488016924831e-05,2.57178107219981,0.02521252059280936,0.0,0.0,0.8596719026565551,0.00010091186209583094,0.06050994873046875,0.00015047518021464704,0.07981814861297608,4.9683808214699876e-05,0.9998866896625921
R64_H2048_alpha1_4_L100_zero_double_horizon,R64_H2048_alpha1_4,64,2048,1/4,100,zero,double_horizon,LAGRANGIAN_NI,32,2,3.9975146532058714,0.0021427486549721137,3.675118088722229e-05,8.931228624096498e-06,0.007347578224569701,0.0018133691168150828,0.0,0.0,0.9999647474288941,8.61330479140216e-06,3.5076141357421876e-05,8.591991831624946e-06,1.7642974853515625e-07,4.898121076148163e-08,0.00011331033740803064
R64_H2048_alpha1_4_L100_zero_double_horizon,R64_H2048_alpha1_4,64,2048,1/4,100,zero,double_horizon,LAGRANGIAN_FC,32,1,68.75700162887573,0.37381559050828467,0.3280827708542347,8.652399405410248e-06,2.9912521679913895,0.0270179473906558,0.0,0.0,0.9000128698348999,2.6369217235529734e-06,0.0,0.0,0.0999871301651001,2.6369217235533296e-06,0.999871301651001
R64_H2048_alpha1_4_L100_zero_double_horizon,R64_H2048_alpha1_4,64,2048,1/4,100,zero,double_horizon,LAGRANGIAN_FC,32,2,3.9973978853225707,0.002143071480647911,4.222914576530456e-05,8.652399405409212e-06,0.008433808283985692,0.001749749260142246,0.0,0.0,0.9999871301651001,2.6369217235551986e-06,0.0,0.0,1.2869834899902343e-05,2.636921723553284e-06,0.00012869834899902343
R64_H2048_alpha1_4_L100_zero_double_horizon,R64_H2048_alpha1_4,64,2048,1/4,100,zero,double_horizon,MYOPIC_K,32,1,124.3187726688385,0.3478279318262399,0.15215255856513976,0.00036638816877486836,20.116053674009372,0.09201415918708478,1.1157989501953124e-06,6.746257854016574e-07,0.953585319519043,0.00011151391522066267,6.471633911132812e-05,1.0964753131829995e-06,0.0463499641418457,0.00011173026772413494,0.46426821329840345
R64_H2048_alpha1_4_L100_zero_double_horizon,R64_H2048_alpha1_4,64,2048,1/4,100,zero,double_horizon,MYOPIC_K,32,2,1.860958261489868,0.002315012873078174,0.1755729979276657,0.0003652818540470857,35.9064025934217,0.07667132610498173,0.0,0.0,0.9421539497375488,0.00012356593061803499,0.006326379776000976,2.1039379848419767e-05,0.051519670486450196,0.00010589717109996322,0.5357317867015966
R64_H2048_alpha1_2_L100_zero_base,R64_H2048_alpha1_2,64,2048,1/2,100,zero,base,WHITTLE_K,32,1,30.596852588653565,0.1967525914872387,0.5993511334061623,0.0008869389535478662,1.4516610492726765,0.03023345996824569,0.0,0.0,0.8051711559295655,0.0003927724168920573,0.017747116088867188,0.00021413590181488778,0.17708172798156738,0.0002241810381869665,0.9160507264711673
R64_H2048_alpha1_2_L100_zero_base,R64_H2048_alpha1_2,64,2048,1/2,100,zero,base,WHITTLE_K,32,2,3.328311700820923,0.009750253256659425,0.05492609828710556,0.0008846929950188344,2.3571790616677055,0.03937163950709452,0.0,0.0,0.9739075183868409,0.0004023102290060455,0.013639936447143555,0.0001963208938163146,0.012452545166015625,0.0002096290332217294,0.08394927352883265
R64_H2048_alpha1_2_L100_zero_base,R64_H2048_alpha1_2,64,2048,1/2,100,zero,base,WHITTLE_P,32,1,31.005188579559327,0.1965230361452504,0.594318255186081,0.0008373559158191957,1.5910164036773777,0.030919413129915117,0.0,0.0,0.7969026565551758,0.00045109918306301803,0.03204217910766601,0.0003179897535964154,0.1710551643371582,0.00018299157894179026,0.9210396497447939
R64_H2048_alpha1_2_L100_zero_base,R64_H2048_alpha1_2,64,2048,1/2,100,zero,base,WHITTLE_P,32,2,3.3667534255981444,0.009767969577281928,0.05095065951347351,0.0008461045458560977,2.1763848982207543,0.037424127701395665,0.0,0.0,0.9714581680297851,0.0004471505329237479,0.01897876739501953,0.00028029183280104596,0.009563064575195313,0.00017325725769676604,0.07896035025520606
R64_H2048_alpha1_2_L100_zero_base,R64_H2048_alpha1_2,64,2048,1/2,100,zero,base,LAGRANGIAN_K,32,1,30.669425191879274,0.19505217531565056,0.5980428358912468,0.000877914887619017,1.4588318934974693,0.03007470373083984,0.0,0.0,0.8040548801422119,0.000370691466363209,0.019956483840942382,0.00017399933517572868,0.1759886360168457,0.00022567777392469291,0.9998890614257895
R64_H2048_alpha1_2_L100_zero_base,R64_H2048_alpha1_2,64,2048,1/2,100,zero,base,LAGRANGIAN_K,32,2,3.9983315181732175,0.002440103276140265,6.635338068008422e-05,2.0987747615468385e-06,0.0004796088004128192,2.4032941522394686e-05,0.0,0.0,0.9999372386932373,1.8561908970890478e-06,6.203651428222656e-05,1.7907324825880276e-06,7.2479248046875e-07,1.5906462784839225e-07,0.00011093857421059792
R64_H2048_alpha1_2_L100_zero_base,R64_H2048_alpha1_2,64,2048,1/2,100,zero,base,LAGRANGIAN_NI,32,1,30.596025123596192,0.1949112277004329,0.5993639919161796,0.0008786083162452648,1.4511392532208316,0.030206414552007774,0.0,0.0,0.8050160312652588,0.000377008373835327,0.01796762466430664,0.0001850587684076594,0.17701634407043457,0.00022400598921274914,0.91834107524708
R64_H2048_alpha1_2_L100_zero_base,R64_H2048_alpha1_2,64,2048,1/2,100,zero,base,LAGRANGIAN_NI,32,2,3.345382680892944,0.009534294258010915,0.053295469880104064,0.00084672867775557,2.2835449616561836,0.037638047288894146,0.0,0.0,0.9587989616394043,0.0006564868014162782,0.036397972106933595,0.0005816339203807517,0.0048030662536621095,7.682887474076449e-05,0.08165892475292011
R64_H2048_alpha1_2_L100_zero_base,R64_H2048_alpha1_2,64,2048,1/2,100,zero,base,LAGRANGIAN_FC,32,1,30.587928438186644,0.2178863496933372,0.6004530787467957,0.0009439840516416242,1.4870690572841556,0.03406168487345229,0.0,0.0,0.8170047760009765,0.0002876903776431611,0.0,0.0,0.18299522399902343,0.00028769037764316165,0.9149926994908241
R64_H2048_alpha1_2_L100_zero_base,R64_H2048_alpha1_2,64,2048,1/2,100,zero,base,LAGRANGIAN_FC,32,2,3.3248109340667726,0.010362378231608573,0.055785030126571655,0.0009435370361131114,2.4014131307577586,0.042140118626750905,0.0,0.0,0.9829988479614258,0.00028755414433923434,0.0,0.0,0.01700115203857422,0.000287554144339234,0.08500730050917595
R64_H2048_alpha1_2_L100_zero_base,R64_H2048_alpha1_2,64,2048,1/2,100,zero,base,MYOPIC_K,32,1,75.57101893424988,0.3436361481868858,0.293760176897049,0.0006533431698417914,29.88580836486891,0.14264729504031473,0.0,0.0,0.9103775405883789,0.00019880936889548828,0.00013934135437011717,1.9732912465670064e-06,0.08948311805725098,0.00019925669655891588,0.44831409936938543
R64_H2048_alpha1_2_L100_zero_base,R64_H2048_alpha1_2,64,2048,1/2,100,zero,base,MYOPIC_K,32,2,1.0177732753753663,0.002272809823082803,0.36149509459733964,0.0006508003178018314,16.95578068075928,0.03384342947245016,0.0,0.0,0.8790112209320068,0.0002264042697176758,0.015777482986450195,4.608718523244467e-05,0.10521129608154296,0.00018585590138011013,0.5516859006306145
R64_H2048_alpha1_2_L100_zero_double_burn,R64_H2048_alpha1_2,64,2048,1/2,100,zero,double_burn,WHITTLE_K,32,1,30.384138193130493,0.23149814884257724,0.5985880860686302,0.000970749141589088,1.432541183230473,0.034363021868991275,0.0,0.0,0.8055232715606689,0.00042196312832609934,0.01757274627685547,0.00021925890744790537,0.17690398216247558,0.00024727137684160623,0.9148847268332112
R64_H2048_alpha1_2_L100_zero_double_burn,R64_H2048_alpha1_2,64,2048,1/2,100,zero,double_burn,WHITTLE_K,32,2,3.3155995845794677,0.010257948035418088,0.055688970386981965,0.0009679476089410813,2.3899034080485726,0.043277064896423106,0.0,0.0,0.973550329208374,0.0004375864712092755,0.013821783065795899,0.00021356709874224201,0.012627887725830077,0.00023125359291548123,0.08511527316678885
R64_H2048_alpha1_2_L100_zero_double_burn,R64_H2048_alpha1_2,64,2048,1/2,100,zero,double_burn,WHITTLE_P,32,1,30.76773440361023,0.2558192621244849,0.5936514168977738,0.0009513353743394319,1.5708765972706162,0.0409950219425328,0.0,0.0,0.7972784996032715,0.0005168350394950063,0.03179044723510742,0.00037363253273082624,0.1709310531616211,0.00020983966213382034,0.9199898923962798
R64_H2048_alpha1_2_L100_zero_double_burn,R64_H2048_alpha1_2,64,2048,1/2,100,zero,double_burn,WHITTLE_P,32,2,3.3549703216552733,0.010741908253696178,0.05162895172834396,0.0009597446325282508,2.205615004507124,0.042527923788522444,0.0,0.0,0.9710851383209228,0.0005051359845608345,0.01922130584716797,0.0003166637740850638,0.00969355583190918,0.00019831781109041954,0.08001010760372028
R64_H2048_alpha1_2_L100_zero_double_burn,R64_H2048_alpha1_2,64,2048,1/2,100,zero,double_burn,LAGRANGIAN_K,32,1,30.450511569976808,0.23342072975350536,0.5971575826406479,0.0009544503008294663,1.4415935265984785,0.03510785702174248,0.0,0.0,0.8043706703186035,0.00039312212026901906,0.019889402389526366,0.0001767584028194299,0.1757399272918701,0.0002497551685064894,0.9998853568838858
R64_H2048_alpha1_2_L100_zero_double_burn,R64_H2048_alpha1_2,64,2048,1/2,100,zero,double_burn,LAGRANGIAN_K,32,2,3.995430517196655,0.003607773917522749,6.846785545349121e-05,2.964939311304105e-06,0.0004533997603627226,2.525231491686366e-05,0.0,0.0,0.9999358749389649,2.7066319662850894e-06,6.308555603027344e-05,2.642126501734136e-06,1.0395050048828126e-06,1.6435325564970097e-07,0.00011464311611426965
R64_H2048_alpha1_2_L100_zero_double_burn,R64_H2048_alpha1_2,64,2048,1/2,100,zero,double_burn,LAGRANGIAN_NI,32,1,30.394649257659914,0.22970627004993685,0.5985555624961854,0.0009445802933646502,1.4367366626036338,0.03440017313937082,0.0,0.0,0.8053343963623046,0.0003956137369669909,0.01786264419555664,0.0001840525251203312,0.17680295944213867,0.00024446933749377905,0.917139754011221
R64_H2048_alpha1_2_L100_zero_double_burn,R64_H2048_alpha1_2,64,2048,1/2,100,zero,double_burn,LAGRANGIAN_NI,32,2,3.3321486377716063,0.009712280769885074,0.05407732129096985,0.0009096528626897083,2.3171816191701358,0.04065243146193923,0.0,0.0,0.9582249069213867,0.0006957723710453796,0.03688764572143555,0.000610915963791743,0.004887447357177734,8.65953500692171e-05,0.08286024598877892
R64_H2048_alpha1_2_L100_zero_double_burn,R64_H2048_alpha1_2,64,2048,1/2,100,zero,double_burn,LAGRANGIAN_FC,32,1,30.37111252784729,0.24459587651902642,0.59974514991045,0.0010053689244653528,1.4644172032499865,0.03535217108830635,0.0,0.0,0.8172205257415771,0.00030639814840848915,0.0,0.0,0.18277947425842284,0.00030639814840848807,0.9139137569223691
R64_H2048_alpha1_2_L100_zero_double_burn,R64_H2048_alpha1_2,64,2048,1/2,100,zero,double_burn,LAGRANGIAN_FC,32,2,3.3121791172027586,0.010759985922887556,0.05649308413267136,0.0010048690762826309,2.4314527092937595,0.044863651257983785,0.0,0.0,0.9827830600738525,0.00030624581372423146,0.0,0.0,0.01721693992614746,0.0003062458137242304,0.08608624307763085
R64_H2048_alpha1_2_L100_zero_double_burn,R64_H2048_alpha1_2,64,2048,1/2,100,zero,double_burn,MYOPIC_K,32,1,75.53896243095399,0.420712915777459,0.2935673430562019,0.0008450266267476932,29.89812103644345,0.1547519852987486,0.0,0.0,0.9104379177093506,0.0002572727743447022,0.00013699531555175782,1.8100331363891762e-06,0.08942508697509766,0.00025765261249305625,0.44802067319302374
R64_H2048_alpha1_2_L100_zero_double_burn,R64_H2048_alpha1_2,64,2048,1/2,100,zero,double_burn,MYOPIC_K,32,2,1.0176360511779785,0.002784219092385108,0.3616866677999496,0.0008424273808133991,16.965356963188466,0.043628605691345766,0.0,0.0,0.87893648147583,0.00028551191092103984,0.015801334381103517,4.8604362971703106e-05,0.1052621841430664,0.00024394051970791773,0.5519793268069763
R64_H2048_alpha1_2_L100_zero_double_horizon,R64_H2048_alpha1_2,64,2048,1/2,100,zero,double_horizon,WHITTLE_K,32,1,30.403724298477172,0.17017242320476744,0.5987920139729976,0.0007014350280141158,1.4377438439076675,0.026557793857928846,0.0,0.0,0.8054430437088013,0.0003125816878675789,0.01759911060333252,0.00016862112547862923,0.1769578456878662,0.0001754889381767484,0.9152017025476392
R64_H2048_alpha1_2_L100_zero_double_horizon,R64_H2048_alpha1_2,64,2048,1/2,100,zero,double_horizon,WHITTLE_K,32,2,3.3169055080413816,0.007476822971877823,0.05548125967383385,0.000700101133017013,2.3796230488022254,0.031246774504415074,0.0,0.0,0.9736051988601685,0.00031701058636672937,0.013834080696105958,0.0001534494675244251,0.012560720443725587,0.00016652152616952848,0.08479829745236075
R64_H2048_alpha1_2_L100_zero_double_horizon,R64_H2048_alpha1_2,64,2048,1/2,100,zero,double_horizon,WHITTLE_P,32,1,30.77536432266235,0.1749100683361199,0.5937292148172856,0.000658533968115753,1.5729344226542745,0.027510623679175627,0.0,0.0,0.7972998762130737,0.00035835883064879695,0.03172469615936279,0.00025086674042866557,0.1709754276275635,0.0001402131427232223,0.9201009949968264
R64_H2048_alpha1_2_L100_zero_double_horizon,R64_H2048_alpha1_2,64,2048,1/2,100,zero,double_horizon,WHITTLE_P,32,2,3.355208010673523,0.007357442050594153,0.05155778959393501,0.0006668334716487904,2.2011978506828718,0.029590717237321106,0.0,0.0,0.9710801839828491,0.0003483546605431189,0.01926015853881836,0.00021484655856102546,0.00965965747833252,0.00013826765628843679,0.0798990050031736
R64_H2048_alpha1_2_L100_zero_double_horizon,R64_H2048_alpha1_2,64,2048,1/2,100,zero,double_horizon,LAGRANGIAN_K,32,1,30.447267637252807,0.16715105608535652,0.5973720695078373,0.0006895435281225195,1.4398325410187895,0.02554619490042358,0.0,0.0,0.8043813276290893,0.00028367057004803067,0.01977853298187256,0.00012602102157912204,0.17584013938903809,0.00018031075073206016,0.9998875228326236
R64_H2048_alpha1_2_L100_zero_double_horizon,R64_H2048_alpha1_2,64,2048,1/2,100,zero,double_horizon,LAGRANGIAN_K,32,2,3.9941309118270873,0.0021331128628291726,6.71982765197754e-05,1.4778757500664146e-06,0.0004659137377968543,1.865362639896033e-05,0.0,0.0,0.9999370956420899,1.3218050766464977e-06,6.186962127685547e-05,1.2853082036042502e-06,1.0347366333007812e-06,1.1940601482852107e-07,0.00011247716737633373
R64_H2048_alpha1_2_L100_zero_double_horizon,R64_H2048_alpha1_2,64,2048,1/2,100,zero,double_horizon,LAGRANGIAN_NI,32,1,30.376223230361937,0.16462271126932018,0.5986879616975784,0.0006857966217748397,1.4336388090029033,0.025337484342417817,0.0,0.0,0.8053478431701661,0.0002882828415422383,0.01778419017791748,0.00013356570317208456,0.1768679666519165,0.00017669295579880894,0.9173269487129345
R64_H2048_alpha1_2_L100_zero_double_horizon,R64_H2048_alpha1_2,64,2048,1/2,100,zero,double_horizon,LAGRANGIAN_NI,32,2,3.3328981399536133,0.007191326334248183,0.05395607382059097,0.0006603512101822448,2.3106437202092684,0.02944364924223491,0.0,0.0,0.9582967662811279,0.0005084674302926205,0.036836738586425784,0.0004485250584063914,0.004866495132446289,6.159511774719604e-05,0.08267305128706542
R64_H2048_alpha1_2_L100_zero_double_horizon,R64_H2048_alpha1_2,64,2048,1/2,100,zero,double_horizon,LAGRANGIAN_FC,32,1,30.36144099712372,0.1818847313049924,0.5998079538345337,0.0007123381172523567,1.4656737461475453,0.027101214610343382,0.0,0.0,0.8172013854980469,0.00021709352144833792,0.0,0.0,0.18279861450195312,0.00021709352144833722,0.9140104405002851
R64_H2048_alpha1_2_L100_zero_double_horizon,R64_H2048_alpha1_2,64,2048,1/2,100,zero,double_horizon,LAGRANGIAN_FC,32,2,3.312363319396973,0.007751212171330807,0.05642957612872124,0.0007119608613384293,2.4282264498343453,0.03184833871229156,0.0,0.0,0.982802414894104,0.00021697854821742458,0.0,0.0,0.017197585105895995,0.00021697854821742607,0.08598955949971489
R64_H2048_alpha1_2_L100_zero_double_horizon,R64_H2048_alpha1_2,64,2048,1/2,100,zero,double_horizon,MYOPIC_K,32,1,75.51972445487976,0.26564240756065777,0.2936904291808605,0.0005029806517603882,29.870233758241383,0.10563621695294508,0.0,0.0,0.9103995752334595,0.00015292294288911024,0.00013820648193359374,1.5271550656324777e-06,0.08946221828460693,0.0001534593700142072,0.44820756864299793
R64_H2048_alpha1_2_L100_zero_double_horizon,R64_H2048_alpha1_2,64,2048,1/2,100,zero,double_horizon,MYOPIC_K,32,2,1.0174283456802369,0.0016249973100888697,0.36156496971845625,0.0005011027200771699,16.959233712335095,0.025866922541058435,0.0,0.0,0.8789900302886963,0.0001732832740086637,0.01577733039855957,3.508637882667444e-05,0.10523263931274414,0.0001436539130745005,0.551792431357002
R64_H2048_alpha4_5_L100_zero_base,R64_H2048_alpha4_5,64,2048,4/5,100,zero,base,WHITTLE_K,32,1,25.90903247833252,0.11836567061034409,0.6573339781165123,0.0015004345989841478,0.05395151367452401,0.003030782033771554,0.0,0.0,0.799407320022583,0.00046207350844148934,0.0003825569152832031,2.2634776714736602e-05,0.2002101230621338,0.0004552361090417476,0.6346950039077762
R64_H2048_alpha4_5_L100_zero_base,R64_H2048_alpha4_5,64,2048,4/5,100,zero,base,WHITTLE_K,32,2,1.146335744857788,0.006190881616273514,0.3783350819349289,0.0013649277017963076,0.21088450912794462,0.00268416314776375,0.0,0.0,0.8544901466369629,0.00041396338666315787,0.04405294418334961,7.429027576506807e-05,0.1014569091796875,0.00041897321029174984,0.3653049960922239
R64_H2048_alpha4_5_L100_zero_base,R64_H2048_alpha4_5,64,2048,4/5,100,zero,base,WHITTLE_P,32,1,25.92082063674927,0.11863936631450342,0.6571832397580146,0.0015002320296017824,0.06355594380595271,0.0036752458380395706,0.0,0.0,0.799097204208374,0.00046494904396168237,0.0009018039703369141,3.829679412806639e-05,0.20000099182128905,0.00045413184904341325,0.6392012457619873
R64_H2048_alpha4_5_L100_zero_base,R64_H2048_alpha4_5,64,2048,4/5,100,zero,base,WHITTLE_P,32,2,1.1736975479125977,0.00635779325291995,0.3709487360715866,0.0013719361839216878,0.21944427142571368,0.002801524549248989,0.0,0.0,0.8466370582580567,0.0003874483140781687,0.058788185119628904,0.00011834185053072141,0.09457475662231446,0.0004365122525232826,0.3607987542380126
R64_H2048_alpha4_5_L100_zero_base,R64_H2048_alpha4_5,64,2048,4/5,100,zero,base,LAGRANGIAN_K,32,1,25.910536489486695,0.1186787205828474,0.657388510107994,0.0015048460736620875,0.05421652681678929,0.00294292336910424,0.0,0.0,0.7996485328674316,0.00045865812498175414,6.551742553710938e-06,2.005950232458346e-06,0.20034491539001464,0.0004586035476172244,0.6826245936593758
R64_H2048_alpha4_5_L100_zero_base,R64_H2048_alpha4_5,64,2048,4/5,100,zero,base,LAGRANGIAN_K,32,2,1.3067199897766113,0.005113137427041757,0.305642292201519,0.0007634613886342451,0.18584569361335354,0.0028358956919801964,0.0,0.0,0.8756532382965088,0.0003297950608172311,0.045498008728027346,0.00014352331635292495,0.07884875297546387,0.00018860928225304606,0.31737540634062417
R64_H2048_alpha4_5_L100_zero_base,R64_H2048_alpha4_5,64,2048,4/5,100,zero,base,LAGRANGIAN_NI,32,1,25.910536489486695,0.1186787205828474,0.657388510107994,0.0015048460736620875,0.05421652681678929,0.00294292336910424,0.0,0.0,0.7996485328674316,0.00045865812498175414,6.551742553710938e-06,2.005950232458346e-06,0.20034491539001464,0.0004586035476172244,0.635673140917616
R64_H2048_alpha4_5_L100_zero_base,R64_H2048_alpha4_5,64,2048,4/5,100,zero,base,LAGRANGIAN_NI,32,2,1.1484175968170165,0.006147817338841415,0.37677270859479906,0.0013516272688642924,0.20897621528725874,0.0026796409921659462,0.0,0.0,0.8557598972320557,0.00048216153166375365,0.0428956127166748,0.00012282818719749615,0.10134449005126953,0.00038162934360194895,0.36432685908238405
R64_H2048_alpha4_5_L100_zero_base,R64_H2048_alpha4_5,64,2048,4/5,100,zero,base,LAGRANGIAN_FC,32,1,25.90993414878845,0.11860441622054732,0.6573846951127053,0.0015046829613639076,0.05419177565989015,0.002948038448841393,0.0,0.0,0.7996541881561279,0.00045857004536804786,0.0,0.0,0.20034581184387207,0.00045857004536804775,0.6330114768274345
R64_H2048_alpha4_5_L100_zero_base,R64_H2048_alpha4_5,64,2048,4/5,100,zero,base,LAGRANGIAN_FC,32,2,1.1430553150177003,0.006221405406561767,0.38111890107393265,0.001369711905728494,0.21473305276303836,0.0026495654181018205,0.0,0.0,0.8838494777679443,0.00041743600936487485,0.0,0.0,0.11615052223205566,0.00041743600936487436,0.36698852317256564
R64_H2048_alpha4_5_L100_zero_base,R64_H2048_alpha4_5,64,2048,4/5,100,zero,base,MYOPIC_K,32,1,44.98028111457825,0.2045862924329243,0.4625356149673462,0.0006156893884057279,18.61924262161493,0.09891238474584121,0.0,0.0,0.8589147186279297,0.00018839407278016908,0.00017798423767089843,2.590181504842777e-06,0.14090729713439942,0.00018729705558555442,0.4423875028611591
R64_H2048_alpha4_5_L100_zero_base,R64_H2048_alpha4_5,64,2048,4/5,100,zero,base,MYOPIC_K,32,2,0.5126847171783447,0.0011801591589087597,0.5830084204673767,0.0005859826666158981,0.09815420749534394,0.000552648430814918,0.0,0.0,0.8091360473632813,0.00016431221172924368,0.019228410720825196,6.325512527490395e-05,0.17163554191589356,0.00018813121843127355,0.5576124971388411
R64_H1024_alpha1_4_L100_zero_base,R64_H1024_alpha1_4,64,1024,1/4,100,zero,base,WHITTLE_K,32,1,69.16143581390381,0.45041385708523907,0.3253433632850647,1.684764991230902e-05,2.6042986390772724,0.0457906759934399,0.0003097724914550781,2.530130458478511e-05,0.8708496856689453,0.00011959032377656433,0.04374715805053711,0.00017884557923900663,0.08540315628051758,5.946507786502117e-05,0.9998572246416806
R64_H1024_alpha1_4_L100_zero_base,R64_H1024_alpha1_4,64,1024,1/4,100,zero,base,WHITTLE_K,32,2,4.001472501754761,0.0024051158619450455,4.645764827728271e-05,1.3180999060144647e-05,0.00923564541669242,0.002663957780406921,0.0,0.0,0.9999750709533691,6.690620458780847e-06,1.5707015991210936e-05,3.925605865298065e-06,9.222030639648437e-06,2.803410592062968e-06,0.00014277535831952112
R64_H1024_alpha1_4_L100_zero_base,R64_H1024_alpha1_4,64,1024,1/4,100,zero,base,WHITTLE_P,32,1,71.34569848060607,0.4246565629163336,0.31641482323408127,4.1414413265415704e-05,2.634557019353565,0.044727687585227445,0.0003231620788574219,2.8510321431444344e-05,0.8582807254791259,0.0001382636102478979,0.0660451316833496,0.00020443895797075463,0.07567414283752441,6.786825735118131e-05,0.9999000789273631
R64_H1024_alpha1_4_L100_zero_base,R64_H1024_alpha1_4,64,1024,1/4,100,zero,base,WHITTLE_P,32,2,4.001758441925049,0.0024227121412124706,3.161966800689697e-05,1.1944791221833787e-05,0.0062815783226527625,0.0024080443739850628,0.0,0.0,0.99997953414917,7.357418758024883e-06,1.57928466796875e-05,5.446702406145691e-06,4.673004150390625e-06,1.959377205931488e-06,9.992107263686458e-05
R64_H1024_alpha1_4_L100_zero_base,R64_H1024_alpha1_4,64,1024,1/4,100,zero,base,LAGRANGIAN_K,32,1,76.64092407226562,0.33263818366822223,0.287622247338295,0.0005371111850148521,1.7748858297800336,0.036390447197533614,0.0003412342071533203,2.7626640458679312e-05,0.873283748626709,0.0002013540743401967,0.05696242332458496,0.00014354948990205548,0.06975382804870606,0.00016422416069781614,1.0
R64_H1024_alpha1_4_L100_zero_base,R64_H1024_alpha1_4,64,1024,1/4,100,zero,base,LAGRANGIAN_K,32,2,4.0023298263549805,0.0024325883637202734,0.0,0.0,0.0,0.0,0.0,0.0,1.0,0.0,0.0,0.0,0.0,0.0,0.0
R64_H1024_alpha1_4_L100_zero_base,R64_H1024_alpha1_4,64,1024,1/4,100,zero,base,LAGRANGIAN_NI,32,1,69.31827209472657,0.44722945195937575,0.3242884719371796,1.760193759403689e-05,2.5647930994057737,0.03925901518356115,0.0003024101257324219,2.7024180820424762e-05,0.8595178604125977,0.00014463065773884305,0.0607415771484375,0.0002164714331961754,0.07974056243896484,7.198561195554258e-05,0.9998830829561216
R64_H1024_alpha1_4_L100_zero_base,R64_H1024_alpha1_4,64,1024,1/4,100,zero,base,LAGRANGIAN_NI,32,2,4.001597299575805,0.002435622830806815,3.7919282913208005e-05,1.1576263781495869e-05,0.00753810974922143,0.0023322703983305864,0.0,0.0,0.9999636459350586,1.1161167963632173e-05,3.6163330078125e-05,1.1132559182437509e-05,1.9073486328124998e-07,8.306879268394062e-08,0.00011691704387841633
R64_H1024_alpha1_4_L100_zero_base,R64_H1024_alpha1_4,64,1024,1/4,100,zero,base,LAGRANGIAN_FC,32,1,68.75847221374512,0.4054378808342405,0.32807458788156507,1.4516948986459464e-05,2.9882305320729556,0.039198642130169284,0.00028822898864746095,2.3564472643132572e-05,0.9000153636932373,4.42421302444476e-06,0.0,0.0,0.0999846363067627,4.424213024444958e-06,0.9998463630676269
R64_H1024_alpha1_4_L100_zero_base,R64_H1024_alpha1_4,64,1024,1/4,100,zero,base,LAGRANGIAN_FC,32,2,4.001378049850464,0.002446174688942515,5.0412118434906005e-05,1.4516948986459611e-05,0.0100539309266641,0.0029359099837909393,0.0,0.0,0.9999846363067627,4.42421302444593e-06,0.0,0.0,1.5363693237304687e-05,4.4242130244448335e-06,0.00015363693237304687
R64_H1024_alpha1_4_L100_zero_base,R64_H1024_alpha1_4,64,1024,1/4,100,zero,base,MYOPIC_K,32,1,124.03489939689636,0.41503960614094093,0.15214785039424897,0.000428190490236566,19.932006143909963,0.1135316732665523,0.001816854476928711,6.792496971714437e-05,0.953586368560791,0.0001301128686524248,6.527900695800782e-05,1.5234379702677564e-06,0.046348352432250974,0.000130674235027237,0.4642548932571474
R64_H1024_alpha1_4_L100_zero_base,R64_H1024_alpha1_4,64,1024,1/4,100,zero,base,MYOPIC_K,32,2,1.8619184303283691,0.0027694084841448584,0.17557696759700775,0.0004270096281493579,35.88035891030738,0.08955094861613466,0.0,0.0,0.9421450233459473,0.00014308487061910212,0.00633763313293457,2.394425724336449e-05,0.05151734352111816,0.00012447542096717407,0.5357451067428525
R64_H1024_alpha1_2_L100_zero_base,R64_H1024_alpha1_2,64,1024,1/2,100,zero,base,WHITTLE_K,32,1,30.588508443832396,0.19642238276140767,0.5993515634536744,0.000886922377438702,1.4510363891978248,0.03021817415000526,7.729530334472656e-05,1.0763695257202238e-05,0.8051699066162109,0.0003927060470061678,0.017748746871948242,0.00021407854036299006,0.17708134651184082,0.00022420822741919222,0.9160515139430986
R64_H1024_alpha1_2_L100_zero_base,R64_H1024_alpha1_2,64,1024,1/2,100,zero,base,WHITTLE_K,32,2,3.3283226013183596,0.009749863446430267,0.054925575256347656,0.0008846708579925292,2.356178697553907,0.03935499808118891,0.0,0.0,0.9739077758789062,0.00040229869800528,0.013639793395996094,0.00019631387549512067,0.012452430725097656,0.00020962445598591688,0.08394848605690144
R64_H1024_alpha1_2_L100_zero_base,R64_H1024_alpha1_2,64,1024,1/2,100,zero,base,WHITTLE_P,32,1,30.996459951400755,0.19627805654688388,0.5943235033750534,0.0008382822039790102,1.5902515106222255,0.030940395022343442,7.86113739013672e-05,1.1684387689047478e-05,0.7968936347961426,0.0004514577161522172,0.03205300331115723,0.0003182674189877238,0.1710533618927002,0.0001833121966318408,0.9210476529103209
R64_H1024_alpha1_2_L100_zero_base,R64_H1024_alpha1_2,64,1024,1/2,100,zero,base,WHITTLE_P,32,2,3.366784725189209,0.009777092133173402,0.05094550251960754,0.0008471152957080134,2.1752539676345637,0.03745131283259067,0.0,0.0,0.9714615249633789,0.00044782067791253815,0.018976163864135743,0.0002808161175098038,0.009562311172485351,0.0001733996984333621,0.07895234708967924
R64_H1024_alpha1_2_L100_zero_base,R64_H1024_alpha1_2,64,1024,1/2,100,zero,base,LAGRANGIAN_K,32,1,30.660904178619386,0.19477023839307345,0.5980425998568535,0.0008779085074794084,1.4582034683106169,0.030059911585869206,7.956504821777344e-05,1.110932024815383e-05,0.8040548801422119,0.000370691466363209,0.019956588745117188,0.00017400216253034425,0.1759885311126709,0.00022567509724125755,0.9998888805279885
R64_H1024_alpha1_2_L100_zero_base,R64_H1024_alpha1_2,64,1024,1/2,100,zero,base,LAGRANGIAN_K,32,2,3.99832724571228,0.0024398008145247456,6.646156311035156e-05,2.1067055692874896e-06,0.0004806885775170338,2.4004400436208717e-05,0.0,0.0,0.9999371337890625,1.8640841155613107e-06,6.214141845703125e-05,1.7986585015611252e-06,7.2479248046875e-07,1.5906462784839225e-07,0.00011111947201161932
R64_H1024_alpha1_2_L100_zero_base,R64_H1024_alpha1_2,64,1024,1/2,100,zero,base,LAGRANGIAN_NI,32,1,30.587504110336305,0.1946198602966077,0.5993639919161796,0.0008786083162452648,1.450513972971673,0.030191478717539435,7.956504821777344e-05,1.110932024815383e-05,0.8050160312652588,0.000377008373835327,0.01796762466430664,0.0001850587684076594,0.17701634407043457,0.00022400598921274914,0.91834107524708
R64_H1024_alpha1_2_L100_zero_base,R64_H1024_alpha1_2,64,1024,1/2,100,zero,base,LAGRANGIAN_NI,32,2,3.345382680892944,0.009534294258010915,0.053295469880104064,0.00084672867775557,2.2825923012090774,0.03762288414658076,0.0,0.0,0.9587989616394043,0.0006564868014162782,0.036397972106933595,0.0005816339203807517,0.0048030662536621095,7.682887474076449e-05,0.08165892475292011
R64_H1024_alpha1_2_L100_zero_base,R64_H1024_alpha1_2,64,1024,1/2,100,zero,base,LAGRANGIAN_FC,32,1,30.579309949874876,0.21757519984768578,0.6004530787467957,0.0009439840516416242,1.4864365202494174,0.03404516243218878,8.034706115722656e-05,1.0798579942855378e-05,0.8170047760009765,0.0002876903776431611,0.0,0.0,0.18299522399902343,0.00028769037764316165,0.9149926994908241
R64_H1024_alpha1_2_L100_zero_base,R64_H1024_alpha1_2,64,1024,1/2,100,zero,base,LAGRANGIAN_FC,32,2,3.3248109340667726,0.010362378231608573,0.055785030126571655,0.0009435370361131114,2.400415846819306,0.04212321983059224,0.0,0.0,0.9829988479614258,0.00028755414433923434,0.0,0.0,0.01700115203857422,0.000287554144339234,0.08500730050917595
R64_H1024_alpha1_2_L100_zero_base,R64_H1024_alpha1_2,64,1024,1/2,100,zero,base,MYOPIC_K,32,1,75.5279222869873,0.34357129185610163,0.293760176897049,0.0006533431698417914,29.859704424949776,0.14244897143323257,0.00031263351440429687,2.7522694544575537e-05,0.9103775405883789,0.00019880936889548828,0.00013934135437011717,1.9732912465670064e-06,0.08948311805725098,0.00019925669655891588,0.44831409936938543
R64_H1024_alpha1_2_L100_zero_base,R64_H1024_alpha1_2,64,1024,1/2,100,zero,base,MYOPIC_K,32,2,1.0177732753753663,0.002272809823082803,0.36149509459733964,0.0006508003178018314,16.949304226931503,0.03383176944703749,0.0,0.0,0.8790112209320068,0.0002264042697176758,0.015777482986450195,4.608718523244467e-05,0.10521129608154296,0.00018585590138011013,0.5516859006306145
R64_H1024_alpha4_5_L100_zero_base,R64_H1024_alpha4_5,64,1024,4/5,100,zero,base,WHITTLE_K,32,1,25.90143543243408,0.11808213257924832,0.6573339781165123,0.0015004345989841478,0.05393297451318268,0.0030297289204118108,6.685256958007812e-05,1.0456769009774174e-05,0.799407320022583,0.00046207350844148934,0.0003825569152832031,2.2634776714736602e-05,0.2002101230621338,0.0004552361090417476,0.6346950039077762
R64_H1024_alpha4_5_L100_zero_base,R64_H1024_alpha4_5,64,1024,4/5,100,zero,base,WHITTLE_K,32,2,1.146335744857788,0.006190881616273514,0.3783350819349289,0.0013649277017963076,0.21088450912794462,0.00268416314776375,0.0,0.0,0.8544901466369629,0.00041396338666315787,0.04405294418334961,7.429027576506807e-05,0.1014569091796875,0.00041897321029174984,0.3653049960922239
R64_H1024_alpha4_5_L100_zero_base,R64_H1024_alpha4_5,64,1024,4/5,100,zero,base,WHITTLE_P,32,1,25.91322359085083,0.11835990277275495,0.6571831226348877,0.001500211846298146,0.06353879133803916,0.0036739559720158355,6.685256958007812e-05,1.0456769009774174e-05,0.7990967559814454,0.00046494909237557484,0.0009025096893310547,3.831692304242659e-05,0.20000073432922363,0.0004541233287054844,0.6392012046603739
R64_H1024_alpha4_5_L100_zero_base,R64_H1024_alpha4_5,64,1024,4/5,100,zero,base,WHITTLE_P,32,2,1.1736975479125977,0.00635779325291995,0.3709487360715866,0.0013719361839216878,0.21944427142571368,0.002801524549248989,0.0,0.0,0.8466370582580567,0.0003874483140781687,0.058788185119628904,0.00011834185053072141,0.09457475662231446,0.0004365122525232826,0.3607987953396261
R64_H1024_alpha4_5_L100_zero_base,R64_H1024_alpha4_5,64,1024,4/5,100,zero,base,LAGRANGIAN_K,32,1,25.902939443588256,0.11839018800333716,0.657388510107994,0.0015048460736620875,0.05419794111884122,0.002941906182268489,6.685256958007812e-05,1.0456769009774174e-05,0.7996485328674316,0.00045865812498175414,6.551742553710938e-06,2.005950232458346e-06,0.20034491539001464,0.0004586035476172244,0.6826245936593758
R64_H1024_alpha4_5_L100_zero_base,R64_H1024_alpha4_5,64,1024,4/5,100,zero,base,LAGRANGIAN_K,32,2,1.3067199897766113,0.005113137427041757,0.305642292201519,0.0007634613886342451,0.18584569361335354,0.0028358956919801964,0.0,0.0,0.8756532382965088,0.0003297950608172311,0.045498008728027346,0.00014352331635292495,0.07884875297546387,0.00018860928225304606,0.31737540634062417
R64_H1024_alpha4_5_L100_zero_base,R64_H1024_alpha4_5,64,1024,4/5,100,zero,base,LAGRANGIAN_NI,32,1,25.902939443588256,0.11839018800333716,0.657388510107994,0.0015048460736620875,0.05419794111884122,0.002941906182268489,6.685256958007812e-05,1.0456769009774174e-05,0.7996485328674316,0.00045865812498175414,6.551742553710938e-06,2.005950232458346e-06,0.20034491539001464,0.0004586035476172244,0.635673140917616
R64_H1024_alpha4_5_L100_zero_base,R64_H1024_alpha4_5,64,1024,4/5,100,zero,base,LAGRANGIAN_NI,32,2,1.1484175968170165,0.006147817338841415,0.37677270859479906,0.0013516272688642924,0.20897621528725874,0.0026796409921659462,0.0,0.0,0.8557598972320557,0.00048216153166375365,0.0428956127166748,0.00012282818719749615,0.10134449005126953,0.00038162934360194895,0.36432685908238405
R64_H1024_alpha4_5_L100_zero_base,R64_H1024_alpha4_5,64,1024,4/5,100,zero,base,LAGRANGIAN_FC,32,1,25.902337102890016,0.11831586306205306,0.6573846951127053,0.0015046829613639076,0.054173198875813386,0.002947019487139833,6.685256958007812e-05,1.0456769009774174e-05,0.7996541881561279,0.00045857004536804786,0.0,0.0,0.20034581184387207,0.00045857004536804775,0.6330114768274345
R64_H1024_alpha4_5_L100_zero_base,R64_H1024_alpha4_5,64,1024,4/5,100,zero,base,LAGRANGIAN_FC,32,2,1.1430553150177003,0.006221405406561767,0.38111890107393265,0.001369711905728494,0.21473305276303836,0.0026495654181018205,0.0,0.0,0.8838494777679443,0.00041743600936487485,0.0,0.0,0.11615052223205566,0.00041743600936487436,0.36698852317256564
R64_H1024_alpha4_5_L100_zero_base,R64_H1024_alpha4_5,64,1024,4/5,100,zero,base,MYOPIC_K,32,1,44.96249420166016,0.20450664891139142,0.4625356149673462,0.0006156893884057279,18.611551925511186,0.09886471335220359,0.00013265609741210937,1.551898751025925e-05,0.8589147186279297,0.00018839407278016908,0.00017798423767089843,2.590181504842777e-06,0.14090729713439942,0.00018729705558555442,0.4423875028611591
R64_H1024_alpha4_5_L100_zero_base,R64_H1024_alpha4_5,64,1024,4/5,100,zero,base,MYOPIC_K,32,2,0.5126847171783447,0.0011801591589087597,0.5830084204673767,0.0005859826666158981,0.09815420749534394,0.000552648430814918,0.0,0.0,0.8091360473632813,0.00016431221172924368,0.019228410720825196,6.325512527490395e-05,0.17163554191589356,0.00018813121843127355,0.5576124971388411
R16_H2048_alpha1_2_L100_cap_base,R16_H2048_alpha1_2,16,2048,1/2,100,cap,base,WHITTLE_K,32,1,7.641525802612304,0.06560170620386427,0.5911089384555817,0.001205585585034705,0.24764484402643805,0.0069274395543114835,0.0,0.0,0.8052653121948242,0.0005354228756993223,0.02127300262451172,0.0002657211425895823,0.17346168518066407,0.0002960822136556994,0.904141238418295
R16_H2048_alpha1_2_L100_cap_base,R16_H2048_alpha1_2,16,2048,1/2,100,cap,base,WHITTLE_K,32,2,3.0814318466186523,0.012938259529126351,0.06267048597335816,0.0012042661410182455,0.3492486376639805,0.00859249640199759,0.0,0.0,0.9685590362548828,0.0005313169438364917,0.017997856140136718,0.0002436869874222293,0.01344310760498047,0.00029276921470589425,0.09585876158170514
R16_H2048_alpha1_2_L100_cap_base,R16_H2048_alpha1_2,16,2048,1/2,100,cap,base,WHITTLE_P,32,1,7.762479400634765,0.06981455520988616,0.5854139792919159,0.001173603705702313,0.2717033052238963,0.008137202757100132,0.0,0.0,0.7975033950805664,0.0006329714162095473,0.035123558044433595,0.0004188396760919675,0.16737304687500001,0.00024096195343123962,0.9076987960660695
R16_H2048_alpha1_2_L100_cap_base,R16_H2048_alpha1_2,16,2048,1/2,100,cap,base,WHITTLE_P,32,2,3.099422950744629,0.01336768721548812,0.059529014825820924,0.0011813702665716545,0.3151864223939355,0.008237156078666407,0.0,0.0,0.9644150924682617,0.0006014946224596812,0.02543731689453125,0.00035733319296409706,0.010147590637207032,0.0002516855665954913,0.09230120393393043
R16_H2048_alpha1_2_L100_cap_base,R16_H2048_alpha1_2,16,2048,1/2,100,cap,base,LAGRANGIAN_K,32,1,7.901634216308594,0.06448520685611188,0.5758958458900452,0.0013283838020066584,0.243658535057726,0.0076376695144942585,0.0,0.0,0.7978615570068359,0.0004435326999127864,0.03883152008056641,0.00010243305953638591,0.16330692291259766,0.0003900625905656535,0.9673696219513164
R16_H2048_alpha1_2_L100_cap_base,R16_H2048_alpha1_2,16,2048,1/2,100,cap,base,LAGRANGIAN_K,32,2,3.5044800567626955,0.005472922674094216,0.019425562620162963,0.00018655435362535178,0.04542343446232716,0.0010103665872805937,0.0,0.0,0.9848761367797851,0.0001365493127091099,0.01342205047607422,0.00011750600469133485,0.001701812744140625,2.2529782110873407e-05,0.03263037804868371
R16_H2048_alpha1_2_L100_cap_base,R16_H2048_alpha1_2,16,2048,1/2,100,cap,base,LAGRANGIAN_NI,32,1,7.645247077941894,0.0664147776918523,0.5908287799358368,0.0012016634181611031,0.24251628047301016,0.007150050020478128,0.0,0.0,0.8024197769165039,0.0005286891705552731,0.02554725646972656,0.000259034448732409,0.17203296661376954,0.000297602367498898,0.9047630905586316
R16_H2048_alpha1_2_L100_cap_base,R16_H2048_alpha1_2,16,2048,1/2,100,cap,base,LAGRANGIAN_NI,32,2,3.0920298004150393,0.013081675460036853,0.06219164729118347,0.0011866186462736637,0.35061425213920416,0.00801476569767675,0.0,0.0,0.9644076919555664,0.0006207438487072665,0.024264717102050783,0.0003804694847388612,0.011327590942382813,0.00024415281288427213,0.09523690944136846
R16_H2048_alpha1_2_L100_cap_base,R16_H2048_alpha1_2,16,2048,1/2,100,cap,base,LAGRANGIAN_FC,32,1,7.591866416931152,0.06980507767546304,0.5943146288394928,0.0013064374886860442,0.25143483294370095,0.007707446314972526,0.0,0.0,0.8188755416870117,0.0003981523775043188,0.0,0.0,0.1811244583129883,0.0003981523775043181,0.9056428473470373
R16_H2048_alpha1_2_L100_cap_base,R16_H2048_alpha1_2,16,2048,1/2,100,cap,base,LAGRANGIAN_FC,32,2,3.1274506759643557,0.014048931527649841,0.06192047595977783,0.001305687661229499,0.38278432488143527,0.008930111341949699,0.0,0.0,0.9811289978027344,0.00039792385866042006,0.0,0.0,0.018871002197265625,0.00039792385866041876,0.09435715265296282
R16_H2048_alpha1_2_L100_cap_base,R16_H2048_alpha1_2,16,2048,1/2,100,cap,base,MYOPIC_K,32,1,18.828970527648927,0.09177487925284791,0.29431711077690126,0.0006811168305177648,6.396732363880746,0.033774218746929686,0.0,0.0,0.9098611831665039,0.0002061020668388054,0.00064483642578125,7.0299489174541584e-06,0.08949398040771485,0.00020828893424517384,0.44921663343198737
R16_H2048_alpha1_2_L100_cap_base,R16_H2048_alpha1_2,16,2048,1/2,100,cap,base,MYOPIC_K,32,2,1.0209782028198242,0.002745240994252081,0.36086145758628846,0.0006786899952937901,3.322275795170178,0.009856706568852272,0.0,0.0,0.8787092971801758,0.0002335999451469159,0.016499404907226563,5.24415461443888e-05,0.10479129791259766,0.0001955618380780757,0.5507833665680127
R64_H2048_alpha1_2_L100_cap_base,R64_H2048_alpha1_2,64,2048,1/2,100,cap,base,WHITTLE_K,32,1,30.596852588653565,0.1967525914872387,0.5993511334061623,0.0008869389535478662,1.4516610492726765,0.03023345996824569,0.0,0.0,0.8051711559295655,0.0003927724168920573,0.017747116088867188,0.00021413590181488778,0.17708172798156738,0.0002241810381869665,0.9160507264711673
R64_H2048_alpha1_2_L100_cap_base,R64_H2048_alpha1_2,64,2048,1/2,100,cap,base,WHITTLE_K,32,2,3.328311700820923,0.009750253256659425,0.05492609828710556,0.0008846929950188344,2.3571790616677055,0.03937163950709452,0.0,0.0,0.9739075183868409,0.0004023102290060455,0.013639936447143555,0.0001963208938163146,0.012452545166015625,0.0002096290332217294,0.08394927352883265
R64_H2048_alpha1_2_L100_cap_base,R64_H2048_alpha1_2,64,2048,1/2,100,cap,base,WHITTLE_P,32,1,31.005188579559327,0.1965230361452504,0.594318255186081,0.0008373559158191957,1.5910164036773777,0.030919413129915117,0.0,0.0,0.7969026565551758,0.00045109918306301803,0.03204217910766601,0.0003179897535964154,0.1710551643371582,0.00018299157894179026,0.9210396497447939
R64_H2048_alpha1_2_L100_cap_base,R64_H2048_alpha1_2,64,2048,1/2,100,cap,base,WHITTLE_P,32,2,3.3667534255981444,0.009767969577281928,0.05095065951347351,0.0008461045458560977,2.1763848982207543,0.037424127701395665,0.0,0.0,0.9714581680297851,0.0004471505329237479,0.01897876739501953,0.00028029183280104596,0.009563064575195313,0.00017325725769676604,0.07896035025520606
R64_H2048_alpha1_2_L100_cap_base,R64_H2048_alpha1_2,64,2048,1/2,100,cap,base,LAGRANGIAN_K,32,1,30.669425191879274,0.19505217531565056,0.5980428358912468,0.000877914887619017,1.4588318934974693,0.03007470373083984,0.0,0.0,0.8040548801422119,0.000370691466363209,0.019956483840942382,0.00017399933517572868,0.1759886360168457,0.00022567777392469291,0.9998890614257895
R64_H2048_alpha1_2_L100_cap_base,R64_H2048_alpha1_2,64,2048,1/2,100,cap,base,LAGRANGIAN_K,32,2,3.9983315181732175,0.002440103276140265,6.635338068008422e-05,2.0987747615468385e-06,0.0004796088004128192,2.4032941522394686e-05,0.0,0.0,0.9999372386932373,1.8561908970890478e-06,6.203651428222656e-05,1.7907324825880276e-06,7.2479248046875e-07,1.5906462784839225e-07,0.00011093857421059792
R64_H2048_alpha1_2_L100_cap_base,R64_H2048_alpha1_2,64,2048,1/2,100,cap,base,LAGRANGIAN_NI,32,1,30.596025123596192,0.1949112277004329,0.5993639919161796,0.0008786083162452648,1.4511392532208316,0.030206414552007774,0.0,0.0,0.8050160312652588,0.000377008373835327,0.01796762466430664,0.0001850587684076594,0.17701634407043457,0.00022400598921274914,0.91834107524708
R64_H2048_alpha1_2_L100_cap_base,R64_H2048_alpha1_2,64,2048,1/2,100,cap,base,LAGRANGIAN_NI,32,2,3.345382680892944,0.009534294258010915,0.053295469880104064,0.00084672867775557,2.2835449616561836,0.037638047288894146,0.0,0.0,0.9587989616394043,0.0006564868014162782,0.036397972106933595,0.0005816339203807517,0.0048030662536621095,7.682887474076449e-05,0.08165892475292011
R64_H2048_alpha1_2_L100_cap_base,R64_H2048_alpha1_2,64,2048,1/2,100,cap,base,LAGRANGIAN_FC,32,1,30.587928438186644,0.2178863496933372,0.6004530787467957,0.0009439840516416242,1.4870690572841556,0.03406168487345229,0.0,0.0,0.8170047760009765,0.0002876903776431611,0.0,0.0,0.18299522399902343,0.00028769037764316165,0.9149926994908241
R64_H2048_alpha1_2_L100_cap_base,R64_H2048_alpha1_2,64,2048,1/2,100,cap,base,LAGRANGIAN_FC,32,2,3.3248109340667726,0.010362378231608573,0.055785030126571655,0.0009435370361131114,2.4014131307577586,0.042140118626750905,0.0,0.0,0.9829988479614258,0.00028755414433923434,0.0,0.0,0.01700115203857422,0.000287554144339234,0.08500730050917595
R64_H2048_alpha1_2_L100_cap_base,R64_H2048_alpha1_2,64,2048,1/2,100,cap,base,MYOPIC_K,32,1,75.57101893424988,0.3436361481868858,0.293760176897049,0.0006533431698417914,29.88580836486891,0.14264729504031473,0.0,0.0,0.9103775405883789,0.00019880936889548828,0.00013934135437011717,1.9732912465670064e-06,0.08948311805725098,0.00019925669655891588,0.44831409936938543
R64_H2048_alpha1_2_L100_cap_base,R64_H2048_alpha1_2,64,2048,1/2,100,cap,base,MYOPIC_K,32,2,1.0177732753753663,0.002272809823082803,0.36149509459733964,0.0006508003178018314,16.95578068075928,0.03384342947245016,0.0,0.0,0.8790112209320068,0.0002264042697176758,0.015777482986450195,4.608718523244467e-05,0.10521129608154296,0.00018585590138011013,0.5516859006306145
R64_H2048_alpha1_4_L100_cap_base,R64_H2048_alpha1_4,64,2048,1/4,100,cap,base,WHITTLE_K,32,1,69.19984369277954,0.44872063392419126,0.32534690380096437,1.667988509372125e-05,2.6097556735386744,0.04513957022857041,0.0,0.0,0.870887451171875,0.0001183755002976657,0.04369050979614258,0.00017695583178477847,0.08542203903198242,5.87921234837243e-05,0.99985722619518
R64_H2048_alpha1_4_L100_cap_base,R64_H2048_alpha1_4,64,2048,1/4,100,cap,base,WHITTLE_K,32,2,4.001472501754761,0.0024051158619450455,4.645764827728271e-05,1.3180999060144647e-05,0.009242547519034914,0.0026659157988018203,0.0,0.0,0.9999750709533691,6.690620458780847e-06,1.5707015991210936e-05,3.925605865298065e-06,9.222030639648437e-06,2.803410592062968e-06,0.00014277380482001528
R64_H2048_alpha1_4_L100_cap_base,R64_H2048_alpha1_4,64,2048,1/4,100,cap,base,WHITTLE_P,32,1,71.41138704299927,0.42371219239103153,0.31642491281032564,4.1290618002224746e-05,2.6442487217773363,0.04489279596881032,0.0,0.0,0.8583518409729004,0.0001376509381378529,0.06593693733215332,0.0002035882429329658,0.07571122169494629,6.762469471106408e-05,0.9999000821131443
R64_H2048_alpha1_4_L100_cap_base,R64_H2048_alpha1_4,64,2048,1/4,100,cap,base,WHITTLE_P,32,2,4.001758441925049,0.0024227121412124706,3.161966800689697e-05,1.1944791221833787e-05,0.0062862759815466565,0.0024098188188775185,0.0,0.0,0.99997953414917,7.357418758024883e-06,1.57928466796875e-05,5.446702406145691e-06,4.673004150390625e-06,1.959377205931488e-06,9.991788685563613e-05
R64_H2048_alpha1_4_L100_cap_base,R64_H2048_alpha1_4,64,2048,1/4,100,cap,base,LAGRANGIAN_K,32,1,76.67327597618103,0.33487951991226494,0.28761779844760893,0.000542527982015007,1.781071119434603,0.03682897777203633,0.0,0.0,0.873377513885498,0.0001984490877878798,0.056827659606933596,0.00014074219120179242,0.06979482650756835,0.00016746104086875504,1.0
R64_H2048_alpha1_4_L100_cap_base,R64_H2048_alpha1_4,64,2048,1/4,100,cap,base,LAGRANGIAN_K,32,2,4.0023298263549805,0.0024325883637202734,0.0,0.0,0.0,0.0,0.0,0.0,1.0,0.0,0.0,0.0,0.0,0.0,0.0
R64_H2048_alpha1_4_L100_cap_base,R64_H2048_alpha1_4,64,2048,1/4,100,cap,base,LAGRANGIAN_NI,32,1,69.35777978897094,0.4504960016733659,0.3242964488267899,1.7557355379197564e-05,2.5719459264420608,0.039527836634893294,0.0,0.0,0.8596029472351074,0.0001449849782548788,0.06061394691467285,0.00021696361224311079,0.07978310585021972,7.212301410557538e-05,0.9998830858316552
R64_H2048_alpha1_4_L100_cap_base,R64_H2048_alpha1_4,64,2048,1/4,100,cap,base,LAGRANGIAN_NI,32,2,4.001597299575805,0.002435622830806815,3.7919282913208005e-05,1.1576263781495869e-05,0.0075437433269234,0.0023339901172657355,0.0,0.0,0.9999636459350586,1.1161167963632173e-05,3.6163330078125e-05,1.1132559182437509e-05,1.9073486328124998e-07,8.306879268394062e-08,0.0001169141683448797
R64_H2048_alpha1_4_L100_cap_base,R64_H2048_alpha1_4,64,2048,1/4,100,cap,base,LAGRANGIAN_FC,32,1,68.79647028923034,0.404740852208384,0.32807458788156507,1.4516948986459464e-05,2.9953531751012195,0.03936889209346906,0.0,0.0,0.9000153636932373,4.42421302444476e-06,0.0,0.0,0.0999846363067627,4.424213024444958e-06,0.9998463630676269
R64_H2048_alpha1_4_L100_cap_base,R64_H2048_alpha1_4,64,2048,1/4,100,cap,base,LAGRANGIAN_FC,32,2,4.001378049850464,0.002446174688942515,5.0412118434906005e-05,1.4516948986459611e-05,0.010061420535235364,0.0029380665695143055,0.0,0.0,0.9999846363067627,4.42421302444593e-06,0.0,0.0,1.5363693237304687e-05,4.4242130244448335e-06,0.00015363693237304687
R64_H2048_alpha1_4_L100_cap_base,R64_H2048_alpha1_4,64,2048,1/4,100,cap,base,MYOPIC_K,32,1,124.27587262153625,0.41779043906464486,0.1521514078974724,0.0004289144989614517,20.09924894230665,0.1152794581999683,1.1539459228515625e-06,8.598692835153725e-07,0.9535855197906494,0.0001303483623895418,6.493568420410157e-05,1.5144371004181122e-06,0.04634954452514649,0.00013088807376915106,0.4642657205461985
R64_H2048_alpha1_4_L100_cap_base,R64_H2048_alpha1_4,64,2048,1/4,100,cap,base,MYOPIC_K,32,2,1.8619568061828613,0.002773247113966595,0.1755734297633171,0.0004277341750800751,35.905707282889175,0.08976304116702773,0.0,0.0,0.9421460819244385,0.00014331356154997427,0.006337661743164062,2.394815780418826e-05,0.05151625633239746,0.00012469183652472516,0.5357342794538014
R1_H2048_alpha1_2_L50_zero_base,R1_H2048_alpha1_2,1,2048,1/2,50,zero,base,WHITTLE_K,32,1,1.1743647003173827,0.0016526338802642037,0.3169092106819153,0.0002837623706200697,0.033804478278526895,0.00014840061218727367,0.0,0.0,0.8702559661865235,9.87768245430391e-05,0.04836151123046875,6.677350385773421e-05,0.08138252258300781,8.852101842688074e-05,0.487458412065938
R1_H2048_alpha1_2_L50_zero_base,R1_H2048_alpha1_2,1,2048,1/2,50,zero,base,WHITTLE_K,32,2,1.1158888244628906,0.001845108886293761,0.3332164263725281,0.00028167247731953157,0.03054799830908523,0.00012016836241938964,0.0,0.0,0.8646317291259765,0.0001142379363443604,0.049315872192382815,7.277511931394782e-05,0.08605239868164062,8.018499857766456e-05,0.512541587934062
R1_H2048_alpha1_2_L50_zero_base,R1_H2048_alpha1_2,1,2048,1/2,50,zero,base,WHITTLE_P,32,1,1.202525863647461,0.0015921977144843073,0.30912726402282714,0.0002501994380668838,0.03608778833087738,0.00017937930551256635,0.0,0.0,0.8498843383789062,0.00011160331903007136,0.08152877807617187,8.416703268747326e-05,0.06858688354492187,7.068853741953793e-05,0.48935732120508757
R1_H2048_alpha1_2_L50_zero_base,R1_H2048_alpha1_2,1,2048,1/2,50,zero,base,WHITTLE_P,32,2,1.1515242767333984,0.0019105135429480157,0.3225732350349426,0.000258547200162576,0.03181535191058875,0.0001584167512608045,0.0,0.0,0.8485897064208985,0.00011440887905092062,0.0774407958984375,8.851916982249972e-05,0.07396949768066406,7.428114162784562e-05,0.5106426787949125
R1_H2048_alpha1_2_L50_zero_base,R1_H2048_alpha1_2,1,2048,1/2,50,zero,base,LAGRANGIAN_K,32,1,1.2867914581298827,0.0013295634265943245,0.2834981560707092,0.0002813925045769816,0.03617451788688339,0.00016848686166045723,0.0,0.0,0.8708757781982421,0.00010236272192054771,0.062306976318359374,6.500116462845914e-05,0.06681724548339844,8.515031345797944e-05,0.49188483223403817
R1_H2048_alpha1_2_L50_zero_base,R1_H2048_alpha1_2,1,2048,1/2,50,zero,base,LAGRANGIAN_K,32,2,1.2439498901367188,0.0015817258766853543,0.292852520942688,0.0003187246106156478,0.026200609024941167,0.000134203102234261,0.0,0.0,0.8678172302246094,0.0001320344957612415,0.06260986328125,7.217457697044813e-05,0.06957290649414062,8.60622190034265e-05,0.5081151677659618
R1_H2048_alpha1_2_L50_zero_base,R1_H2048_alpha1_2,1,2048,1/2,50,zero,base,LAGRANGIAN_NI,32,1,1.1803551483154298,0.001527880939890797,0.31505260705947874,0.0002653539530113885,0.03363781343344621,0.00014955923272993828,0.0,0.0,0.8556414031982422,0.00010977876396348914,0.07049957275390625,7.617459714330836e-05,0.07385902404785157,7.640354160241936e-05,0.48695178985090193
R1_H2048_alpha1_2_L50_zero_base,R1_H2048_alpha1_2,1,2048,1/2,50,zero,base,LAGRANGIAN_NI,32,2,1.119673080444336,0.001859424110086725,0.33193671226501464,0.0002671649637764432,0.029910127147761176,0.00013744280023446232,0.0,0.0,0.8483474731445313,0.00011322355816873951,0.07363250732421875,8.507153770102849e-05,0.07802001953125,7.789038222753324e-05,0.5130482101490982
R1_H2048_alpha1_2_L50_zero_base,R1_H2048_alpha1_2,1,2048,1/2,50,zero,base,LAGRANGIAN_FC,32,1,1.1911634826660156,0.0016765561715387685,0.3138854384422302,0.00028212374027548177,0.04105521033641577,0.00018747601141742257,0.0,0.0,0.9043396759033203,8.598056846490872e-05,0.0,0.0,0.09566032409667968,8.598056846490851e-05,0.4783145753230468
R1_H2048_alpha1_2_L50_zero_base,R1_H2048_alpha1_2,1,2048,1/2,50,zero,base,LAGRANGIAN_FC,32,2,1.091545639038086,0.0018712879531990986,0.34234678745269775,0.000281394179789902,0.036326089457265676,0.00015196573823749685,0.0,0.0,0.8956657409667969,8.575822622168547e-05,0.0,0.0,0.10433425903320312,8.57582262216847e-05,0.5216854246769531
R1_H2048_alpha1_2_L50_zero_base,R1_H2048_alpha1_2,1,2048,1/2,50,zero,base,MYOPIC_K,32,1,1.1737904357910156,0.0017108465813966385,0.3178910207748413,0.00028496371983744855,0.03640942451184051,0.00016020445814831597,0.0,0.0,0.8863874816894531,9.234378704941436e-05,0.0244000244140625,5.69192485290695e-05,0.08921249389648438,9.004969070010611e-05,0.4867419229321541
R1_H2048_alpha1_2_L50_zero_base,R1_H2048_alpha1_2,1,2048,1/2,50,zero,base,MYOPIC_K,32,2,1.1122637939453126,0.0018685293770436804,0.3352087140083313,0.00028326276709439544,0.03180784089626349,0.00012204939044158702,0.0,0.0,0.880199203491211,0.00010106254864418812,0.02572784423828125,5.2864105412991975e-05,0.09407295227050781,8.405500694055557e-05,0.5132580770678459
R1_H2048_alpha1_2_L200_zero_base,R1_H2048_alpha1_2,1,2048,1/2,200,zero,base,WHITTLE_K,32,1,1.1514323616027833,0.0008765167041948992,0.31668415367603303,0.00011276896519948882,0.011984039571852425,6.17497255814088e-05,0.0,0.0,0.853889217376709,5.867077112797258e-05,0.0723297119140625,4.926913818818317e-05,0.07378107070922851,3.01281023508722e-05,0.4838438654474611
R1_H2048_alpha1_2_L200_zero_base,R1_H2048_alpha1_2,1,2048,1/2,200,zero,base,WHITTLE_K,32,2,1.077563018798828,0.000819192629543577,0.3378330910205841,0.00011289320059461449,0.007650467710527494,3.546399222686262e-05,0.0,0.0,0.8437408065795898,5.378406291034125e-05,0.07772994995117187,4.331619535788007e-05,0.07852924346923829,3.1466640160537244e-05,0.5161561345525388
R1_H2048_alpha1_2_L200_zero_base,R1_H2048_alpha1_2,1,2048,1/2,200,zero,base,WHITTLE_P,32,1,1.1532847595214843,0.0008920192382254682,0.3160599732398987,0.0001190770143656986,0.011421402844014456,5.96373078628795e-05,0.0,0.0,0.847455825805664,5.314545897692468e-05,0.08198915481567383,4.519178728123218e-05,0.07055501937866211,3.5607826120502945e-05,0.48870178574296635
R1_H2048_alpha1_2_L200_zero_base,R1_H2048_alpha1_2,1,2048,1/2,200,zero,base,WHITTLE_P,32,2,1.1012253189086914,0.0007970079553239851,0.3306738477945328,0.00012011736111082232,0.007654378541684303,4.0302977728987204e-05,0.0,0.0,0.8454272270202636,5.6119734699819445e-05,0.07845247268676758,4.903239150436963e-05,0.07612030029296875,3.558658351536724e-05,0.5112982142570336
R1_H2048_alpha1_2_L200_zero_base,R1_H2048_alpha1_2,1,2048,1/2,200,zero,base,LAGRANGIAN_K,32,1,1.2046513748168945,0.0007291226869972577,0.30132155656814574,0.00015135826670957815,0.0140762266183596,5.702333697779414e-05,0.0,0.0,0.8616529083251954,6.860503622109887e-05,0.0678354835510254,4.664274012947131e-05,0.0705116081237793,4.036817728315055e-05,0.4917582131289077
R1_H2048_alpha1_2_L200_zero_base,R1_H2048_alpha1_2,1,2048,1/2,200,zero,base,LAGRANGIAN_K,32,2,1.1652338409423828,0.000621283603792574,0.31142175614833834,0.0001267095701547765,0.007472347556282643,4.303501290264188e-05,0.0,0.0,0.8618635749816894,6.758130747731077e-05,0.0630392837524414,4.9966305436362816e-05,0.07509714126586914,2.942836527145742e-05,0.5082417868710922
R1_H2048_alpha1_2_L200_zero_base,R1_H2048_alpha1_2,1,2048,1/2,200,zero,base,LAGRANGIAN_NI,32,1,1.1488846969604491,0.0008866996176925803,0.31723919391632077,0.00012267436704826073,0.011048378942206045,5.6847134087727534e-05,0.0,0.0,0.8499263000488282,5.250773098913698e-05,0.07786228179931641,4.0923737304818484e-05,0.07221141815185547,3.607049344446546e-05,0.4875130857364584
R1_H2048_alpha1_2_L200_zero_base,R1_H2048_alpha1_2,1,2048,1/2,200,zero,base,LAGRANGIAN_NI,32,2,1.0916934204101563,0.0007889693750305511,0.3334904032945633,0.00012157132946169559,0.007211366785555323,3.743424962911988e-05,0.0,0.0,0.8451852989196778,5.924092952489017e-05,0.07755348205566406,5.103946483739682e-05,0.0772612190246582,3.48152101362085e-05,0.5124869142635416
R1_H2048_alpha1_2_L200_zero_base,R1_H2048_alpha1_2,1,2048,1/2,200,zero,base,LAGRANGIAN_FC,32,1,1.1645833587646484,0.0007995931739180797,0.315192351937294,0.00012364347928286938,0.01953504835111914,6.407364516043314e-05,0.0,0.0,0.8937373161315918,6.447577529696187e-05,0.014880924224853516,7.131891030000467e-05,0.09138175964355469,4.199935473813438e-05,0.4802931077139718
R1_H2048_alpha1_2_L200_zero_base,R1_H2048_alpha1_2,1,2048,1/2,200,zero,base,LAGRANGIAN_FC,32,2,1.0732554244995116,0.0007622813724791777,0.341057648062706,0.00012364347928286938,0.013803751905109504,3.621512108514033e-05,0.0,0.0,0.8851941108703614,6.629291715679565e-05,0.015844078063964845,7.553016529131359e-05,0.09896181106567382,4.300458632679258e-05,0.5197068922860282
R1_H2048_alpha1_2_L200_zero_base,R1_H2048_alpha1_2,1,2048,1/2,200,zero,base,MYOPIC_K,32,1,1.1479427337646484,0.0008621143880898432,0.3181456339359283,0.0001245993074049295,0.013412594343165633,6.512055179067057e-05,0.0,0.0,0.882712516784668,4.505602571403124e-05,0.02964618682861328,4.28518381888323e-05,0.08764129638671875,4.182743741147338e-05,0.48705101230806447
R1_H2048_alpha1_2_L200_zero_base,R1_H2048_alpha1_2,1,2048,1/2,200,zero,base,MYOPIC_K,32,2,1.0882758331298827,0.0008457168647248125,0.3350623995065689,0.00012365943597142877,0.009674282439859537,4.61319965807e-05,0.0,0.0,0.8798426628112793,5.198602646526287e-05,0.026312828063964844,3.5782701915466076e-05,0.09384450912475586,3.514250138434409e-05,0.5129489876919355
R1_H2048_alpha1_2_L400_zero_base,R1_H2048_alpha1_2,1,2048,1/2,400,zero,base,WHITTLE_K,32,1,1.14453932762146,0.0006359100474646371,0.3176629802584648,0.00011114772624468409,0.007395409461974221,3.586791618739218e-05,0.0,0.0,0.8547379398345948,5.513434666512437e-05,0.07065695762634278,4.682800187922194e-05,0.0746051025390625,3.113304448435986e-05,0.4842638455778921
R1_H2048_alpha1_2_L400_zero_base,R1_H2048_alpha1_2,1,2048,1/2,400,zero,base,WHITTLE_K,32,2,1.071771354675293,0.0005743161571377705,0.3383078983426094,0.00011097001906596203,0.0032789833029812625,1.8098582006295116e-05,0.0,0.0,0.8448289394378662,4.921236478154476e-05,0.07593206405639649,3.711706177998844e-05,0.0792389965057373,3.147921601273574e-05,0.5157361544221079
R1_H2048_alpha1_2_L400_zero_base,R1_H2048_alpha1_2,1,2048,1/2,400,zero,base,WHITTLE_P,32,1,1.1397745418548584,0.0006221691268066783,0.3189959406852722,0.00010969234260970643,0.006912358068701419,3.183409095639865e-05,0.0,0.0,0.847562484741211,5.345377719287905e-05,0.08052873611450195,4.579910603141641e-05,0.07190877914428712,3.1295695963014233e-05,0.4890627234326822
R1_H2048_alpha1_2_L400_zero_base,R1_H2048_alpha1_2,1,2048,1/2,400,zero,base,WHITTLE_P,32,2,1.0883137893676758,0.000588931972522306,0.3332638317346573,0.0001099971345712276,0.0033312086433328557,2.014530939494132e-05,0.0,0.0,0.8433590507507325,5.167521897645682e-05,0.0803174591064453,4.67485698761002e-05,0.07632349014282226,3.319344828998223e-05,0.5109372765673178
R1_H2048_alpha1_2_L400_zero_base,R1_H2048_alpha1_2,1,2048,1/2,400,zero,base,LAGRANGIAN_K,32,1,1.1796319675445557,0.0005349761892123626,0.30751319020986556,0.00011258310781774135,0.009208538181799935,3.266618747182912e-05,0.0,0.0,0.8590492725372314,5.43676094674126e-05,0.068880615234375,3.794998498354966e-05,0.07207011222839356,2.854287242780204e-05,0.49219454468924345
R1_H2048_alpha1_2_L400_zero_base,R1_H2048_alpha1_2,1,2048,1/2,400,zero,base,LAGRANGIAN_K,32,2,1.1417463874816896,0.00045690724787043744,0.3172665712237358,0.00012257820814982719,0.0035865987850266182,2.2906530956849058e-05,0.0,0.0,0.8615506076812744,5.566955301512353e-05,0.06089799880981445,3.993408847391655e-05,0.07755139350891113,3.340613179084168e-05,0.5078054553107566
R1_H2048_alpha1_2_L400_zero_base,R1_H2048_alpha1_2,1,2048,1/2,400,zero,base,LAGRANGIAN_NI,32,1,1.1376124286651612,0.0006394743553120727,0.31956700801849364,0.00010998723792164133,0.006741804025318975,3.2133251894535286e-05,0.0,0.0,0.8487223815917969,5.381359709996769e-05,0.07858341217041015,4.7018787155220376e-05,0.07269420623779296,3.17188401881968e-05,0.48857463542742274
R1_H2048_alpha1_2_L400_zero_base,R1_H2048_alpha1_2,1,2048,1/2,400,zero,base,LAGRANGIAN_NI,32,2,1.083987684249878,0.0005862359242434533,0.3345132181048393,0.00011012305065492836,0.0031272772803863256,1.873228001891079e-05,0.0,0.0,0.8432988834381103,5.5059509304828484e-05,0.07984992027282715,5.1774121168592395e-05,0.07685119628906249,3.310003032693334e-05,0.5114253645725773
R1_H2048_alpha1_2_L400_zero_base,R1_H2048_alpha1_2,1,2048,1/2,400,zero,base,LAGRANGIAN_FC,32,1,1.1575110244750977,0.0006352924762924038,0.3143405932188034,0.00011574395251229261,0.009307195722369847,3.577150012108442e-05,0.0,0.0,0.8497027778625488,5.5319793836283245e-05,0.07947651863098144,3.8625556658669806e-05,0.07082070350646973,2.9678943337204337e-05,0.4789951896667481
R1_H2048_alpha1_2_L400_zero_base,R1_H2048_alpha1_2,1,2048,1/2,400,zero,base,LAGRANGIAN_FC,32,2,1.0607797813415527,0.0005791242531085164,0.3419094067811966,0.00011574395251229261,0.003870265972706946,1.6422140279279142e-05,0.0,0.0,0.8355070304870605,5.196172194410731e-05,0.08792584419250488,3.9567193451431336e-05,0.07656712532043457,3.2697079409860674e-05,0.521004810333252
R1_H2048_alpha1_2_L400_zero_base,R1_H2048_alpha1_2,1,2048,1/2,400,zero,base,MYOPIC_K,32,1,1.1410648727416992,0.0005904071553248862,0.3191228565573692,9.93509744334101e-05,0.008746946482689972,4.0260945282502106e-05,0.0,0.0,0.8797373676300049,4.144679320895359e-05,0.03355062484741211,5.014894714523444e-05,0.08671200752258301,3.6606461050805926e-05,0.48724996962851624
R1_H2048_alpha1_2_L400_zero_base,R1_H2048_alpha1_2,1,2048,1/2,400,zero,base,MYOPIC_K,32,2,1.082811164855957,0.0005663715432786184,0.3358240422606468,9.871654949957091e-05,0.005927071273018774,2.1710397667632053e-05,0.0,0.0,0.8784120655059815,3.798808969557765e-05,0.02806060791015625,4.450413458774306e-05,0.0935273265838623,3.579124594002435e-05,0.5127500303714838
R1_H2048_alpha1_2_L800_zero_base,R1_H2048_alpha1_2,1,2048,1/2,800,zero,base,WHITTLE_K,32,1,1.136063404083252,0.00026503038475405173,0.3193991316854954,5.943582631118511e-05,0.0048359348911619585,1.862727353933041e-05,0.0,0.0,0.8542877912521363,4.271468252911741e-05,0.07054180145263672,5.468637520827147e-05,0.07517040729522705,2.412769073251706e-05,0.4868229625605256
R1_H2048_alpha1_2_L800_zero_base,R1_H2048_alpha1_2,1,2048,1/2,800,zero,base,WHITTLE_K,32,2,1.0757142305374146,0.00033117928374303603,0.33668974712491034,5.937313805307848e-05,0.0013335978407432024,8.739684312997029e-06,0.0,0.0,0.8448099279403687,4.108875710330685e-05,0.07667896747589112,6.116575766924732e-05,0.07851110458374023,2.9656482395672018e-05,0.5131770374394743
R1_H2048_alpha1_2_L800_zero_base,R1_H2048_alpha1_2,1,2048,1/2,800,zero,base,WHITTLE_P,32,1,1.1335935831069945,0.00028054262434477466,0.3201089309155941,6.321050831612518e-05,0.004644303634136866,1.9418543216379155e-05,0.0,0.0,0.8504817247390747,4.364543156197712e-05,0.07577684879302979,5.677840954012305e-05,0.07374142646789551,2.610170680941347e-05,0.4892601999833515
R1_H2048_alpha1_2_L800_zero_base,R1_H2048_alpha1_2,1,2048,1/2,800,zero,base,WHITTLE_P,32,2,1.0837755441665649,0.0003383950733010981,0.3341624177992344,6.246546178854724e-05,0.0012530278850990245,1.0523621155555896e-05,0.0,0.0,0.8432590055465699,4.6266713522845206e-05,0.08006398677825928,6.862260522062021e-05,0.0766770076751709,3.205299450666477e-05,0.5107398000166484
R1_H2048_alpha1_2_L800_zero_base,R1_H2048_alpha1_2,1,2048,1/2,800,zero,base,LAGRANGIAN_K,32,1,1.1635371446609497,0.00024360205226489357,0.31162154003977777,5.678527788699914e-05,0.006574186575642341,1.7982717244393918e-05,0.0,0.0,0.858378701210022,3.088660968522565e-05,0.0680325984954834,3.8613900471012484e-05,0.07358870029449463,2.1636433869545245e-05,0.49262850575882516
R1_H2048_alpha1_2_L800_zero_base,R1_H2048_alpha1_2,1,2048,1/2,800,zero,base,LAGRANGIAN_K,32,2,1.1271683692932128,0.0002485172864446394,0.3209474980831146,8.159155773756556e-05,0.0014699528804027857,1.1454127228686414e-05,0.0,0.0,0.8626025772094726,3.5086982585463144e-05,0.057727909088134764,2.895366715371084e-05,0.07966951370239257,2.45139035451108e-05,0.5073714942411749
R1_H2048_alpha1_2_L800_zero_base,R1_H2048_alpha1_2,1,2048,1/2,800,zero,base,LAGRANGIAN_NI,32,1,1.1324620056152344,0.00026475643189530766,0.32041994109749794,6.204841261253183e-05,0.0045413767973788875,1.873907261576354e-05,0.0,0.0,0.8510517835617065,4.294616439381792e-05,0.07480728626251221,5.5979626119119835e-05,0.07414093017578124,2.5710456156777152e-05,0.48913732505051827
R1_H2048_alpha1_2_L800_zero_base,R1_H2048_alpha1_2,1,2048,1/2,800,zero,base,LAGRANGIAN_NI,32,2,1.0821648406982423,0.0003252359475453842,0.33465159952640533,6.218138665186224e-05,0.0011785898319260012,1.055241199626595e-05,0.0,0.0,0.8431573295593262,4.3052487432564025e-05,0.0799948501586914,6.363782560178864e-05,0.07684782028198242,3.0772992117538984e-05,0.5108626749494818
R1_H2048_alpha1_2_L800_zero_base,R1_H2048_alpha1_2,1,2048,1/2,800,zero,base,LAGRANGIAN_FC,32,1,1.1416286993026734,0.00026888521437724985,0.3180230529606342,6.0531649786672155e-05,0.005812305526145135,2.0132512919758932e-05,0.0,0.0,0.8599605321884155,4.430641559200311e-05,0.0628806447982788,5.9194393498753306e-05,0.07715882301330566,2.6416155897856096e-05,0.484606556892395
R1_H2048_alpha1_2_L800_zero_base,R1_H2048_alpha1_2,1,2048,1/2,800,zero,base,LAGRANGIAN_FC,32,2,1.0708722829818726,0.0003240607978746822,0.3382269470393658,6.0531649786672155e-05,0.0015196690768620803,9.033689532130863e-06,0.0,0.0,0.8464098596572875,4.240520665944983e-05,0.0736625337600708,5.759458967140869e-05,0.0799276065826416,2.6732970953590845e-05,0.515393443107605
R1_H2048_alpha1_2_L800_zero_base,R1_H2048_alpha1_2,1,2048,1/2,800,zero,base,MYOPIC_K,32,1,1.1371978855133056,0.00026287561535628896,0.3194942566752434,5.225189280680273e-05,0.006029012625837379,2.1641890663004058e-05,0.0,0.0,0.8779868793487549,3.371639804831024e-05,0.035938353538513185,3.9293205428807135e-05,0.08607476711273193,1.8276352973876428e-05,0.4872728214935986
R1_H2048_alpha1_2_L800_zero_base,R1_H2048_alpha1_2,1,2048,1/2,800,zero,base,MYOPIC_K,32,2,1.07979474067688,0.00037253898533174887,0.3361841283738613,5.231876969782187e-05,0.004039553083659414,1.2988737275535e-05,0.0,0.0,0.8774505281448364,4.3631803768974503e-05,0.029302811622619628,5.4472076066794014e-05,0.09324666023254395,2.075490762832726e-05,0.5127271785064014
R1_H2048_alpha1_2_L1600_zero_base,R1_H2048_alpha1_2,1,2048,1/2,1600,zero,base,WHITTLE_K,32,1,1.1296610045433044,0.0003804628372335407,0.32089572831988333,5.1354399740039176e-05,0.003134351986886057,1.9211789072832356e-05,0.0,0.0,0.8564716005325317,3.6179413498727175e-05,0.06669192552566529,4.3748852300710295e-05,0.07683647394180299,1.8942377251172483e-05,0.4890316133591758
R1_H2048_alpha1_2_L1600_zero_base,R1_H2048_alpha1_2,1,2048,1/2,1600,zero,base,WHITTLE_K,32,2,1.0789718079566955,0.0003065966132389003,0.33529033318161966,5.137486548358953e-05,0.00040851010029972404,3.9769077170270245e-06,0.0,0.0,0.8449336576461792,6.170290885335348e-05,0.07712049007415771,8.178591213918508e-05,0.07794585227966308,2.6734820559562675e-05,0.5109683866408243
R1_H2048_alpha1_2_L1600_zero_base,R1_H2048_alpha1_2,1,2048,1/2,1600,zero,base,WHITTLE_P,32,1,1.1291282868385315,0.0003921209026802193,0.3210532835125923,5.063320522414951e-05,0.003094960987264367,1.9755195648621032e-05,0.0,0.0,0.8549218654632569,3.780303893088111e-05,0.06888193130493164,4.677142281768901e-05,0.07619620323181152,1.948809463052807e-05,0.4898972515528866
R1_H2048_alpha1_2_L1600_zero_base,R1_H2048_alpha1_2,1,2048,1/2,1600,zero,base,WHITTLE_P,32,2,1.0821793961524964,0.0003036877752550336,0.33429491959512236,5.0862595830576354e-05,0.0003122557931724677,4.706421332606753e-06,0.0,0.0,0.8438501858711243,6.408808051838847e-05,0.0791429591178894,8.513633700952831e-05,0.07700685501098634,2.7311336479372702e-05,0.5101027484471135
R1_H2048_alpha1_2_L1600_zero_base,R1_H2048_alpha1_2,1,2048,1/2,1600,zero,base,LAGRANGIAN_K,32,1,1.150611071586609,0.0003308380621666736,0.31497840866446497,5.987115262526943e-05,0.004689691263993904,1.927921216622716e-05,0.0,0.0,0.8594018411636353,4.642588840019919e-05,0.06504857778549195,4.98416161058249e-05,0.0755495810508728,1.6685222350497617e-05,0.49373685752876273
R1_H2048_alpha1_2_L1600_zero_base,R1_H2048_alpha1_2,1,2048,1/2,1600,zero,base,LAGRANGIAN_K,32,2,1.1195198750495912,0.00019220459338254887,0.3229695262759924,5.8515031185351107e-05,0.00039434684917262844,5.6421583009676e-06,0.0,0.0,0.8636255574226379,2.645397784759268e-05,0.05533738374710083,1.720298828418268e-05,0.08103705883026123,1.536372653595271e-05,0.5062631424712374
R1_H2048_alpha1_2_L1600_zero_base,R1_H2048_alpha1_2,1,2048,1/2,1600,zero,base,LAGRANGIAN_NI,32,1,1.1284725666046143,0.0003871822752872111,0.32123711675405503,5.00072790130334e-05,0.0030284709826031344,1.9326441080899806e-05,0.0,0.0,0.8551926898956299,3.711659949255528e-05,0.06840527534484864,4.587298340959091e-05,0.07640203475952148,1.9200644703287357e-05,0.48993095747718135
R1_H2048_alpha1_2_L1600_zero_base,R1_H2048_alpha1_2,1,2048,1/2,1600,zero,base,LAGRANGIAN_NI,32,2,1.081660876274109,0.0002992417645541153,0.3344412229210138,4.9904412908219465e-05,0.0002939111674211244,4.367116732908922e-06,0.0,0.0,0.8437452387809753,6.333310398917647e-05,0.0792309832572937,8.435126696319894e-05,0.07702377796173096,2.7112799841223836e-05,0.5100690425228186
R1_H2048_alpha1_2_L1600_zero_base,R1_H2048_alpha1_2,1,2048,1/2,1600,zero,base,LAGRANGIAN_FC,32,1,1.1325078773498536,0.00037522977777925857,0.32015753991901874,5.216101861190845e-05,0.0035585836542690176,1.99174980985624e-05,0.0,0.0,0.8581758666038514,3.31032916576082e-05,0.0645346212387085,3.8072543049179684e-05,0.07728951215744019,1.7939797497088467e-05,0.48785910844802854
R1_H2048_alpha1_2_L1600_zero_base,R1_H2048_alpha1_2,1,2048,1/2,1600,zero,base,LAGRANGIAN_FC,32,2,1.076404435634613,0.00030577937141830947,0.33609246008098126,5.216101861190845e-05,0.00046748045566468425,3.7569854580527856e-06,0.0,0.0,0.845535147190094,5.800734759995007e-05,0.07588681697845459,7.498696881732867e-05,0.07857803583145141,2.436281372463289e-05,0.5121408915519714
R1_H2048_alpha1_2_L1600_zero_base,R1_H2048_alpha1_2,1,2048,1/2,1600,zero,base,MYOPIC_K,32,1,1.13298748254776,0.00030402148254157687,0.3202400694787502,5.473835424822184e-05,0.004041969886498725,2.0712004294080087e-05,0.0,0.0,0.8750245523452759,3.706416254463204e-05,0.03992694139480591,5.518755850591164e-05,0.08504850625991821,2.708171793869297e-05,0.4881997289286105
R1_H2048_alpha1_2_L1600_zero_base,R1_H2048_alpha1_2,1,2048,1/2,1600,zero,base,MYOPIC_K,32,2,1.0800124764442443,0.00036026776824540723,0.3357211089134216,5.4743152870100145e-05,0.002749940524784279,7.844117536799678e-06,0.0,0.0,0.8743911743164062,3.959587135576346e-05,0.033970155715942384,6.261712604920845e-05,0.09163866996765137,3.032509892013892e-05,0.5118002710713895
R16_H2048_alpha1_2_L50_zero_base,R16_H2048_alpha1_2,16,2048,1/2,50,zero,base,WHITTLE_K,32,1,8.236006240844727,0.08475026886265775,0.5720943260192871,0.0011842955770317136,0.48737812731069685,0.013788084385090117,0.0,0.0,0.812064208984375,0.000566177353737755,0.019808883666992187,0.0003663661051236777,0.1681269073486328,0.0002919566759039898,0.8754815351353303
R16_H2048_alpha1_2_L50_zero_base,R16_H2048_alpha1_2,16,2048,1/2,50,zero,base,WHITTLE_K,32,2,3.0169136047363283,0.013486624174210534,0.08136814355850219,0.001174250355227712,0.5970400131942195,0.009036997502008561,0.0,0.0,0.9635002899169922,0.0004898804868533904,0.017065124511718748,0.0002026051297641923,0.019434585571289062,0.0002994589371520393,0.12451846486466961
R16_H2048_alpha1_2_L50_zero_base,R16_H2048_alpha1_2,16,2048,1/2,50,zero,base,WHITTLE_P,32,1,8.504054412841796,0.08858112610545987,0.5606691169738769,0.00101887455955719,0.5720756169359743,0.01645340809863481,0.0,0.0,0.7991558837890625,0.0006393093928650286,0.043711395263671876,0.0005314226498530292,0.15713272094726563,0.0002050369249876366,0.8833846358430879
R16_H2048_alpha1_2_L50_zero_base,R16_H2048_alpha1_2,16,2048,1/2,50,zero,base,WHITTLE_P,32,2,3.0610953521728517,0.013000008553268041,0.07401377677917481,0.0010214553969032883,0.5220608450429786,0.007479774670591914,0.0,0.0,0.9585311889648438,0.0005225330144359626,0.027580337524414064,0.0003239836694788812,0.013888473510742188,0.00022174263690638314,0.11661536415691198
R16_H2048_alpha1_2_L50_zero_base,R16_H2048_alpha1_2,16,2048,1/2,50,zero,base,LAGRANGIAN_K,32,1,8.55266471862793,0.08898296815018229,0.5565190744400025,0.0014631120226133386,0.49845940745285966,0.014453473609452039,0.0,0.0,0.8049626159667969,0.0005103992130733792,0.03708770751953125,0.00023408522561042548,0.15794967651367187,0.0004333349456801915,0.969527358844543
R16_H2048_alpha1_2_L50_zero_base,R16_H2048_alpha1_2,16,2048,1/2,50,zero,base,LAGRANGIAN_K,32,2,3.5582571411132813,0.008165488973499141,0.01749162197113037,0.00018878282872294026,0.0638678899500698,0.0012017689455392922,0.0,0.0,0.9864997863769531,0.00013783802906837937,0.01191375732421875,0.00011900950508641876,0.001586456298828125,2.3886722805876182e-05,0.03047264115545691
R16_H2048_alpha1_2_L50_zero_base,R16_H2048_alpha1_2,16,2048,1/2,50,zero,base,LAGRANGIAN_NI,32,1,8.261019973754882,0.08547761991378504,0.5721302676200867,0.0012263741824620033,0.4858894314936,0.013488997072288761,0.0,0.0,0.8102878570556641,0.0005486534286347453,0.0223834228515625,0.00033301690327114934,0.16732872009277344,0.0003171784021335586,0.8780250024631802
R16_H2048_alpha1_2_L50_zero_base,R16_H2048_alpha1_2,16,2048,1/2,50,zero,base,LAGRANGIAN_NI,32,2,3.0323094940185547,0.013793982899461082,0.07948018312454223,0.0011808761584005448,0.5845633969264739,0.00910262489149896,0.0,0.0,0.9559175872802734,0.0006238749409813169,0.028962326049804688,0.00038988528637899606,0.015120086669921875,0.00024137658598663838,0.12197499753681994
R16_H2048_alpha1_2_L50_zero_base,R16_H2048_alpha1_2,16,2048,1/2,50,zero,base,LAGRANGIAN_FC,32,1,8.20407829284668,0.0871403914829395,0.5752889513969421,0.0012356985254486103,0.484977551064092,0.013254762557001821,0.0,0.0,0.824673843383789,0.00037659383632719455,0.0,0.0,0.17532615661621093,0.00037659383632719553,0.8772445169235374
R16_H2048_alpha1_2_L50_zero_base,R16_H2048_alpha1_2,16,2048,1/2,50,zero,base,LAGRANGIAN_FC,32,2,3.061505813598633,0.0144802873524413,0.08050192594528198,0.0012240389036113424,0.6312114997123722,0.009421228191652755,0.0,0.0,0.975466079711914,0.00037304042776726756,0.0,0.0,0.024533920288085938,0.0003730404277672663,0.12275548307646265
R16_H2048_alpha1_2_L50_zero_base,R16_H2048_alpha1_2,16,2048,1/2,50,zero,base,MYOPIC_K,32,1,19.004733428955078,0.12540637621793452,0.2930988550186157,0.000988245541976437,6.608382773165008,0.04672983357546968,0.0,0.0,0.9102720642089843,0.0002998808013807128,0.0005870819091796875,1.338155838961146e-05,0.08914085388183594,0.00030186623650101314,0.44728040410960784
R16_H2048_alpha1_2_L50_zero_base,R16_H2048_alpha1_2,16,2048,1/2,50,zero,base,MYOPIC_K,32,2,1.0357658386230468,0.003504337506006727,0.36219221591949463,0.0009838459701867204,3.363736430915305,0.01318958640144066,0.0,0.0,0.8799333190917968,0.00033732806459685864,0.0141229248046875,7.653510587417092e-05,0.10594375610351563,0.00028424650931502997,0.5527195958903921
R16_H2048_alpha1_2_L200_zero_base,R16_H2048_alpha1_2,16,2048,1/2,200,zero,base,WHITTLE_K,32,1,7.286347236633301,0.0420499711984238,0.6051787126064301,0.0006429070299477617,0.1237238059119132,0.0031237172364136532,0.0,0.0,0.8023399734497071,0.0003132030132354738,0.019285888671875,0.00018324036090248475,0.17837413787841797,0.0001468925466183686,0.9253279196019428
R16_H2048_alpha1_2_L200_zero_base,R16_H2048_alpha1_2,16,2048,1/2,200,zero,base,WHITTLE_K,32,2,3.148422737121582,0.00838981866390796,0.04883669078350067,0.0006437372677394851,0.18369569072536795,0.0037753144157187265,0.0,0.0,0.9734963417053223,0.0003001128219105165,0.016945972442626953,0.00015583905815565223,0.009557685852050782,0.0001499390098757409,0.07467208039805712
R16_H2048_alpha1_2_L200_zero_base,R16_H2048_alpha1_2,16,2048,1/2,200,zero,base,WHITTLE_P,32,1,7.368895015716553,0.03963862623478889,0.6014756566286087,0.0005834391301132658,0.13295203243072073,0.0030905654295851743,0.0,0.0,0.7959633445739747,0.0003506830214641748,0.030230941772460936,0.0002700094546886897,0.17380571365356445,0.0001124949109379796,0.9262047475691341
R16_H2048_alpha1_2_L200_zero_base,R16_H2048_alpha1_2,16,2048,1/2,200,zero,base,WHITTLE_P,32,2,3.148711013793945,0.007914150812368185,0.04792250096797943,0.0005876990175413791,0.16790052438478456,0.0035179785693260778,0.0,0.0,0.9694922065734863,0.0003109180017165479,0.02319164276123047,0.00019643485784499645,0.007316150665283203,0.00012084349916179727,0.07379525243086586
R16_H2048_alpha1_2_L200_zero_base,R16_H2048_alpha1_2,16,2048,1/2,200,zero,base,LAGRANGIAN_K,32,1,7.534693813323974,0.03915050675550026,0.5902735233306885,0.0007939923818746678,0.11585100020641503,0.0031799833584935703,0.0,0.0,0.7946939086914062,0.000259157382748476,0.03706092834472656,5.276190266865153e-05,0.16824516296386718,0.00023554793606359771,0.9646773966586571
R16_H2048_alpha1_2_L200_zero_base,R16_H2048_alpha1_2,16,2048,1/2,200,zero,base,LAGRANGIAN_K,32,2,3.4545774459838867,0.0038527130538783807,0.02161344051361084,0.00013037941063345827,0.029979825388963276,0.0005857088608149127,0.0,0.0,0.9833267211914063,9.467016078518425e-05,0.014709224700927734,8.068465646620772e-05,0.0019640541076660157,1.551455253594248e-05,0.03532260334134295
R16_H2048_alpha1_2_L200_zero_base,R16_H2048_alpha1_2,16,2048,1/2,200,zero,base,LAGRANGIAN_NI,32,1,7.295831089019775,0.0410113199333921,0.6046613609790802,0.0006374913943737467,0.1195968323507139,0.0030665376408228985,0.0,0.0,0.7988407516479492,0.0003196222071202291,0.02461885452270508,0.0001962217175465775,0.1765403938293457,0.00014256396608508314,0.9253878231442202
R16_H2048_alpha1_2_L200_zero_base,R16_H2048_alpha1_2,16,2048,1/2,200,zero,base,LAGRANGIAN_NI,32,2,3.1530237579345703,0.008540842810390442,0.048752641081809996,0.0006369645520069761,0.18653242481397805,0.0036899193867409134,0.0,0.0,0.9709042549133301,0.00032024224363055815,0.02076345443725586,0.0001867002681357935,0.008332290649414063,0.00013749844559362635,0.07461217685577978
R16_H2048_alpha1_2_L200_zero_base,R16_H2048_alpha1_2,16,2048,1/2,200,zero,base,LAGRANGIAN_FC,32,1,7.235396156311035,0.04134585030060966,0.6081177234649658,0.0007008729841704642,0.12923822476498154,0.003141451866890307,0.0,0.0,0.8146688842773437,0.0002135993856519518,0.0,0.0,0.18533111572265626,0.00021359938565195086,0.9266555786132813
R16_H2048_alpha1_2_L200_zero_base,R16_H2048_alpha1_2,16,2048,1/2,200,zero,base,LAGRANGIAN_FC,32,2,3.1889974021911622,0.009591391095419498,0.04813227653503418,0.0007008729841704644,0.21115324245410969,0.0039671207526988965,0.0,0.0,0.9853311157226563,0.0002135993856519516,0.0,0.0,0.01466888427734375,0.000213599385651951,0.07334442138671875
R16_H2048_alpha1_2_L200_zero_base,R16_H2048_alpha1_2,16,2048,1/2,200,zero,base,MYOPIC_K,32,1,18.568105239868164,0.07202859115464297,0.2938011807203293,0.0005736696393097699,6.206178619140267,0.025322204452073976,0.0,0.0,0.9092704200744629,0.0001717235747494983,0.001735668182373047,1.8159411476447892e-05,0.08899391174316407,0.00017653310407365823,0.4484057988211762
R16_H2048_alpha1_2_L200_zero_base,R16_H2048_alpha1_2,16,2048,1/2,200,zero,base,MYOPIC_K,32,2,1.008748836517334,0.002118086390388083,0.36141153395175935,0.0005718220217287603,3.3190426699361004,0.007995674157824408,0.0,0.0,0.8779568290710449,0.0002024242619173981,0.017352275848388672,5.408456679940546e-05,0.1046908950805664,0.0001625677299838725,0.5515942011788239
R16_H2048_alpha1_2_L400_zero_base,R16_H2048_alpha1_2,16,2048,1/2,400,zero,base,WHITTLE_K,32,1,7.098754081726074,0.02763622203091432,0.6136893135309219,0.00046783904394050673,0.06623644824990099,0.0012477484800574037,0.0,0.0,0.7945574760437012,0.00030947414477687854,0.026852874755859374,0.00025681083778332937,0.17858964920043946,8.04830493957046e-05,0.9370711696410152
R16_H2048_alpha1_2_L400_zero_base,R16_H2048_alpha1_2,16,2048,1/2,400,zero,base,WHITTLE_K,32,2,3.1758923149108886,0.0061928341914848795,0.04121218532323837,0.0004665474168720923,0.08425489207829386,0.0024004594335645356,0.0,0.0,0.9737627124786377,0.00023713067421303778,0.019946184158325195,0.0001403079416055038,0.006291103363037109,9.948605755894927e-05,0.06292883035898486
R16_H2048_alpha1_2_L400_zero_base,R16_H2048_alpha1_2,16,2048,1/2,400,zero,base,WHITTLE_P,32,1,7.129194803237915,0.02757548838842872,0.6116597977280617,0.00044596011520275144,0.06638330264417523,0.0013449738413928386,0.0,0.0,0.7942139720916748,0.0002904245453138439,0.02825582504272461,0.00023306697423919616,0.1775302028656006,7.315458997357693e-05,0.9388924339758383
R16_H2048_alpha1_2_L400_zero_base,R16_H2048_alpha1_2,16,2048,1/2,400,zero,base,WHITTLE_P,32,2,3.194773054122925,0.006144217648904932,0.0398097163438797,0.0004494407838296171,0.0796003542093745,0.0021981297230452257,0.0,0.0,0.9731082725524902,0.00024721649179870286,0.021523895263671874,0.00016182214476791974,0.0053678321838378906,8.705721675761825e-05,0.06110756602416171
R16_H2048_alpha1_2_L400_zero_base,R16_H2048_alpha1_2,16,2048,1/2,400,zero,base,LAGRANGIAN_K,32,1,7.302892837524414,0.025157571720138126,0.6007029542326927,0.0006218781044404503,0.054575433537171876,0.0013366262080717897,0.0,0.0,0.7914813709259033,0.00021081633757477364,0.037110576629638674,5.3033427245856714e-05,0.171408052444458,0.00018137472324652207,0.9620193656254391
R16_H2048_alpha1_2_L400_zero_base,R16_H2048_alpha1_2,16,2048,1/2,400,zero,base,LAGRANGIAN_K,32,2,3.405381984710693,0.0025438462432463265,0.023715821206569673,0.0001116048991653381,0.01725261935454192,0.0003442990638528855,0.0,0.0,0.9816800403594971,8.143829866622612e-05,0.01617624282836914,6.971686426118442e-05,0.002143716812133789,1.3225939357060813e-05,0.0379806343745609
R16_H2048_alpha1_2_L400_zero_base,R16_H2048_alpha1_2,16,2048,1/2,400,zero,base,LAGRANGIAN_NI,32,1,7.090841903686523,0.027361738746122074,0.6138069802522659,0.00047206167362001943,0.061172650133395595,0.0012084293660666707,0.0,0.0,0.795508861541748,0.00027962972118371956,0.025413141250610352,0.00020476058685629981,0.1790779972076416,8.673285056250518e-05,0.9389435848552964
R16_H2048_alpha1_2_L400_zero_base,R16_H2048_alpha1_2,16,2048,1/2,400,zero,base,LAGRANGIAN_NI,32,2,3.20076961517334,0.00644825499062704,0.03991385042667389,0.00047379703281325215,0.08763239368646683,0.002322209717031757,0.0,0.0,0.9744879722595214,0.00023208766316230173,0.019465551376342774,0.00012951178806816947,0.006046476364135742,0.00010483261787605898,0.06105641514470369
R16_H2048_alpha1_2_L400_zero_base,R16_H2048_alpha1_2,16,2048,1/2,400,zero,base,LAGRANGIAN_FC,32,1,7.0308349609375,0.025920299361680253,0.6173713329434395,0.0004900284610522096,0.07237014991672248,0.001156432742402349,0.0,0.0,0.8116751003265381,0.00014962219331176313,0.0002532196044921875,1.4689232308274191e-05,0.18807168006896974,0.0001494404800360958,0.9407563168661935
R16_H2048_alpha1_2_L400_zero_base,R16_H2048_alpha1_2,16,2048,1/2,400,zero,base,LAGRANGIAN_FC,32,2,3.239173583984375,0.00669761601273688,0.03887866705656052,0.0004900284610522121,0.1073422304892794,0.0024236071816356596,0.0,0.0,0.9880655765533447,0.00014901491646332964,0.00012495994567871094,6.647438358640789e-06,0.011809463500976563,0.0001495381274162502,0.059243683133806506
R16_H2048_alpha1_2_L400_zero_base,R16_H2048_alpha1_2,16,2048,1/2,400,zero,base,MYOPIC_K,32,1,18.4760373878479,0.04644598344879046,0.294848316013813,0.00040390774575806485,6.098525756907346,0.01648133273724417,0.0,0.0,0.9018007564544678,0.00012932234068672852,0.01216353416442871,3.739721527735811e-05,0.08603570938110351,0.00012194967803143955,0.4495683321557454
R16_H2048_alpha1_2_L400_zero_base,R16_H2048_alpha1_2,16,2048,1/2,400,zero,base,MYOPIC_K,32,2,1.0026020431518554,0.0012235547985147148,0.36099929362535477,0.000403523770283489,3.307655901739758,0.005299444763314136,0.0,0.0,0.872920446395874,0.00015711993744937702,0.024880218505859374,7.792870579100502e-05,0.1021993350982666,0.00011246941385655722,0.5504316678442547
R16_H2048_alpha1_2_L800_zero_base,R16_H2048_alpha1_2,16,2048,1/2,800,zero,base,WHITTLE_K,32,1,7.016186537742614,0.01845617115962417,0.620221054404974,0.0002320786778877419,0.03467638112201493,0.0005285152379103766,0.0,0.0,0.7924693727493286,0.00018868261195443571,0.02699502944946289,0.00017742461451683626,0.18053559780120848,2.952564503664944e-05,0.9454935996295396
R16_H2048_alpha1_2_L800_zero_base,R16_H2048_alpha1_2,16,2048,1/2,800,zero,base,WHITTLE_K,32,2,3.223015785217285,0.0036885125074794236,0.03575488731265068,0.00023124481761376047,0.03592946529176537,0.0008177282981616769,0.0,0.0,0.9745015954971313,0.00014174856225189665,0.02129411220550537,0.0001054356905714583,0.004204292297363282,3.908635740488474e-05,0.05450640037046046
R16_H2048_alpha1_2_L800_zero_base,R16_H2048_alpha1_2,16,2048,1/2,800,zero,base,WHITTLE_P,32,1,7.030159678459167,0.01812583199746049,0.6193766395747662,0.00022447258598663335,0.03549157945187057,0.0005424748520841061,0.0,0.0,0.7918530893325806,0.00019016599605745665,0.028269071578979493,0.0001827761288366297,0.17987783908843993,2.7379826683682856e-05,0.9470821231715343
R16_H2048_alpha1_2_L800_zero_base,R16_H2048_alpha1_2,16,2048,1/2,800,zero,base,WHITTLE_P,32,2,3.238374285697937,0.0036185615747333756,0.03460744947195053,0.00022263947836333254,0.032165496714572576,0.0007933770636176803,0.0,0.0,0.9755545139312745,0.00012912179761666447,0.02026857852935791,9.057931088525083e-05,0.004176907539367676,4.0633434691130946e-05,0.05291787682846576
R16_H2048_alpha1_2_L800_zero_base,R16_H2048_alpha1_2,16,2048,1/2,800,zero,base,LAGRANGIAN_K,32,1,7.192187814712525,0.01622954816574949,0.6092744511365891,0.0003582790451165449,0.027007172515371672,0.0006099920935068499,0.0,0.0,0.7888156318664551,0.00012722875199179423,0.03718855857849121,3.624075088789121e-05,0.1739958095550537,0.00010188483835748307,0.9598305277582007
R16_H2048_alpha1_2_L800_zero_base,R16_H2048_alpha1_2,16,2048,1/2,800,zero,base,LAGRANGIAN_K,32,2,3.369320912361145,0.001956676463770857,0.02549849420785904,7.83162333555124e-05,0.009571956886666403,0.00018950001145813584,0.0,0.0,0.9803296566009522,5.3574909893178535e-05,0.01735325336456299,4.390319051559559e-05,0.0023170900344848633,1.1000615904321115e-05,0.04016947224179938
R16_H2048_alpha1_2_L800_zero_base,R16_H2048_alpha1_2,16,2048,1/2,800,zero,base,LAGRANGIAN_NI,32,1,7.007386236190796,0.01760097556128637,0.620708493590355,0.0002328802832192851,0.03341639362349741,0.0005018444358180997,0.0,0.0,0.7924083900451661,0.0001814031152815329,0.02686732292175293,0.00016616888006263625,0.18072428703308105,3.0684643294192586e-05,0.9474489199583102
R16_H2048_alpha1_2_L800_zero_base,R16_H2048_alpha1_2,16,2048,1/2,800,zero,base,LAGRANGIAN_NI,32,2,3.2443775081634523,0.0037126953491522716,0.034428137540817264,0.0002275158927796554,0.03509257098661235,0.0007983548533538411,0.0,0.0,0.9767215728759766,0.0001100817647669207,0.01864631175994873,6.23378524318084e-05,0.004632115364074707,5.17550539632419e-05,0.05255108004168984
R16_H2048_alpha1_2_L800_zero_base,R16_H2048_alpha1_2,16,2048,1/2,800,zero,base,LAGRANGIAN_FC,32,1,7.037606997489929,0.018746760404991538,0.6195163169503212,0.00021787255838899433,0.044584938756627286,0.0005598092953686675,0.0,0.0,0.7929138851165771,0.00023764370461193458,0.026659998893737793,0.00025916091067381276,0.18042611598968505,4.067227409617049e-05,0.944024863924299
R16_H2048_alpha1_2_L800_zero_base,R16_H2048_alpha1_2,16,2048,1/2,800,zero,base,LAGRANGIAN_FC,32,2,3.2118452882766726,0.0033396182962492364,0.036733683049678806,0.00021787255838899404,0.041423624087131926,0.0007958747862124726,0.0,0.0,0.9788061618804932,5.049321057935204e-05,0.014581599235534669,7.998010823921133e-05,0.006612238883972168,8.527289920224525e-05,0.05597513607570104
R16_H2048_alpha1_2_L800_zero_base,R16_H2048_alpha1_2,16,2048,1/2,800,zero,base,MYOPIC_K,32,1,18.57987811088562,0.031123057996478343,0.29574376612901687,0.00025316790841746755,6.103380447918565,0.011223786075913716,0.0,0.0,0.8995745372772217,0.00010109060904147605,0.015012125968933105,5.089268047199811e-05,0.08541333675384521,6.936629867084534e-05,0.4507403799483374
R16_H2048_alpha1_2_L800_zero_base,R16_H2048_alpha1_2,16,2048,1/2,800,zero,base,MYOPIC_K,32,2,1.0010157060623168,0.0008815993839875112,0.3603850816190243,0.00025330619766890226,3.297435239856901,0.003421655527570067,0.0,0.0,0.873459095954895,0.00011246410142125067,0.024367671012878418,0.00011632893056875537,0.10217323303222656,8.453973842026035e-05,0.5492596200516626
R16_H2048_alpha1_2_L1600_zero_base,R16_H2048_alpha1_2,16,2048,1/2,1600,zero,base,WHITTLE_K,32,1,6.9352214360237125,0.013080908208535316,0.6235644985735417,0.0001468970505964427,0.019369194171323198,0.0003073390044336249,0.0,0.0,0.7915020704269409,0.000145088877636896,0.026919703483581543,0.00014883894993260582,0.18157822608947755,1.5392908340678777e-05,0.9502506445262279
R16_H2048_alpha1_2_L1600_zero_base,R16_H2048_alpha1_2,16,2048,1/2,1600,zero,base,WHITTLE_K,32,2,3.250853188037872,0.0021690106528379624,0.032646051943302154,0.00014679936249998497,0.014092683912794593,0.0003295028869956254,0.0,0.0,0.9767328548431397,9.176602441931634e-05,0.019421896934509277,6.903199580806773e-05,0.003845248222351074,2.3601372464554834e-05,0.04974935547377211
R16_H2048_alpha1_2_L1600_zero_base,R16_H2048_alpha1_2,16,2048,1/2,1600,zero,base,WHITTLE_P,32,1,6.950187759399414,0.013281850643011895,0.6227603615820407,0.0001445179426973691,0.019602837010858774,0.0003249337917923111,0.0,0.0,0.7906471395492554,0.0001521991118581864,0.02852387189865112,0.00016048760734795425,0.1808289885520935,1.7511730459263404e-05,0.9505729487120161
R16_H2048_alpha1_2_L1600_zero_base,R16_H2048_alpha1_2,16,2048,1/2,1600,zero,base,WHITTLE_P,32,2,3.254167981147766,0.002095432092514332,0.03238174237310886,0.00014439039542893983,0.01289069960655776,0.0003164831922468832,0.0,0.0,0.9766455149650574,8.955331244524596e-05,0.019666738510131836,6.690497481812364e-05,0.003687746524810791,2.3558974120125655e-05,0.0494270512879839
R16_H2048_alpha1_2_L1600_zero_base,R16_H2048_alpha1_2,16,2048,1/2,1600,zero,base,LAGRANGIAN_K,32,1,7.091508460044861,0.011208656931087321,0.6135766341537238,0.0002702812599967302,0.013227248252841061,0.0003214393822081399,0.0,0.0,0.7877898716926575,9.264832447985017e-05,0.036772377490997314,2.135653169459231e-05,0.17543775081634522,7.812818576706992e-05,0.9580911997580944
R16_H2048_alpha1_2_L1600_zero_base,R16_H2048_alpha1_2,16,2048,1/2,1600,zero,base,LAGRANGIAN_K,32,2,3.3394734406471254,0.0013536791257545212,0.026839053109288215,6.016593343359446e-05,0.005128286563861511,0.00011609729479149313,0.0,0.0,0.9794456458091736,3.943626131355048e-05,0.018046631813049316,3.1144668481785645e-05,0.0025077223777770995,9.075538435024064e-06,0.04190880024190553
R16_H2048_alpha1_2_L1600_zero_base,R16_H2048_alpha1_2,16,2048,1/2,1600,zero,base,LAGRANGIAN_NI,32,1,6.936477570533753,0.012954747258616306,0.623479720428586,0.0001469062195882236,0.01876796711626495,0.00029448823678138994,0.0,0.0,0.7909850096702575,0.0001453649204666041,0.027711429595947266,0.00014935764198432486,0.18130356073379517,1.578510908565945e-05,0.9508703773584326
R16_H2048_alpha1_2_L1600_zero_base,R16_H2048_alpha1_2,16,2048,1/2,1600,zero,base,LAGRANGIAN_NI,32,2,3.2582343769073487,0.002177276970891089,0.03221398428082466,0.00014472736767696446,0.014119771596649613,0.0003193537562887273,0.0,0.0,0.9776068258285523,6.625672606829437e-05,0.018339385986328127,3.519756218903836e-05,0.004053788185119629,3.484864620668392e-05,0.04912962264156739
R16_H2048_alpha1_2_L1600_zero_base,R16_H2048_alpha1_2,16,2048,1/2,1600,zero,base,LAGRANGIAN_FC,32,1,6.933671088218689,0.013004264114882483,0.6236542499810457,0.00015569380203369774,0.01827649927307355,0.00029226191645241714,0.0,0.0,0.7929404425621033,0.00012425823634670835,0.024782187938690185,0.00011358484822828084,0.18227736949920653,1.6168592889668067e-05,0.9503302856854029
R16_H2048_alpha1_2_L1600_zero_base,R16_H2048_alpha1_2,16,2048,1/2,1600,zero,base,LAGRANGIAN_FC,32,2,3.2553828287124635,0.0023910659990334844,0.032595750018954275,0.00015569380203369723,0.017401900602790368,0.00033761722144580637,0.0,0.0,0.977574713230133,8.555256497275828e-05,0.018216543197631836,5.811913973371411e-05,0.004208743572235107,3.1469512867021035e-05,0.04966971431459699
R16_H2048_alpha1_2_L1600_zero_base,R16_H2048_alpha1_2,16,2048,1/2,1600,zero,base,MYOPIC_K,32,1,18.53751563549042,0.022038622563691962,0.2939826786518097,0.00016746258004601987,6.094397788731295,0.00783053386386648,0.0,0.0,0.8968389701843261,5.7071693703500496e-05,0.019784200191497802,2.2560672043188637e-05,0.08337682962417603,4.9654877894245684e-05,0.4480281657268178
R16_H2048_alpha1_2_L1600_zero_base,R16_H2048_alpha1_2,16,2048,1/2,1600,zero,base,MYOPIC_K,32,2,0.9950515484809875,0.0006497547298924195,0.3621874042600393,0.0001673732555497687,3.3214327700931863,0.002282410801549394,0.0,0.0,0.878395721912384,9.830424600416276e-05,0.01636739253997803,0.00015419247460311323,0.10523688554763794,8.268916915561623e-05,0.5519718342731821
