group,family,R,H,alpha,L,initial,window,policy,minus_policy,n,cost_per_project_mean,cost_per_project_standard_error,cost_per_project_lower,cost_per_project_upper,cost_per_project_halfwidth,cost_per_project_zero_sample_variance,residual_gap_per_project_mean,residual_gap_per_project_standard_error,residual_gap_per_project_lower,residual_gap_per_project_upper,residual_gap_per_project_halfwidth,residual_gap_per_project_zero_sample_variance,raw_bound_gap_per_project_mean,raw_bound_gap_per_project_standard_error,raw_bound_gap_per_project_lower,raw_bound_gap_per_project_upper,raw_bound_gap_per_project_halfwidth,raw_bound_gap_per_project_zero_sample_variance,resource_per_project_mean,resource_per_project_standard_error,resource_per_project_lower,resource_per_project_upper,resource_per_project_halfwidth,resource_per_project_zero_sample_variance,interval_scope
R1_H2048_alpha1_4_L100_zero_base,R1_H2048_alpha1_4,1,2048,1/4,100,zero,base,WHITTLE_K,WHITTLE_P,32,-0.029528465270996077,0.0008754646747246623,-0.031313987246942086,-0.02774294329505007,0.0017855219759460065,False,-0.029015618686625173,8.699914923688515e-05,-0.02919305462131885,-0.028838182751931497,0.0001774359346936751,False,-0.029528465270996094,0.0008754646747246623,-0.0313139872469421,-0.027742943295050088,0.0017855219759460065,False,0.004371918439865109,6.934564774037833e-06,0.004357775301763552,0.004386061577966667,1.414313810155703e-05,False,"pointwise paired, finite-window; not joint with primary family"
R1_H2048_alpha1_4_L100_zero_base,R1_H2048_alpha1_4,1,2048,1/4,100,zero,base,WHITTLE_K,LAGRANGIAN_K,32,-0.1401434326171875,0.0008983940393882699,-0.14197571934068226,-0.13831114589369276,0.0018322867234947609,False,-0.13930364206067788,0.0005034183277835315,-0.1403303705093548,-0.13827691361200098,0.001026728448676907,False,-0.1401434326171875,0.0008983940393882677,-0.14197571934068226,-0.13831114589369276,0.0018322867234947563,False,0.021236198544502254,8.373413208694359e-05,0.0210654216561886,0.021406975432815906,0.00017077688831365438,False,"pointwise paired, finite-window; not joint with primary family"
R1_H2048_alpha1_4_L100_zero_base,R1_H2048_alpha1_4,1,2048,1/4,100,zero,base,WHITTLE_K,LAGRANGIAN_NI,32,-0.005764293670654293,0.0007242754255360347,-0.007241463139929516,-0.0042871242013790695,0.0014771694692752232,False,-0.005703641397184125,4.789184167792102e-05,-0.005801317452258933,-0.005605965342109317,9.767605507480784e-05,False,-0.005764293670654296,0.0007242754255360292,-0.007241463139929508,-0.004287124201379084,0.001477169469275212,False,0.0009560608863830563,2.3305029492535796e-06,0.0009513077942811871,0.0009608139784849254,4.753092101869162e-06,False,"pointwise paired, finite-window; not joint with primary family"
R1_H2048_alpha1_4_L100_zero_base,R1_H2048_alpha1_4,1,2048,1/4,100,zero,base,WHITTLE_K,LAGRANGIAN_FC,32,0.006461868286132828,0.0006883863244813942,0.005057895121037624,0.007865841451228033,0.0014039731650952044,False,0.005636364620781795,5.5350884275582944e-05,0.005523475748031813,0.005749253493531778,0.00011288887274998293,False,0.006461868286132813,0.0006883863244813894,0.005057895121037618,0.007865841451228008,0.0014039731650951947,False,-0.002690505981445313,1.632118326121405e-06,-0.0026938347087175477,-0.0026871772541730786,3.328727272234604e-06,False,"pointwise paired, finite-window; not joint with primary family"
R1_H2048_alpha1_4_L100_zero_base,R1_H2048_alpha1_4,1,2048,1/4,100,zero,base,WHITTLE_K,MYOPIC_K,32,0.006786193847656247,0.0008192667382992289,0.005115288318709642,0.00845709937660285,0.0016709055289466045,False,0.005434185647090999,6.040294241830532e-05,0.005310993033826958,0.0055573782603550404,0.00012319261326404168,False,0.00678619384765625,0.0008192667382992269,0.00511528831870965,0.00845709937660285,0.0016709055289466006,False,-0.0019009387493133566,1.8175695382391523e-06,-0.0019046457068263559,-0.0018972317918003574,3.706957512999262e-06,False,"pointwise paired, finite-window; not joint with primary family"
R1_H2048_alpha1_4_L100_zero_base,R1_H2048_alpha1_4,1,2048,1/4,100,zero,base,WHITTLE_P,LAGRANGIAN_K,32,-0.11061496734619142,0.0007348512572192556,-0.1121137063663914,-0.10911622832599144,0.0014987390201999773,False,-0.1102880233740527,0.0005306328276271106,-0.11137025616109754,-0.10920579058700787,0.0010822327870448395,False,-0.1106149673461914,0.0007348512572192562,-0.11211370636639138,-0.10911622832599142,0.0014987390201999786,False,0.016864280104637145,8.525528695608858e-05,0.01669040080051382,0.01703815940876047,0.00017387930412332697,False,"pointwise paired, finite-window; not joint with primary family"
R1_H2048_alpha1_4_L100_zero_base,R1_H2048_alpha1_4,1,2048,1/4,100,zero,base,WHITTLE_P,LAGRANGIAN_NI,32,0.023764171600341784,0.0004231192453843869,0.022901214209951226,0.02462712899073234,0.0008629573903905584,False,0.02331197728944105,6.820042892618512e-05,0.02317288159759609,0.023451072981286007,0.0001390956918449571,False,0.023764171600341798,0.0004231192453843923,0.02290121420995123,0.024627128990732366,0.0008629573903905694,False,-0.003415857553482053,6.515838029886605e-06,-0.003429146692758548,-0.0034025684142055582,1.3289139276494811e-05,False,"pointwise paired, finite-window; not joint with primary family"
R1_H2048_alpha1_4_L100_zero_base,R1_H2048_alpha1_4,1,2048,1/4,100,zero,base,WHITTLE_P,LAGRANGIAN_FC,32,0.035990333557128905,0.0009605228379441398,0.03403133431357099,0.03794933280068682,0.001958999243557911,False,0.03465198330740697,8.280179487819008e-05,0.034483107933367146,0.0348208586814468,0.0001688753740398259,False,0.035990333557128905,0.0009605228379441386,0.034031334313571,0.03794933280068681,0.0019589992435579085,False,-0.007062424421310423,6.792179372440871e-06,-0.0070762771624708525,-0.007048571680149993,1.3852741160429474e-05,False,"pointwise paired, finite-window; not joint with primary family"
R1_H2048_alpha1_4_L100_zero_base,R1_H2048_alpha1_4,1,2048,1/4,100,zero,base,WHITTLE_P,MYOPIC_K,32,0.03631465911865232,0.0009237696452233346,0.03443061850584649,0.038198699731458154,0.0018840406128058304,False,0.03444980433371617,8.923476277893177e-05,0.03426780883514255,0.0346317998322898,0.00018199549857362505,False,0.036314659118652344,0.0009237696452233366,0.03443061850584651,0.03819869973145818,0.0018840406128058345,False,-0.006272857189178466,6.768917632819704e-06,-0.006286662487708152,-0.00625905189064878,1.3805298529685532e-05,False,"pointwise paired, finite-window; not joint with primary family"
R1_H2048_alpha1_4_L100_zero_base,R1_H2048_alpha1_4,1,2048,1/4,100,zero,base,LAGRANGIAN_K,LAGRANGIAN_NI,32,0.1343791389465332,0.0007464726968115927,0.13285669784401816,0.13590158004904823,0.0015224411025150325,False,0.13360000066349376,0.0005033954611650987,0.13257331885159263,0.1346266824753949,0.0010266818119011398,False,0.1343791389465332,0.0007464726968115883,0.13285669784401816,0.13590158004904823,0.0015224411025150236,False,-0.020280137658119198,8.413096554659601e-05,-0.020451723893609795,-0.0201085514226286,0.00017158623549059552,False,"pointwise paired, finite-window; not joint with primary family"
R1_H2048_alpha1_4_L100_zero_base,R1_H2048_alpha1_4,1,2048,1/4,100,zero,base,LAGRANGIAN_K,LAGRANGIAN_FC,32,0.14660530090332033,0.0010304733032604585,0.1445036367451681,0.14870696506147255,0.0021016641581522288,False,0.14494000668145968,0.0005142389257339425,0.14389120947776485,0.1459888038851545,0.0010487972036948197,False,0.1466053009033203,0.00103047330326046,0.14450363674516806,0.14870696506147255,0.002101664158152232,False,-0.02392670452594757,8.362952055788251e-05,-0.024097268057641057,-0.023756140994254084,0.0001705635316934862,False,"pointwise paired, finite-window; not joint with primary family"
R1_H2048_alpha1_4_L100_zero_base,R1_H2048_alpha1_4,1,2048,1/4,100,zero,base,LAGRANGIAN_K,MYOPIC_K,32,0.14692962646484375,0.0010080437055773898,0.1448737077727634,0.1489855451569241,0.0020559186920803487,False,0.14473782770776888,0.0005196053059852995,0.14367808569939294,0.14579756971614483,0.0010597420083759384,False,0.14692962646484375,0.001008043705577389,0.1448737077727634,0.1489855451569241,0.002055918692080347,False,-0.023137137293815613,8.372908266828991e-05,-0.023307903883772026,-0.0229663707038592,0.00017076658995641373,False,"pointwise paired, finite-window; not joint with primary family"
R1_H2048_alpha1_4_L100_zero_base,R1_H2048_alpha1_4,1,2048,1/4,100,zero,base,LAGRANGIAN_NI,LAGRANGIAN_FC,32,0.012226161956787121,0.0008305649242063915,0.010532213625762971,0.01392011028781127,0.001693948331024149,False,0.01134000601796592,5.931805124383787e-05,0.011219026054840082,0.011460985981091758,0.00012097996312583853,False,0.012226161956787109,0.0008305649242063872,0.010532213625762968,0.01392011028781125,0.0016939483310241404,False,-0.0036465668678283695,2.6463448929942847e-06,-0.0036519641238214337,-0.003641169611835305,5.3972559930643075e-06,False,"pointwise paired, finite-window; not joint with primary family"
R1_H2048_alpha1_4_L100_zero_base,R1_H2048_alpha1_4,1,2048,1/4,100,zero,base,LAGRANGIAN_NI,MYOPIC_K,32,0.01255048751831054,0.0008148334780015191,0.01088862368335249,0.01421235135326859,0.00166186383495805,False,0.011137827044275125,6.0408767483798345e-05,0.011014622550711685,0.011261031537838565,0.00012320449356344084,False,0.012550487518310546,0.0008148334780015167,0.010888623683352501,0.014212351353268591,0.0016618638349580452,False,-0.002856999635696413,2.5772223356648153e-06,-0.0028622559153043546,-0.002851743356088471,5.2562796079415485e-06,False,"pointwise paired, finite-window; not joint with primary family"
R1_H2048_alpha1_4_L100_zero_base,R1_H2048_alpha1_4,1,2048,1/4,100,zero,base,LAGRANGIAN_FC,MYOPIC_K,32,0.00032432556152341835,0.0006498515088186539,-0.0010010553288732204,0.001649706451920057,0.0013253808903966387,False,-0.00020217897369079587,4.4279114421648196e-05,-0.00029248682294827247,-0.00011187112443331925,9.030784925747661e-05,False,0.00032432556152343754,0.0006498515088186512,-0.0010010553288731954,0.0016497064519200707,0.001325380890396633,False,0.0007895672321319566,1.2162806260590318e-06,0.0007870866114405178,0.0007920478528233954,2.480620691438837e-06,False,"pointwise paired, finite-window; not joint with primary family"
R1_H2048_alpha1_2_L100_zero_base,R1_H2048_alpha1_2,1,2048,1/2,100,zero,base,WHITTLE_K,WHITTLE_P,32,-0.019309310913085964,0.0004939337387461106,-0.02031669541488751,-0.01830192641128442,0.001007384501801543,False,-0.019824219017110605,6.719442011699247e-05,-0.01996126294046202,-0.01968717509375919,0.00013704392335141545,False,-0.019309310913085936,0.0004939337387461108,-0.02031669541488748,-0.01830192641128439,0.0010073845018015435,False,0.006039193868637084,8.961976208004293e-06,0.006020915797654574,0.006057471939619594,1.827807098250945e-05,False,"pointwise paired, finite-window; not joint with primary family"
R1_H2048_alpha1_2_L100_zero_base,R1_H2048_alpha1_2,1,2048,1/2,100,zero,base,WHITTLE_K,LAGRANGIAN_K,32,-0.08908687591552737,0.0004894688844481487,-0.09008515428695202,-0.08808859754410273,0.000998278371424649,False,-0.09004828459362882,0.00038860099451709315,-0.09084084154722945,-0.08925572764002819,0.0007925569536006284,False,-0.08908687591552734,0.000489468884448148,-0.09008515428695199,-0.0880885975441027,0.0009982783714246478,False,0.0273449045419693,0.00012480958532935896,0.027090353714450913,0.027599455369487685,0.0002545508275183875,False,"pointwise paired, finite-window; not joint with primary family"
R1_H2048_alpha1_2_L100_zero_base,R1_H2048_alpha1_2,1,2048,1/2,100,zero,base,WHITTLE_K,LAGRANGIAN_NI,32,-0.005605850219726587,0.0004330163015748626,-0.006488992789297361,-0.0047227076501558125,0.0008831425695707745,False,-0.006212203850921248,5.497329459572445e-05,-0.0063243226244419385,-0.006100085077400557,0.00011211877352069102,False,-0.005605850219726563,0.0004330163015748636,-0.00648899278929734,-0.0047227076501557864,0.0008831425695707765,False,0.0021865797042846663,3.5340143639975275e-06,0.0021793720344695355,0.002193787374099797,7.207669815131008e-06,False,"pointwise paired, finite-window; not joint with primary family"
R1_H2048_alpha1_2_L100_zero_base,R1_H2048_alpha1_2,1,2048,1/2,100,zero,base,WHITTLE_K,LAGRANGIAN_FC,32,0.0012571525573730272,0.00043096116067839436,0.00037820147529483885,0.0021361036394512154,0.0008789510820781883,False,0.001459973857583279,5.4222439171567273e-05,0.0013493864637964563,0.0015705612513701016,0.00011058739378682277,False,0.0012571525573730467,0.0004309611606783951,0.00037820147529485685,0.0021361036394512366,0.0008789510820781898,False,-0.0024000960588455196,2.378371456791959e-06,-0.002404946779412172,-0.002395245338278867,4.850720566652615e-06,False,"pointwise paired, finite-window; not joint with primary family"
R1_H2048_alpha1_2_L100_zero_base,R1_H2048_alpha1_2,1,2048,1/2,100,zero,base,WHITTLE_K,MYOPIC_K,32,0.0010309410095214674,0.00035109797906457364,0.00031487196021666485,0.00174701005882627,0.0007160690493048026,False,0.0012780369754479704,4.122247658848912e-05,0.0011939631801519857,0.0013621107707439551,8.407379529598469e-05,False,0.0010309410095214841,0.00035109797906457066,0.0003148719602166876,0.0017470100588262807,0.0007160690493047965,False,-0.0007385140657424905,2.797853746850185e-06,-0.000744220326080242,-0.0007328078054047389,5.706260337751524e-06,False,"pointwise paired, finite-window; not joint with primary family"
R1_H2048_alpha1_2_L100_zero_base,R1_H2048_alpha1_2,1,2048,1/2,100,zero,base,WHITTLE_P,LAGRANGIAN_K,32,-0.06977756500244141,0.0005493223107526473,-0.07089791524162697,-0.06865721476325584,0.0011203502391855704,False,-0.07022406557651821,0.0003791708834256995,-0.07099738969174693,-0.06945074146128949,0.0007733241152287192,False,-0.06977756500244141,0.0005493223107526512,-0.07089791524162699,-0.06865721476325583,0.0011203502391855785,False,0.021305710673332215,0.00012127657834821816,0.021058365461058076,0.021553055885606354,0.0002473452122741384,False,"pointwise paired, finite-window; not joint with primary family"
R1_H2048_alpha1_2_L100_zero_base,R1_H2048_alpha1_2,1,2048,1/2,100,zero,base,WHITTLE_P,LAGRANGIAN_NI,32,0.013703460693359377,0.00031604303266763445,0.013058886678593838,0.014348034708124917,0.0006445740147655398,False,0.013612015166189356,3.0441578415982146e-05,0.01354992915768043,0.013674101174698281,6.208600850892626e-05,False,0.013703460693359376,0.00031604303266763667,0.013058886678593831,0.01434803470812492,0.0006445740147655443,False,-0.003852614164352418,8.852446015382956e-06,-0.0038706688470342898,-0.003834559481670546,1.8054682681871845e-05,False,"pointwise paired, finite-window; not joint with primary family"
R1_H2048_alpha1_2_L100_zero_base,R1_H2048_alpha1_2,1,2048,1/2,100,zero,base,WHITTLE_P,LAGRANGIAN_FC,32,0.02056646347045899,0.0006660084274757675,0.019208130327208837,0.021924796613709146,0.0013583331432501548,False,0.021284192874693884,7.033832813405251e-05,0.02114073690866744,0.021427648840720327,0.00014345596602644288,False,0.020566463470458984,0.0006660084274757691,0.019208130327208826,0.021924796613709142,0.0013583331432501582,False,-0.008439289927482604,8.097360700438854e-06,-0.00845580460351147,-0.008422775251453737,1.6514676028866883e-05,False,"pointwise paired, finite-window; not joint with primary family"
R1_H2048_alpha1_2_L100_zero_base,R1_H2048_alpha1_2,1,2048,1/2,100,zero,base,WHITTLE_P,MYOPIC_K,32,0.02034025192260743,0.0005755733518294715,0.019166362332163775,0.021514141513051088,0.0011738895904436577,False,0.021102255992558574,6.13069176683576e-05,0.02097721970961684,0.02122729227550031,0.00012503628294173287,False,0.02034025192260742,0.0005755733518294733,0.01916636233216376,0.02151414151305108,0.0011738895904436616,False,-0.006777707934379575,7.66318678265216e-06,-0.006793337106865041,-0.006762078761894108,1.5629172485466308e-05,False,"pointwise paired, finite-window; not joint with primary family"
R1_H2048_alpha1_2_L100_zero_base,R1_H2048_alpha1_2,1,2048,1/2,100,zero,base,LAGRANGIAN_K,LAGRANGIAN_NI,32,0.08348102569580079,0.0004812636704500315,0.08249948196865586,0.08446256942294572,0.000981543727144929,False,0.08383608074270757,0.0003806242005826958,0.08305979256759528,0.08461236891781986,0.0007762881751122916,False,0.08348102569580078,0.00048126367045003756,0.08249948196865584,0.08446256942294572,0.0009815437271449414,False,-0.025158324837684633,0.000125304371028553,-0.02541388478728961,-0.024902764888079656,0.0002555599496049784,False,"pointwise paired, finite-window; not joint with primary family"
R1_H2048_alpha1_2_L100_zero_base,R1_H2048_alpha1_2,1,2048,1/2,100,zero,base,LAGRANGIAN_K,LAGRANGIAN_FC,32,0.0903440284729004,0.0005551357919195111,0.08921182156070465,0.09147623538509617,0.0011322069121957614,False,0.0915082584512121,0.0003901082007273873,0.09071262753027909,0.09230388937214512,0.0007956309209330155,False,0.09034402847290039,0.000555135791919509,0.08921182156070463,0.09147623538509615,0.0011322069121957573,False,-0.029745000600814815,0.00012376717425049115,-0.02999742541692118,-0.02949257578470845,0.000252424816106364,False,"pointwise paired, finite-window; not joint with primary family"
R1_H2048_alpha1_2_L100_zero_base,R1_H2048_alpha1_2,1,2048,1/2,100,zero,base,LAGRANGIAN_K,MYOPIC_K,32,0.09011781692504883,0.0005666970615807811,0.08896203064792149,0.09127360320217617,0.0011557862771273363,False,0.09132632156907679,0.00039730887165350965,0.09051600478296687,0.0921366383551867,0.0008103167861099177,False,0.09011781692504883,0.0005666970615807806,0.08896203064792149,0.09127360320217617,0.0011557862771273354,False,-0.02808341860771179,0.00012351330764286586,-0.028335325659458312,-0.027831511555965267,0.0002519070517465212,False,"pointwise paired, finite-window; not joint with primary family"
R1_H2048_alpha1_2_L100_zero_base,R1_H2048_alpha1_2,1,2048,1/2,100,zero,base,LAGRANGIAN_NI,LAGRANGIAN_FC,32,0.006863002777099614,0.0005591162078626037,0.005722677753065664,0.008003327801133563,0.0011403250240339493,False,0.007672177708504526,6.116036742400912e-05,0.007547440316756715,0.007796915100252337,0.00012473739174781147,False,0.0068630027770996095,0.0005591162078626082,0.0057226777530656504,0.008003327801133569,0.0011403250240339586,False,-0.004586675763130186,2.7667656198393066e-06,-0.004592318618814876,-0.004581032907445496,5.642855684689559e-06,False,"pointwise paired, finite-window; not joint with primary family"
R1_H2048_alpha1_2_L100_zero_base,R1_H2048_alpha1_2,1,2048,1/2,100,zero,base,LAGRANGIAN_NI,MYOPIC_K,32,0.006636791229248054,0.0005314781189562621,0.005552834459171287,0.007720747999324821,0.0010839567700767663,False,0.007490240826369218,5.078496741463672e-05,0.0073866642024522635,0.007593817450286173,0.00010357662391695503,False,0.006636791229248047,0.0005314781189562612,0.005552834459171282,0.007720747999324812,0.0010839567700767646,False,-0.0029250937700271568,2.976586494184474e-06,-0.0029311645582064077,-0.0029190229818479058,6.070788179251179e-06,False,"pointwise paired, finite-window; not joint with primary family"
R1_H2048_alpha1_2_L100_zero_base,R1_H2048_alpha1_2,1,2048,1/2,100,zero,base,LAGRANGIAN_FC,MYOPIC_K,32,-0.00022621154785155972,0.00041964112398093284,-0.0010820752628715744,0.000629652167168455,0.0008558637150200148,False,-0.00018193688213530843,3.38721900976613e-05,-0.0002510196692983839,-0.00011285409497223293,6.90827871630755e-05,False,-0.0002262115478515627,0.00041964112398093154,-0.0010820752628715748,0.0006296521671684493,0.0008558637150200121,False,0.0016615819931030291,1.462113572223182e-06,0.0016585999928123213,0.001664563993393737,2.9820002907078654e-06,False,"pointwise paired, finite-window; not joint with primary family"
R1_H2048_alpha4_5_L100_zero_base,R1_H2048_alpha4_5,1,2048,4/5,100,zero,base,WHITTLE_K,WHITTLE_P,32,-0.006328334808349611,0.00011583894572807383,-0.006564589895778401,-0.006092079720920821,0.00023625508742879033,False,-0.006384486440402359,1.957320187130937e-05,-0.006424406248807925,-0.006344566631996792,3.99198084055668e-05,False,-0.006328334808349609,0.00011583894572807261,-0.006564589895778397,-0.0060920797209208215,0.00023625508742878784,False,0.0035705602169036933,7.848538818190549e-06,0.0035545530164494297,0.003586567417357957,1.6007200454263798e-05,False,"pointwise paired, finite-window; not joint with primary family"
R1_H2048_alpha4_5_L100_zero_base,R1_H2048_alpha4_5,1,2048,4/5,100,zero,base,WHITTLE_K,LAGRANGIAN_K,32,-0.1264291763305664,0.00041932136048141534,-0.1272843878836295,-0.12557396477750332,0.000855211553063082,False,-0.12645883609999473,0.00031157952723933914,-0.1270943067354212,-0.12582336546456827,0.0006354706354264681,False,-0.1264291763305664,0.00041932136048141735,-0.1272843878836295,-0.12557396477750332,0.0008552115530630861,False,0.06653844058513642,0.00018203961379750072,0.06616716834501961,0.06690971282525322,0.0003712722401168118,False,"pointwise paired, finite-window; not joint with primary family"
R1_H2048_alpha4_5_L100_zero_base,R1_H2048_alpha4_5,1,2048,4/5,100,zero,base,WHITTLE_K,LAGRANGIAN_NI,32,-0.00172536849975587,0.00010161480310192705,-0.0019326132570351737,-0.0015181237424765665,0.00020724475727930367,False,-0.001781533511716928,1.614829995806743e-05,-0.001814468186617849,-0.001748598836816007,3.293467490092108e-05,False,-0.0017253684997558592,0.00010161480310192785,-0.0019326132570351645,-0.001518123742476554,0.0002072447572793053,False,0.0012310981750488365,7.491065002645115e-06,0.0012158200472481122,0.0012463763028495607,1.5278127800724256e-05,False,"pointwise paired, finite-window; not joint with primary family"
R1_H2048_alpha4_5_L100_zero_base,R1_H2048_alpha4_5,1,2048,4/5,100,zero,base,WHITTLE_K,LAGRANGIAN_FC,32,0.0009357643127441417,0.0003125245296044745,0.00029836633228710364,0.0015731622932011798,0.0006373979804570381,False,0.0006728592203624215,2.862004463062883e-05,0.0006144882545017886,0.0007312301862230544,5.8370965860632825e-05,False,0.0009357643127441405,0.0003125245296044764,0.00029836633228709866,0.0015731622932011824,0.0006373979804570419,False,-0.002979156374931329,1.0574870227268007e-05,-0.003000723964953739,-0.0029575887849089193,2.156759002241014e-05,False,"pointwise paired, finite-window; not joint with primary family"
R1_H2048_alpha4_5_L100_zero_base,R1_H2048_alpha4_5,1,2048,4/5,100,zero,base,WHITTLE_K,MYOPIC_K,32,0.00044832229614257674,0.00014491529092058584,0.00015276561172159457,0.0007438789805635589,0.00029555668442098217,False,0.00046257075978748806,1.254555356220754e-05,0.00043698393460487944,0.0004881575849700967,2.5586825182608633e-05,False,0.00044832229614257804,0.0001449152909205841,0.00015276561172159945,0.0007438789805635567,0.0002955566844209786,False,-0.00033196985721587954,4.288990173617352e-06,-0.0003407173103464342,-0.0003232224040853249,8.747453130554656e-06,False,"pointwise paired, finite-window; not joint with primary family"
R1_H2048_alpha4_5_L100_zero_base,R1_H2048_alpha4_5,1,2048,4/5,100,zero,base,WHITTLE_P,LAGRANGIAN_K,32,-0.12010084152221678,0.0004144654207068909,-0.12094614932081484,-0.11925553372361873,0.0008453077985980484,False,-0.12007434965959236,0.00031699784448466987,-0.12072087102589753,-0.1194278282932872,0.0006465213663051617,False,-0.1201008415222168,0.0004144654207068927,-0.12094614932081485,-0.11925553372361875,0.000845307798598052,False,0.06296788036823273,0.0001826052985447666,0.06259545440646744,0.06334030632999801,0.0003724259617652819,False,"pointwise paired, finite-window; not joint with primary family"
R1_H2048_alpha4_5_L100_zero_base,R1_H2048_alpha4_5,1,2048,4/5,100,zero,base,WHITTLE_P,LAGRANGIAN_NI,32,0.004602966308593741,8.728221389468985e-05,0.004424953059724274,0.004780979557463208,0.00017801324886946736,False,0.00460295292868543,1.9438011500052242e-05,0.0045633088428598655,0.004642597014510995,3.9644085825564566e-05,False,0.00460296630859375,8.728221389468726e-05,0.004424953059724289,0.004780979557463212,0.0001780132488694621,False,-0.002339462041854857,9.03681139208762e-06,-0.002357892740201568,-0.002321031343508146,1.8430698346710945e-05,False,"pointwise paired, finite-window; not joint with primary family"
R1_H2048_alpha4_5_L100_zero_base,R1_H2048_alpha4_5,1,2048,4/5,100,zero,base,WHITTLE_P,LAGRANGIAN_FC,32,0.007264099121093753,0.00028913903901566846,0.006674396163143161,0.007853802079044344,0.0005897029579505915,False,0.00705734566076478,3.304639974446298e-05,0.006989947084130957,0.007124744237398603,6.739857663382308e-05,False,0.00726409912109375,0.00028913903901567014,0.006674396163143155,0.007853802079044346,0.0005897029579505949,False,-0.0065497165918350225,1.3347857757496183e-05,-0.006576939727212023,-0.006522493456458022,2.7223135377000073e-05,False,"pointwise paired, finite-window; not joint with primary family"
R1_H2048_alpha4_5_L100_zero_base,R1_H2048_alpha4_5,1,2048,4/5,100,zero,base,WHITTLE_P,MYOPIC_K,32,0.006776657104492188,0.00011548365789178439,0.006541126631382851,0.007012187577601524,0.00023553047310933693,False,0.006847057200189847,2.212102794747286e-05,0.006801941066242865,0.006892173334136828,4.511613394698164e-05,False,0.006776657104492188,0.00011548365789178417,0.006541126631382851,0.007012187577601524,0.0002355304731093365,False,-0.003902530074119573,9.0217458010846e-06,-0.003920930045990856,-0.0038841301022482905,1.8399971871282376e-05,False,"pointwise paired, finite-window; not joint with primary family"
R1_H2048_alpha4_5_L100_zero_base,R1_H2048_alpha4_5,1,2048,4/5,100,zero,base,LAGRANGIAN_K,LAGRANGIAN_NI,32,0.12470380783081053,0.00040518348935336543,0.12387743065601653,0.12553018500560453,0.0008263771747940047,False,0.12467730258827779,0.0003050337797777031,0.12405518209281605,0.12529942308373954,0.0006221204954617463,False,0.12470380783081055,0.0004051834893533658,0.12387743065601654,0.12553018500560456,0.0008263771747940054,False,-0.06530734241008758,0.00017693343134815025,-0.06566820052243919,-0.06494648429773597,0.0003608581123516082,False,"pointwise paired, finite-window; not joint with primary family"
R1_H2048_alpha4_5_L100_zero_base,R1_H2048_alpha4_5,1,2048,4/5,100,zero,base,LAGRANGIAN_K,LAGRANGIAN_FC,32,0.12736494064331055,0.0003035160823323276,0.12674591551219622,0.1279839657744249,0.0006190251311143414,False,0.12713169532035715,0.0003143731291718638,0.1264905270962254,0.12777286354448888,0.0006411682241317312,False,0.12736494064331055,0.0003035160823323278,0.12674591551219622,0.1279839657744249,0.0006190251311143419,False,-0.06951759696006775,0.00018210776272002666,-0.06988900819082841,-0.06914618572930709,0.0003714112307606609,False,"pointwise paired, finite-window; not joint with primary family"
R1_H2048_alpha4_5_L100_zero_base,R1_H2048_alpha4_5,1,2048,4/5,100,zero,base,LAGRANGIAN_K,MYOPIC_K,32,0.12687749862670897,0.0003860338156973901,0.12609017746883042,0.12766481978458752,0.0007873211578785399,False,0.1269214068597822,0.00030562515678980305,0.1262980802429524,0.12754473347661202,0.0006233266168298138,False,0.126877498626709,0.0003860338156973911,0.12609017746883044,0.12766481978458755,0.0007873211578785421,False,-0.0668704104423523,0.00018054525111512845,-0.06723863490968462,-0.06650218597501997,0.0003682244673323206,False,"pointwise paired, finite-window; not joint with primary family"
R1_H2048_alpha4_5_L100_zero_base,R1_H2048_alpha4_5,1,2048,4/5,100,zero,base,LAGRANGIAN_NI,LAGRANGIAN_FC,32,0.002661132812500012,0.00030844790130138194,0.002032049170283091,0.0032902164547169324,0.0006290836422169206,False,0.0024543927320793495,3.183556523562644e-05,0.002389463668707659,0.00251932179545104,6.492906337169017e-05,False,0.0026611328124999997,0.00030844790130138156,0.00203204917028308,0.0032902164547169194,0.0006290836422169198,False,-0.004210254549980166,1.2865370337796307e-05,-0.004236493645776971,-0.00418401545418336,2.623909579680507e-05,False,"pointwise paired, finite-window; not joint with primary family"
R1_H2048_alpha4_5_L100_zero_base,R1_H2048_alpha4_5,1,2048,4/5,100,zero,base,LAGRANGIAN_NI,MYOPIC_K,32,0.002173690795898447,0.00014372822716838139,0.0018805551439618155,0.002466826447835078,0.0002931356519366314,False,0.002244104271504416,1.571323767186217e-05,0.0022120569119862305,0.0022761516310226015,3.204735951818549e-05,False,0.0021736907958984373,0.00014372822716838084,0.001880555143961807,0.0024668264478350677,0.0002931356519366303,False,-0.001563068032264716,7.211327230377079e-06,-0.0015777756311174346,-0.0015483604334119974,1.4707598852718623e-05,False,"pointwise paired, finite-window; not joint with primary family"
R1_H2048_alpha4_5_L100_zero_base,R1_H2048_alpha4_5,1,2048,4/5,100,zero,base,LAGRANGIAN_FC,MYOPIC_K,32,-0.000487442016601565,0.000272707829092611,-0.0010436333009735187,6.874926777038876e-05,0.0005561912843719538,False,-0.00021028846057493343,2.8246611573248045e-05,-0.00026789780469370925,-0.00015267911645615764,5.760934411877579e-05,False,-0.0004874420166015625,0.000272707829092611,-0.0010436333009735163,6.874926777039126e-05,0.0005561912843719538,False,0.0026471865177154497,1.1297341665893166e-05,0.0026241454374793262,0.002670227597951573,2.304108023612351e-05,False,"pointwise paired, finite-window; not joint with primary family"
R4_H2048_alpha1_4_L100_zero_base,R4_H2048_alpha1_4,4,2048,1/4,100,zero,base,WHITTLE_K,WHITTLE_P,32,-0.06479907989501947,0.0036359207641724132,-0.07221458918358101,-0.05738357060645793,0.007415509288561541,False,-0.06525463008717779,0.0003922662066635688,-0.06605466229023504,-0.06445459788412053,0.0008000322030572609,False,-0.06479907989501953,0.0036359207641724193,-0.07221458918358108,-0.057383570606457976,0.007415509288561553,False,0.004131274223327639,8.685395336999694e-06,0.00411356024275056,0.004148988203904719,1.771398057707954e-05,False,"pointwise paired, finite-window; not joint with primary family"
R4_H2048_alpha1_4_L100_zero_base,R4_H2048_alpha1_4,4,2048,1/4,100,zero,base,WHITTLE_K,LAGRANGIAN_K,32,-0.26942810058593747,0.004309100543978244,-0.27821656908725517,-0.26063963208461977,0.008788468501317707,False,-0.26723861988894576,0.0018738975254070096,-0.2710604590891823,-0.2634167806887092,0.003821839200236551,False,-0.2694281005859375,0.0043091005439782415,-0.2782165690872552,-0.2606396320846198,0.0087884685013177,False,0.01838424324989319,0.0001327690053005077,0.018113459078318128,0.018655027421468254,0.00027078417157506144,False,"pointwise paired, finite-window; not joint with primary family"
R4_H2048_alpha1_4_L100_zero_base,R4_H2048_alpha1_4,4,2048,1/4,100,zero,base,WHITTLE_K,LAGRANGIAN_NI,32,-0.008970527648925725,0.002979487254400658,-0.015047231967642582,-0.0028938233302088666,0.006076704318716858,False,-0.0087305831613188,0.00032544697249135216,-0.009394336637803915,-0.008066829684833686,0.0006637534764851147,False,-0.00897052764892578,0.002979487254400655,-0.01504723196764263,-0.002893823330208929,0.006076704318716851,False,0.0006651556491851828,2.105010398172795e-06,0.0006608624521733051,0.0006694488461970605,4.293197011877673e-06,False,"pointwise paired, finite-window; not joint with primary family"
R4_H2048_alpha1_4_L100_zero_base,R4_H2048_alpha1_4,4,2048,1/4,100,zero,base,WHITTLE_K,LAGRANGIAN_FC,32,0.015297985076904275,0.004272038760684267,0.0065851045809620645,0.024010865572846485,0.00871288049594221,False,0.009392764868312517,0.0005262326067052127,0.008319506391005003,0.01046602334562003,0.001073258477307514,False,0.015297985076904297,0.004272038760684273,0.006585104580962075,0.02401086557284652,0.008712880495942222,False,-0.0019433641433715806,3.2050862121393555e-06,-0.0019499009597980985,-0.0019368273269450627,6.536816426517946e-06,False,"pointwise paired, finite-window; not joint with primary family"
R4_H2048_alpha1_4_L100_zero_base,R4_H2048_alpha1_4,4,2048,1/4,100,zero,base,WHITTLE_K,MYOPIC_K,32,-0.7625269508361816,0.007236305232852182,-0.7772854926608124,-0.7477684090115508,0.014758541824630718,False,-0.7729839400319308,0.00110373262282351,-0.7752350175574058,-0.7707328625064559,0.0022510775254749238,False,-0.7625269508361816,0.007236305232852187,-0.7772854926608124,-0.7477684090115508,0.014758541824630728,False,-0.0016389977931976288,3.155097209898424e-06,-0.0016454326563819044,-0.0016325629300133532,6.4348631842756265e-06,False,"pointwise paired, finite-window; not joint with primary family"
R4_H2048_alpha1_4_L100_zero_base,R4_H2048_alpha1_4,4,2048,1/4,100,zero,base,WHITTLE_P,LAGRANGIAN_K,32,-0.204629020690918,0.0037113812097574,-0.2121984325729212,-0.19705960880891482,0.007569411882003186,False,-0.20198398980176796,0.001962828862875167,-0.20598720566057682,-0.1979807739429591,0.004003215858808875,False,-0.20462902069091798,0.0037113812097573935,-0.21219843257292115,-0.19705960880891482,0.007569411882003173,False,0.014252969026565553,0.00013548209692195004,0.013976651468147253,0.014529286584983852,0.0002763175584182985,False,"pointwise paired, finite-window; not joint with primary family"
R4_H2048_alpha1_4_L100_zero_base,R4_H2048_alpha1_4,4,2048,1/4,100,zero,base,WHITTLE_P,LAGRANGIAN_NI,32,0.055828552246093746,0.002425202061780054,0.050882320030865034,0.06077478446132246,0.004946232215228713,False,0.05652404692585899,0.00034571587887853567,0.055818954742253464,0.05722913910946451,0.0007050921836055255,False,0.05582855224609375,0.002425202061780063,0.05088232003086502,0.060774784461322486,0.004946232215228731,False,-0.0034661185741424565,8.74601683838366e-06,-0.003483956193086749,-0.003448280955198164,1.7837618944292875e-05,False,"pointwise paired, finite-window; not joint with primary family"
R4_H2048_alpha1_4_L100_zero_base,R4_H2048_alpha1_4,4,2048,1/4,100,zero,base,WHITTLE_P,LAGRANGIAN_FC,32,0.08009706497192375,0.0050155794840554425,0.06986772317272272,0.09032640677112477,0.010229341799201035,False,0.0746473949554903,0.0005947272940608397,0.07343444064231427,0.07586034926866633,0.0012129543131760333,False,0.08009706497192383,0.005015579484055426,0.06986772317272283,0.09032640677112483,0.010229341799201,False,-0.00607463836669922,8.490210878030853e-06,-0.006091954265947705,-0.006057322467450735,1.7315899248484978e-05,False,"pointwise paired, finite-window; not joint with primary family"
R4_H2048_alpha1_4_L100_zero_base,R4_H2048_alpha1_4,4,2048,1/4,100,zero,base,WHITTLE_P,MYOPIC_K,32,-0.6977278709411621,0.006934059071699006,-0.7118699776559991,-0.683585764226325,0.01414210671483712,False,-0.707729309944753,0.001055045193627447,-0.7098810888037121,-0.7055775310857939,0.0021517788589590805,False,-0.6977278709411621,0.006934059071698999,-0.7118699776559991,-0.683585764226325,0.014142106714837106,False,-0.005770272016525268,8.90151060269048e-06,-0.005788426767092695,-0.005752117265957841,1.815475056742743e-05,False,"pointwise paired, finite-window; not joint with primary family"
R4_H2048_alpha1_4_L100_zero_base,R4_H2048_alpha1_4,4,2048,1/4,100,zero,base,LAGRANGIAN_K,LAGRANGIAN_NI,32,0.26045757293701177,0.0035376559485457283,0.2532424760612285,0.267672669812795,0.007215096875783253,False,0.25850803672762696,0.0018564600586002404,0.2547217614754139,0.26229431197984,0.0037862752522130542,False,0.2604575729370117,0.003537655948545718,0.25324247606122846,0.26767266981279497,0.007215096875783231,False,-0.01771908760070801,0.00013219612162461363,-0.017988703368322864,-0.017449471833093155,0.0002696157676148545,False,"pointwise paired, finite-window; not joint with primary family"
R4_H2048_alpha1_4_L100_zero_base,R4_H2048_alpha1_4,4,2048,1/4,100,zero,base,LAGRANGIAN_K,LAGRANGIAN_FC,32,0.28472608566284174,0.005354075744431001,0.27380637618904985,0.29564579513663364,0.010919709473791886,False,0.2766313847572583,0.0019152780839935299,0.27272514935136516,0.2805376201631514,0.0039062354058931534,False,0.2847260856628418,0.005354075744430996,0.2738063761890499,0.2956457951366337,0.010919709473791875,False,-0.020327607393264772,0.00013457137661232588,-0.020602067525365687,-0.020053147261163858,0.00027446013210091373,False,"pointwise paired, finite-window; not joint with primary family"
R4_H2048_alpha1_4_L100_zero_base,R4_H2048_alpha1_4,4,2048,1/4,100,zero,base,LAGRANGIAN_K,MYOPIC_K,32,-0.49309885025024414,0.0068100280910536005,-0.5069879941122852,-0.47920970638820304,0.013889143862041082,False,-0.505745320142985,0.0022091633428863115,-0.5102509384860877,-0.5012397017998823,0.004505618343102671,False,-0.49309885025024414,0.006810028091053595,-0.5069879941122852,-0.47920970638820304,0.01388914386204107,False,-0.02002324104309082,0.0001344576143632292,-0.02029746915555501,-0.01974901293062663,0.0002742281124641888,False,"pointwise paired, finite-window; not joint with primary family"
R4_H2048_alpha1_4_L100_zero_base,R4_H2048_alpha1_4,4,2048,1/4,100,zero,base,LAGRANGIAN_NI,LAGRANGIAN_FC,32,0.02426851272583,0.004491958513932919,0.015107102936008985,0.033429922515651016,0.009161409789821015,False,0.018123348029631316,0.0005318497441931905,0.017038633324886813,0.01920806273437582,0.001084714704744502,False,0.024268512725830076,0.004491958513932913,0.015107102936009073,0.03342992251565108,0.009161409789821003,False,-0.0026085197925567634,4.0460154228117194e-06,-0.0026167716954159153,-0.0026002678896976114,8.251902859151751e-06,False,"pointwise paired, finite-window; not joint with primary family"
R4_H2048_alpha1_4_L100_zero_base,R4_H2048_alpha1_4,4,2048,1/4,100,zero,base,LAGRANGIAN_NI,MYOPIC_K,32,-0.7535564231872559,0.006499905136462859,-0.7668130671133729,-0.7402997792611389,0.01325664392611708,False,-0.764253356870612,0.0009531017231886346,-0.7661972206508388,-0.7623094930903852,0.0019438637802268075,False,-0.7535564231872559,0.006499905136462844,-0.7668130671133729,-0.7402997792611389,0.013256643926117051,False,-0.0023041534423828116,3.937174818205331e-06,-0.0023121833633653545,-0.0022961235214002686,8.029920982543107e-06,False,"pointwise paired, finite-window; not joint with primary family"
R4_H2048_alpha1_4_L100_zero_base,R4_H2048_alpha1_4,4,2048,1/4,100,zero,base,LAGRANGIAN_FC,MYOPIC_K,32,-0.7778249359130859,0.006627781670350183,-0.7913423857495447,-0.764307486076627,0.013517449836458844,False,-0.7823767049002434,0.0010783276214867883,-0.7845759685838863,-0.7801774412166004,0.002199263683642961,False,-0.777824935913086,0.006627781670350179,-0.7913423857495449,-0.7643074860766271,0.013517449836458837,False,0.0003043663501739518,9.765116880838524e-07,0.00030237474145554155,0.0003063579588923621,1.991608718410272e-06,False,"pointwise paired, finite-window; not joint with primary family"
R4_H2048_alpha1_2_L100_zero_base,R4_H2048_alpha1_2,4,2048,1/2,100,zero,base,WHITTLE_K,WHITTLE_P,32,-0.03371946334838871,0.0015132793187621074,-0.03680581686715763,-0.0306331098296198,0.0030863535187689146,False,-0.03217443001229843,0.00014547636927043542,-0.03247113102355841,-0.03187772900103845,0.0002967010112599823,False,-0.03371946334838867,0.0015132793187621132,-0.036805816867157594,-0.030633109829619743,0.0030863535187689263,False,0.004570936560630807,6.985247902831935e-06,0.004556690053606568,0.004585183067655045,1.4246507024238043e-05,False,"pointwise paired, finite-window; not joint with primary family"
R4_H2048_alpha1_2_L100_zero_base,R4_H2048_alpha1_2,4,2048,1/2,100,zero,base,WHITTLE_K,LAGRANGIAN_K,32,-0.19828248977661134,0.0022603407828299593,-0.20289248519663122,-0.19367249435659145,0.004609995420019886,False,-0.19812806531205637,0.0012248987128949556,-0.2006262627074793,-0.19562986791663345,0.0024981973954229155,False,-0.19828248977661134,0.002260340782829967,-0.20289248519663125,-0.19367249435659142,0.004609995420019901,False,0.02986720383167267,0.00019465144086065555,0.02947020960067693,0.03026419806266841,0.00039699423099574224,False,"pointwise paired, finite-window; not joint with primary family"
R4_H2048_alpha1_2_L100_zero_base,R4_H2048_alpha1_2,4,2048,1/2,100,zero,base,WHITTLE_K,LAGRANGIAN_NI,32,-0.007273826599121139,0.0016720141505915114,-0.010683921941817595,-0.0038637312564246823,0.0034100953426964564,False,-0.00567585368599496,0.00015074641523865514,-0.005983303026870254,-0.005368404345119667,0.0003074493408752936,False,-0.007273826599121095,0.0016720141505915146,-0.010683921941817559,-0.0038637312564246324,0.003410095342696463,False,0.0008967554569244383,2.219085689202431e-06,0.0008922296018226041,0.0009012813120262725,4.5258551018341985e-06,False,"pointwise paired, finite-window; not joint with primary family"
R4_H2048_alpha1_2_L100_zero_base,R4_H2048_alpha1_2,4,2048,1/2,100,zero,base,WHITTLE_K,LAGRANGIAN_FC,32,0.005653038024902274,0.0015775384870985458,0.0024356270682569427,0.008870448981547605,0.003217410956645331,False,0.005153273503626183,0.00015134642345172573,0.004844600437932384,0.005461946569319982,0.00030867306569379934,False,0.005653038024902343,0.0015775384870985543,0.002435627068256995,0.008870448981547692,0.003217410956645348,False,-0.0024354743957519537,1.975068637351834e-06,-0.0024395025747953884,-0.002431446216708519,4.028179043434897e-06,False,"pointwise paired, finite-window; not joint with primary family"
R4_H2048_alpha1_2_L100_zero_base,R4_H2048_alpha1_2,4,2048,1/2,100,zero,base,WHITTLE_K,MYOPIC_K,32,-0.5952075958251953,0.0041786679903904255,-0.6037300453796228,-0.5866851462707678,0.00852244955442753,False,-0.5949788795367706,0.0007044980611703883,-0.5964157128054879,-0.5935420462680534,0.0014368332687172062,False,-0.5952075958251953,0.004178667990390422,-0.6037300453796228,-0.5866851462707678,0.008522449554427523,False,-0.001714038848876949,2.3689616108486173e-06,-0.0017188703779362716,-0.0017092073198176263,4.83152905932265e-06,False,"pointwise paired, finite-window; not joint with primary family"
R4_H2048_alpha1_2_L100_zero_base,R4_H2048_alpha1_2,4,2048,1/2,100,zero,base,WHITTLE_P,LAGRANGIAN_K,32,-0.16456302642822263,0.0018214109153982068,-0.16827781848159046,-0.1608482343748548,0.0037147920533678333,False,-0.16595363529975796,0.0012303551883488608,-0.16846296125023905,-0.16344430934927687,0.0025093259504810872,False,-0.16456302642822265,0.001821410915398202,-0.16827781848159049,-0.16084823437485482,0.003714792053367824,False,0.02529626727104186,0.00019479829178608714,0.024898973535609083,0.025693561006474637,0.0003972937354327757,False,"pointwise paired, finite-window; not joint with primary family"
R4_H2048_alpha1_2_L100_zero_base,R4_H2048_alpha1_2,4,2048,1/2,100,zero,base,WHITTLE_P,LAGRANGIAN_NI,32,0.026445636749267573,0.0012926284226433288,0.023809303700092325,0.02908196979844282,0.0026363330491752483,False,0.02649857632630347,0.0001270156569055696,0.026239526186141688,0.02675762646646525,0.00025905014016178196,False,0.026445636749267577,0.0012926284226433325,0.02380930370009232,0.029081969798442832,0.002636333049175256,False,-0.0036741811037063685,6.981269256361398e-06,-0.0036884194962276315,-0.0036599427111851054,1.4238392521262926e-05,False,"pointwise paired, finite-window; not joint with primary family"
R4_H2048_alpha1_2_L100_zero_base,R4_H2048_alpha1_2,4,2048,1/2,100,zero,base,WHITTLE_P,LAGRANGIAN_FC,32,0.039372501373290986,0.0018996356077123173,0.0354981690081083,0.04324683373847367,0.0038743323651826834,False,0.03732770351592461,0.00020992350231070924,0.036899561710247296,0.03775584532160193,0.00042814180567731896,False,0.03937250137329101,0.0018996356077123177,0.03549816900810833,0.0432468337384737,0.0038743323651826843,False,-0.0070064109563827606,7.190868782382777e-06,-0.0070210768299557025,-0.006991745082809819,1.4665873572941841e-05,False,"pointwise paired, finite-window; not joint with primary family"
R4_H2048_alpha1_2_L100_zero_base,R4_H2048_alpha1_2,4,2048,1/2,100,zero,base,WHITTLE_P,MYOPIC_K,32,-0.5614881324768066,0.004453122375565685,-0.5705703354402215,-0.5524059295133917,0.00908220296341493,False,-0.5628044495244722,0.0006904435680691912,-0.5642126184655272,-0.5613962805834172,0.0014081689410550293,False,-0.5614881324768066,0.004453122375565678,-0.5705703354402215,-0.5524059295133917,0.009082202963414917,False,-0.006284975409507756,7.418914838293954e-06,-0.006300106386078126,-0.006269844432937386,1.5130976570370354e-05,False,"pointwise paired, finite-window; not joint with primary family"
R4_H2048_alpha1_2_L100_zero_base,R4_H2048_alpha1_2,4,2048,1/2,100,zero,base,LAGRANGIAN_K,LAGRANGIAN_NI,32,0.1910086631774902,0.0018299179769313638,0.1872765208577362,0.19474080549724423,0.0037321423197540287,False,0.1924522116260614,0.0012110710338479559,0.1899822159679873,0.1949222072841355,0.0024699956580741056,False,0.19100866317749024,0.0018299179769313756,0.1872765208577362,0.1947408054972443,0.0037321423197540526,False,-0.02897044837474823,0.0001946033107528416,-0.029367344443741908,-0.02857355230575455,0.0003968960689936792,False,"pointwise paired, finite-window; not joint with primary family"
R4_H2048_alpha1_2_L100_zero_base,R4_H2048_alpha1_2,4,2048,1/2,100,zero,base,LAGRANGIAN_K,LAGRANGIAN_FC,32,0.2039355278015136,0.0022960705421251424,0.1992526610569747,0.20861839454605252,0.004682866744538918,False,0.20328133881568256,0.0011926492825624071,0.2008489145670615,0.2057137630643036,0.0024324242486210585,False,0.20393552780151367,0.0022960705421251506,0.19925266105697473,0.2086183945460526,0.004682866744538936,False,-0.03230267822742462,0.0001943912317544521,-0.03269914175844939,-0.03190621469639986,0.0003964635310247655,False,"pointwise paired, finite-window; not joint with primary family"
R4_H2048_alpha1_2_L100_zero_base,R4_H2048_alpha1_2,4,2048,1/2,100,zero,base,LAGRANGIAN_K,MYOPIC_K,32,-0.396925106048584,0.003993739517580689,-0.40507039149609453,-0.38877982060107347,0.008145285447510519,False,-0.39685081422471424,0.0016940300793586865,-0.40030581135016624,-0.39339581709926225,0.0034549971254520155,False,-0.396925106048584,0.003993739517580681,-0.4050703914960945,-0.3887798206010735,0.008145285447510503,False,-0.03158124268054962,0.00019421357117290375,-0.03197734387042942,-0.031185141490669817,0.00039610118987980306,False,"pointwise paired, finite-window; not joint with primary family"
R4_H2048_alpha1_2_L100_zero_base,R4_H2048_alpha1_2,4,2048,1/2,100,zero,base,LAGRANGIAN_NI,LAGRANGIAN_FC,32,0.012926864624023413,0.002024028253603372,0.008798831784913096,0.01705489746313373,0.004128032839110316,False,0.010829127189621143,0.00019391101540351696,0.010433643066301289,0.011224611312940997,0.0003954841233198539,False,0.012926864624023439,0.0020240282536033737,0.008798831784913119,0.01705489746313376,0.00412803283911032,False,-0.003332229852676392,2.755253002219956e-06,-0.003337849228222644,-0.0033266104771301403,5.619375546251673e-06,False,"pointwise paired, finite-window; not joint with primary family"
R4_H2048_alpha1_2_L100_zero_base,R4_H2048_alpha1_2,4,2048,1/2,100,zero,base,LAGRANGIAN_NI,MYOPIC_K,32,-0.5879337692260742,0.004193714883101033,-0.5964869071205116,-0.5793806313316369,0.008553137894437297,False,-0.5893030258507757,0.0007157947420499598,-0.5907628988520464,-0.587843152849505,0.0014598730012707415,False,-0.5879337692260742,0.004193714883101031,-0.5964869071205116,-0.5793806313316369,0.008553137894437294,False,-0.0026107943058013873,3.271094994321016e-06,-0.002617465748026745,-0.0026041228635760296,6.671442225357695e-06,False,"pointwise paired, finite-window; not joint with primary family"
R4_H2048_alpha1_2_L100_zero_base,R4_H2048_alpha1_2,4,2048,1/2,100,zero,base,LAGRANGIAN_FC,MYOPIC_K,32,-0.6008606338500976,0.00403567968134932,-0.6090914568255583,-0.5926298108746368,0.008230822975460711,False,-0.6001321530403968,0.0007230921378494933,-0.6016069091785243,-0.5986573969022693,0.0014747561381275667,False,-0.6008606338500977,0.004035679681349316,-0.6090914568255584,-0.592629810874637,0.008230822975460702,False,0.0007214355468750048,1.4467524909509752e-06,0.0007184848757161027,0.0007243862180339068,2.950671158902012e-06,False,"pointwise paired, finite-window; not joint with primary family"
R4_H2048_alpha4_5_L100_zero_base,R4_H2048_alpha4_5,4,2048,4/5,100,zero,base,WHITTLE_K,WHITTLE_P,32,-0.012035675048828118,0.0004065872219951964,-0.012864915155220282,-0.011206434942435953,0.0008292401063921645,False,-0.012614812785996004,8.694549557594195e-05,-0.012792139293326737,-0.01243748627866527,0.00017732650733073304,False,-0.012035675048828126,0.0004065872219952033,-0.012864915155220305,-0.011206434942435948,0.0008292401063921786,False,0.004133700728416453,1.1056824065001604e-05,0.004111150187061443,0.004156251269771463,2.2550541355010166e-05,False,"pointwise paired, finite-window; not joint with primary family"
R4_H2048_alpha4_5_L100_zero_base,R4_H2048_alpha4_5,4,2048,4/5,100,zero,base,WHITTLE_K,LAGRANGIAN_K,32,-0.08210594177246094,0.0005794889357657195,-0.08328781724899308,-0.08092406629592881,0.0011818754765321295,False,-0.08124996009330632,0.00040573451327464554,-0.08207746108879706,-0.08042245909781558,0.0008275009954907416,False,-0.08210594177246094,0.0005794889357657243,-0.08328781724899309,-0.0809240662959288,0.0011818754765321393,False,0.033933314681053164,0.00018521425823753114,0.033555567710913385,0.034311061651192944,0.0003777469701397815,False,"pointwise paired, finite-window; not joint with primary family"
R4_H2048_alpha4_5_L100_zero_base,R4_H2048_alpha4_5,4,2048,4/5,100,zero,base,WHITTLE_K,LAGRANGIAN_NI,32,-0.002955188751220708,0.0003524103297928249,-0.0036739343574821674,-0.002236443144959249,0.0007187456062614591,False,-0.0022915609466033094,7.682255787384132e-05,-0.002448241586373575,-0.002134880306833044,0.00015668063977026565,False,-0.002955188751220703,0.00035241032979282727,-0.003673934357482167,-0.002236443144959239,0.0007187456062614639,False,0.0007091796398162944,1.0940311372883937e-05,0.0006868667276635341,0.0007314925519690548,2.231291215276034e-05,False,"pointwise paired, finite-window; not joint with primary family"
R4_H2048_alpha4_5_L100_zero_base,R4_H2048_alpha4_5,4,2048,4/5,100,zero,base,WHITTLE_K,LAGRANGIAN_FC,32,0.00037359237670898243,0.0004966932900154718,-0.0006394202670124431,0.001386605020430408,0.0010130126437214255,False,0.0006095878937665139,0.00012042037407168098,0.0003639889216272351,0.0008551868659057927,0.0002455989721392788,False,0.00037359237670898406,0.0004966932900154752,-0.0006394202670124484,0.0013866050204304164,0.0010130126437214325,False,-0.0017279881238937318,1.204699332446927e-05,-0.0017525581287676348,-0.0017034181190198289,2.4570004873902843e-05,False,"pointwise paired, finite-window; not joint with primary family"
R4_H2048_alpha4_5_L100_zero_base,R4_H2048_alpha4_5,4,2048,4/5,100,zero,base,WHITTLE_K,MYOPIC_K,32,-0.32567186355590816,0.002707534022008598,-0.3311939156003704,-0.3201498115114459,0.005522052044462284,False,-0.3256647586970137,0.0008896816687402766,-0.3274792764234219,-0.32385024097060555,0.0018145177264081891,False,-0.3256718635559082,0.0027075340220085943,-0.3311939156003705,-0.32014981151144595,0.005522052044462277,False,-0.0027960455417633083,4.183912965513483e-05,-0.0028813770092804784,-0.0027107140742461382,8.53314675171702e-05,False,"pointwise paired, finite-window; not joint with primary family"
R4_H2048_alpha4_5_L100_zero_base,R4_H2048_alpha4_5,4,2048,4/5,100,zero,base,WHITTLE_P,LAGRANGIAN_K,32,-0.07007026672363283,0.0006310722017876986,-0.07135734696482582,-0.06878318648243983,0.0012870802411929989,False,-0.06863514730731031,0.0004315059464884417,-0.0695152094873735,-0.06775508512724712,0.0008800621800631859,False,-0.07007026672363281,0.0006310722017876986,-0.0713573469648258,-0.06878318648243982,0.0012870802411929989,False,0.029799613952636715,0.00019129998137385796,0.02940945506832935,0.03018977283694408,0.00039015888430736576,False,"pointwise paired, finite-window; not joint with primary family"
R4_H2048_alpha4_5_L100_zero_base,R4_H2048_alpha4_5,4,2048,4/5,100,zero,base,WHITTLE_P,LAGRANGIAN_NI,32,0.00908048629760741,0.0005319779232309493,0.007995510169991853,0.010165462425222966,0.001084976127615557,False,0.010323251839392695,0.00010712631383811427,0.010104766281856978,0.010541737396928411,0.00021848555753571568,False,0.009080486297607424,0.0005319779232309526,0.00799551016999186,0.010165462425222987,0.001084976127615564,False,-0.0034245210886001583,1.520353697054453e-05,-0.003455528906684369,-0.0033935132705159477,3.100781808421048e-05,False,"pointwise paired, finite-window; not joint with primary family"
R4_H2048_alpha4_5_L100_zero_base,R4_H2048_alpha4_5,4,2048,4/5,100,zero,base,WHITTLE_P,LAGRANGIAN_FC,32,0.0124092674255371,0.0005907714639796379,0.011204381081003337,0.013614153770070863,0.001204886344533763,False,0.013224400679762518,0.00014856644291946888,0.012921397421744977,0.013527403937780059,0.00030300325801754124,False,0.01240926742553711,0.0005907714639796429,0.011204381081003337,0.013614153770070884,0.001204886344533773,False,-0.0058616888523101845,1.769933618412827e-05,-0.005897786886450005,-0.005825590818170364,3.60980341398201e-05,False,"pointwise paired, finite-window; not joint with primary family"
R4_H2048_alpha4_5_L100_zero_base,R4_H2048_alpha4_5,4,2048,4/5,100,zero,base,WHITTLE_P,MYOPIC_K,32,-0.3136361885070801,0.0027774379195539636,-0.31930081049054165,-0.3079715665236185,0.005664621983461574,False,-0.31304994591101776,0.0008862921609912512,-0.31485755069079513,-0.3112423411312404,0.001807604779777387,False,-0.3136361885070801,0.0027774379195539614,-0.31930081049054165,-0.3079715665236185,0.00566462198346157,False,-0.006929746270179761,3.5909637497177664e-05,-0.007002984458710475,-0.006856508081649047,7.323818853071451e-05,False,"pointwise paired, finite-window; not joint with primary family"
R4_H2048_alpha4_5_L100_zero_base,R4_H2048_alpha4_5,4,2048,4/5,100,zero,base,LAGRANGIAN_K,LAGRANGIAN_NI,32,0.07915075302124024,0.00048813853705464587,0.07815518791121301,0.08014631813126746,0.0009955651100272216,False,0.07895839914670301,0.00039419047003109943,0.07815444238263326,0.07976235591077276,0.0008039567640697477,False,0.07915075302124024,0.0004881385370546458,0.07815518791121301,0.08014631813126746,0.0009955651100272214,False,-0.03322413504123688,0.00017998605532394078,-0.0335912190212339,-0.03285705106123985,0.000367083979997025,False,"pointwise paired, finite-window; not joint with primary family"
R4_H2048_alpha4_5_L100_zero_base,R4_H2048_alpha4_5,4,2048,4/5,100,zero,base,LAGRANGIAN_K,LAGRANGIAN_FC,32,0.08247953414916992,0.0005559331286815443,0.08134570105792668,0.08361336724041316,0.0011338330912432342,False,0.08185954798707283,0.000377704484136118,0.081089214612913,0.08262988136123266,0.0007703333741598315,False,0.08247953414916992,0.0005559331286815484,0.08134570105792668,0.08361336724041316,0.0011338330912432427,False,-0.0356613028049469,0.00017997412823402538,-0.03602836245948367,-0.03529424315041013,0.0003670596545367662,False,"pointwise paired, finite-window; not joint with primary family"
R4_H2048_alpha4_5_L100_zero_base,R4_H2048_alpha4_5,4,2048,4/5,100,zero,base,LAGRANGIAN_K,MYOPIC_K,32,-0.24356592178344724,0.0025868950447602004,-0.24884192901165192,-0.23828991455524257,0.005276007228204667,False,-0.24441479860370743,0.0011620781984970731,-0.24678487271530633,-0.24204472449210854,0.002370074111598895,False,-0.24356592178344727,0.0025868950447602004,-0.24884192901165195,-0.2382899145552426,0.005276007228204667,False,-0.036729360222816476,0.00021029189267932462,-0.03715825336560411,-0.03630046708002884,0.00042889314278763297,False,"pointwise paired, finite-window; not joint with primary family"
R4_H2048_alpha4_5_L100_zero_base,R4_H2048_alpha4_5,4,2048,4/5,100,zero,base,LAGRANGIAN_NI,LAGRANGIAN_FC,32,0.0033287811279296906,0.00037047996398782506,0.002573182259756064,0.004084379996103317,0.0007555988681736263,False,0.0029011488403698233,9.392120757796378e-05,0.002709595274612778,0.003092702406126869,0.00019155356575704537,False,0.003328781127929687,0.00037047996398782153,0.002573182259756068,0.004084379996103307,0.000755598868173619,False,-0.0024371677637100263,1.1471806658617321e-05,-0.002460564667644736,-0.0024137708597753165,2.3396903934709878e-05,False,"pointwise paired, finite-window; not joint with primary family"
R4_H2048_alpha4_5_L100_zero_base,R4_H2048_alpha4_5,4,2048,4/5,100,zero,base,LAGRANGIAN_NI,MYOPIC_K,32,-0.32271667480468746,0.0026148665157338068,-0.3280497302240583,-0.3173836193853166,0.005333055419370824,False,-0.3233731977504104,0.0008824251967997473,-0.32517291580472246,-0.32157347969609834,0.0017997180543120814,False,-0.3227166748046875,0.002614866515733804,-0.32804973022405837,-0.3173836193853167,0.005333055419370819,False,-0.0035052251815796028,4.2997459636498576e-05,-0.0035929190786691285,-0.003417531284490077,8.769389708952566e-05,False,"pointwise paired, finite-window; not joint with primary family"
R4_H2048_alpha4_5_L100_zero_base,R4_H2048_alpha4_5,4,2048,4/5,100,zero,base,LAGRANGIAN_FC,MYOPIC_K,32,-0.32604545593261713,0.0025963992442765817,-0.3313408471035327,-0.3207500647617016,0.005295391170915561,False,-0.32627434659078025,0.0008877661978045254,-0.3280849576884588,-0.3244637354931017,0.001810611097678543,False,-0.3260454559326172,0.0025963992442765834,-0.33134084710353273,-0.32075006476170165,0.005295391170915565,False,-0.0010680574178695765,4.29915151805691e-05,-0.0011557391911613025,-0.0009803756445778504,8.768177329172598e-05,False,"pointwise paired, finite-window; not joint with primary family"
R16_H2048_alpha1_4_L100_zero_base,R16_H2048_alpha1_4,16,2048,1/4,100,zero,base,WHITTLE_K,WHITTLE_P,32,-0.26418592453002926,0.02398243360532998,-0.31309842034540886,-0.21527342871464966,0.04891249581537959,False,-0.24555347948828604,0.004798181969226749,-0.2553394361327808,-0.2357675228437913,0.009785956644494751,False,-0.2641859245300293,0.023982433605329992,-0.3130984203454089,-0.21527342871464972,0.04891249581537961,False,0.004428007006645204,2.050232711188628e-05,0.004386192234818094,0.004469821778472313,4.18147718271097e-05,False,"pointwise paired, finite-window; not joint with primary family"
R16_H2048_alpha1_4_L100_zero_base,R16_H2048_alpha1_4,16,2048,1/4,100,zero,base,WHITTLE_K,LAGRANGIAN_K,32,-0.9357690238952636,0.03108089470232529,-0.9991589265666869,-0.8723791212238403,0.06338990267142332,False,-0.9171638669551306,0.02100038692223139,-0.9599944384625488,-0.8743332954477124,0.0428305715074182,False,-0.9357690238952637,0.03108089470232528,-0.999158926566687,-0.8723791212238404,0.06338990267142329,False,0.01881132781505585,0.0004095849583816393,0.01797597378499478,0.019646681845116917,0.0008353540300610665,False,"pointwise paired, finite-window; not joint with primary family"
R16_H2048_alpha1_4_L100_zero_base,R16_H2048_alpha1_4,16,2048,1/4,100,zero,base,WHITTLE_K,LAGRANGIAN_NI,32,-0.03442277908325192,0.01954114270617936,-0.07427720239045582,0.005431644223951981,0.0398544233072039,False,-0.02071767240190437,0.0034322020147723696,-0.027717694561781463,-0.013717650242027278,0.0070000221598770914,False,-0.03442277908325196,0.019541142706179352,-0.07427720239045585,0.005431644223951926,0.03985442330720389,False,0.0005113327503204366,3.92712019258988e-06,0.0005033233358820347,0.0005193421647588385,8.009414438401912e-06,False,"pointwise paired, finite-window; not joint with primary family"
R16_H2048_alpha1_4_L100_zero_base,R16_H2048_alpha1_4,16,2048,1/4,100,zero,base,WHITTLE_K,LAGRANGIAN_FC,32,0.058757610321044984,0.028084633887310508,0.0014786218707549745,0.11603659877133499,0.05727898845029001,False,0.029083430432889492,0.004338762796380933,0.020234465368946096,0.03793239549683289,0.008848965063943394,False,0.05875761032104492,0.02808463388731054,0.0014786218707548496,0.11603659877133499,0.05727898845029007,False,-0.001404207944869994,6.423889276066168e-06,-0.0014173095534266928,-0.0013911063363132954,1.3101608556698637e-05,False,"pointwise paired, finite-window; not joint with primary family"
R16_H2048_alpha1_4_L100_zero_base,R16_H2048_alpha1_4,16,2048,1/4,100,zero,base,WHITTLE_K,MYOPIC_K,32,-5.8170230674743655,0.057136359310254695,-5.933553440565767,-5.700492694382964,0.11653037309140106,False,-5.80003059304587,0.011067653122854544,-5.822603220409983,-5.777457965681757,0.022572627364113043,False,-5.8170230674743655,0.057136359310254625,-5.933553440565767,-5.700492694382964,0.11653037309140092,False,-0.001186376810073852,6.6861254182919146e-06,-0.0012000132527687512,-0.0011727403673789528,1.363644269489917e-05,False,"pointwise paired, finite-window; not joint with primary family"
R16_H2048_alpha1_4_L100_zero_base,R16_H2048_alpha1_4,16,2048,1/4,100,zero,base,WHITTLE_P,LAGRANGIAN_K,32,-0.6715830993652344,0.028221090342469436,-0.7291403925906687,-0.6140258061398002,0.05755729322543423,False,-0.6716103874668445,0.020782190859422525,-0.7139959451702133,-0.6292248297634758,0.04238555770336876,False,-0.6715830993652344,0.02822109034246947,-0.7291403925906688,-0.6140258061398001,0.0575572932254343,False,0.014383320808410644,0.00040408968277581565,0.013559174466839309,0.015207467149981979,0.0008241463415713351,False,"pointwise paired, finite-window; not joint with primary family"
R16_H2048_alpha1_4_L100_zero_base,R16_H2048_alpha1_4,16,2048,1/4,100,zero,base,WHITTLE_P,LAGRANGIAN_NI,32,0.22976314544677734,0.020228960800245423,0.18850590788805094,0.27102038300550374,0.04125723755872639,False,0.22483580708638168,0.0030316981353189837,0.2186526179739837,0.23101899619877966,0.0061831891123979845,False,0.22976314544677734,0.020228960800245444,0.1885059078880509,0.2710203830055038,0.04125723755872643,False,-0.003916674256324767,2.076371467551224e-05,-0.003959022131602613,-0.0038743263810469214,4.2347875277845645e-05,False,"pointwise paired, finite-window; not joint with primary family"
R16_H2048_alpha1_4_L100_zero_base,R16_H2048_alpha1_4,16,2048,1/4,100,zero,base,WHITTLE_P,LAGRANGIAN_FC,32,0.32294353485107424,0.02939424457188258,0.2629935778000551,0.3828934919020934,0.05994995705101915,False,0.27463690992117556,0.005119268887620649,0.26419609218915446,0.28507772765319667,0.010440817732021096,False,0.32294353485107424,0.029394244571882604,0.26299357780005506,0.38289349190209343,0.0599499570510192,False,-0.005832214951515198,2.1217787383364286e-05,-0.00587548891418635,-0.005788940988844046,4.3273962671151525e-05,False,"pointwise paired, finite-window; not joint with primary family"
R16_H2048_alpha1_4_L100_zero_base,R16_H2048_alpha1_4,16,2048,1/4,100,zero,base,WHITTLE_P,MYOPIC_K,32,-5.552837142944336,0.05718255736511099,-5.669461737589813,-5.436212548298858,0.11662459464547784,False,-5.554477113557583,0.010963624926440912,-5.576837574016306,-5.532116653098861,0.022360460458723072,False,-5.552837142944336,0.05718255736511094,-5.669461737589813,-5.436212548298858,0.11662459464547774,False,-0.005614383816719056,2.116147604266388e-05,-0.005657542931653665,-0.005571224701784447,4.315911493460843e-05,False,"pointwise paired, finite-window; not joint with primary family"
R16_H2048_alpha1_4_L100_zero_base,R16_H2048_alpha1_4,16,2048,1/4,100,zero,base,LAGRANGIAN_K,LAGRANGIAN_NI,32,0.9013462448120118,0.025228034840969124,0.8498933285276982,0.9527991610963253,0.0514529162843136,False,0.8964461945532263,0.0202176588332746,0.8552120075081076,0.937680381598345,0.041234187045118664,False,0.9013462448120118,0.025228034840969138,0.8498933285276982,0.9527991610963253,0.05145291628431363,False,-0.01829999506473541,0.00041004781335716555,-0.019136293093742793,-0.01746369703572803,0.0008362980290073838,False,"pointwise paired, finite-window; not joint with primary family"
R16_H2048_alpha1_4_L100_zero_base,R16_H2048_alpha1_4,16,2048,1/4,100,zero,base,LAGRANGIAN_K,LAGRANGIAN_FC,32,0.9945266342163086,0.032254080798166045,0.9287440027272927,1.0603092657053244,0.06578263148901584,False,0.9462472973880202,0.020741541941538117,0.9039446436992581,0.9885499510767822,0.04230265368876205,False,0.9945266342163086,0.03225408079816607,0.9287440027272927,1.0603092657053246,0.0657826314890159,False,-0.02021553575992584,0.00040762528933436127,-0.021046893018614496,-0.019384178501237186,0.0008313572586886562,False,"pointwise paired, finite-window; not joint with primary family"
R16_H2048_alpha1_4_L100_zero_base,R16_H2048_alpha1_4,16,2048,1/4,100,zero,base,LAGRANGIAN_K,MYOPIC_K,32,-4.881254043579101,0.04731970205264571,-4.977763212194944,-4.784744874963259,0.09650916861584265,False,-4.882866726090739,0.024802909434985275,-4.9334525933931435,-4.832280858788334,0.05058586730240481,False,-4.881254043579101,0.047319702052645664,-4.977763212194944,-4.784744874963259,0.09650916861584255,False,-0.0199977046251297,0.0004070356624185337,-0.02082785933179517,-0.01916754991846423,0.0008301547066654686,False,"pointwise paired, finite-window; not joint with primary family"
R16_H2048_alpha1_4_L100_zero_base,R16_H2048_alpha1_4,16,2048,1/4,100,zero,base,LAGRANGIAN_NI,LAGRANGIAN_FC,32,0.0931803894042969,0.026789403267139356,0.03854304122003032,0.14781773758856348,0.05463734818426658,False,0.04980110283479386,0.004467659173012137,0.040689251877519345,0.05891295379206837,0.00911185095727451,False,0.09318038940429688,0.02678940326713937,0.038543041220030265,0.14781773758856348,0.05463734818426661,False,-0.0019155406951904307,6.296114911125812e-06,-0.0019283817062117287,-0.0019026996841691327,1.284101102129802e-05,False,"pointwise paired, finite-window; not joint with primary family"
R16_H2048_alpha1_4_L100_zero_base,R16_H2048_alpha1_4,16,2048,1/4,100,zero,base,LAGRANGIAN_NI,MYOPIC_K,32,-5.782600288391113,0.051408378887830904,-5.887448368390285,-5.677752208391941,0.10484807999917235,False,-5.7793129206439655,0.010662813544584643,-5.801059872244563,-5.757565969043368,0.021746951600598127,False,-5.782600288391113,0.051408378887830855,-5.887448368390285,-5.677752208391941,0.10484807999917226,False,-0.0016977095603942886,6.604105833968807e-06,-0.001711178723044093,-0.0016842403977444843,1.3469162649804347e-05,False,"pointwise paired, finite-window; not joint with primary family"
R16_H2048_alpha1_4_L100_zero_base,R16_H2048_alpha1_4,16,2048,1/4,100,zero,base,LAGRANGIAN_FC,MYOPIC_K,32,-5.87578067779541,0.05461497394254162,-5.9871686515258125,-5.764392704065007,0.11138797373040309,False,-5.829114023478759,0.011475443550947085,-5.852518344904278,-5.80570970205324,0.023404321425519525,False,-5.87578067779541,0.05461497394254157,-5.9871686515258125,-5.764392704065007,0.11138797373040299,False,0.00021783113479614206,1.228477966675092e-06,0.0002153256374645065,0.00022033663212777763,2.5054973316355688e-06,False,"pointwise paired, finite-window; not joint with primary family"
R16_H2048_alpha1_2_L100_zero_base,R16_H2048_alpha1_2,16,2048,1/2,100,zero,base,WHITTLE_K,WHITTLE_P,32,-0.0694723510742187,0.0085258166315677,-0.08686086873581116,-0.05208383341262625,0.017388517661592454,False,-0.06956795674314971,0.001417532503427514,-0.07245903334459408,-0.06667688014170534,0.0028910766014443776,False,-0.06947235107421874,0.008525816631567696,-0.0868608687358112,-0.0520838334126263,0.017388517661592447,False,0.004418215155601502,1.1983364978069238e-05,0.0043937749215956536,0.00444265538960735,2.444023400584801e-05,False,"pointwise paired, finite-window; not joint with primary family"
R16_H2048_alpha1_2_L100_zero_base,R16_H2048_alpha1_2,16,2048,1/2,100,zero,base,WHITTLE_K,LAGRANGIAN_K,32,-0.34157831192016597,0.00898403743814973,-0.3599013770782011,-0.32325524676213085,0.018323065158035116,False,-0.3394161371016139,0.005315085017620597,-0.3502563244637912,-0.3285759497394366,0.010840187362177296,False,-0.341578311920166,0.008984037438149727,-0.35990137707820113,-0.3232552467621309,0.01832306515803511,False,0.029229007959365845,0.000586399618279654,0.02803303805292277,0.03042497786580892,0.0011959699064430752,False,"pointwise paired, finite-window; not joint with primary family"
R16_H2048_alpha1_2_L100_zero_base,R16_H2048_alpha1_2,16,2048,1/2,100,zero,base,WHITTLE_K,LAGRANGIAN_NI,32,-0.007159614562988248,0.0049064882231768725,-0.0171664632687431,0.0028472341427666047,0.010006848705754853,False,-0.004523633993745949,0.0007662379208755088,-0.006086386536510377,-0.002960881450981522,0.0015627525427644273,False,-0.0071596145629882835,0.004906488223176863,-0.017166463268743118,0.00284723414276655,0.010006848705754834,False,0.0003794986009597826,8.328593033420276e-06,0.0003625123234785585,0.00039648487844100674,1.69862774812241e-05,False,"pointwise paired, finite-window; not joint with primary family"
R16_H2048_alpha1_2_L100_zero_base,R16_H2048_alpha1_2,16,2048,1/2,100,zero,base,WHITTLE_K,LAGRANGIAN_FC,32,0.0018202781677245927,0.009202856528102321,-0.016949071466597056,0.02058962780204624,0.01876934963432165,False,0.002060425805253535,0.0013661283528951253,-0.0007258113399794507,0.004846662950486521,0.002786237145232986,False,0.0018202781677246042,0.009202856528102326,-0.016949071466597056,0.020589627802046262,0.01876934963432166,False,-0.0012278401851654065,3.331236424100093e-06,-0.0012346342866454841,-0.0012210460836853288,6.794101480077627e-06,False,"pointwise paired, finite-window; not joint with primary family"
R16_H2048_alpha1_2_L100_zero_base,R16_H2048_alpha1_2,16,2048,1/2,100,zero,base,WHITTLE_K,MYOPIC_K,32,-4.563495540618897,0.03629258901046598,-4.63751476391028,-4.489476317327513,0.07401922329138388,False,-4.54925008994563,0.013000231475151657,-4.575764236845468,-4.5227359430457925,0.026514146899837616,False,-4.563495540618897,0.036292589010466,-4.637514763910281,-4.4894763173275125,0.07401922329138393,False,-0.0006995719671249352,4.3508896214145266e-06,-0.0007084456650115967,-0.0006906982692382737,8.873697886661505e-06,False,"pointwise paired, finite-window; not joint with primary family"
R16_H2048_alpha1_2_L100_zero_base,R16_H2048_alpha1_2,16,2048,1/2,100,zero,base,WHITTLE_P,LAGRANGIAN_K,32,-0.2721059608459473,0.010804323742219237,-0.29414152439742336,-0.2500703972944712,0.022035563551476095,False,-0.2698481803584642,0.0060099277859935645,-0.28210550888986946,-0.25759085182705893,0.01225732853140527,False,-0.27210596084594724,0.010804323742219249,-0.29414152439742336,-0.2500703972944711,0.02203556355147612,False,0.024810792803764345,0.0005912302060343555,0.02360497084864156,0.02601661475888713,0.0012058219551227868,False,"pointwise paired, finite-window; not joint with primary family"
R16_H2048_alpha1_2_L100_zero_base,R16_H2048_alpha1_2,16,2048,1/2,100,zero,base,WHITTLE_P,LAGRANGIAN_NI,32,0.062312736511230454,0.006777512125485471,0.04848990939818813,0.07613556362427278,0.01382282711304232,False,0.06504432274940376,0.0012096616367825955,0.06257720157559576,0.06751144392321176,0.0024671211738079915,False,0.06231273651123047,0.006777512125485467,0.04848990939818816,0.07613556362427278,0.013822827113042311,False,-0.004038716554641719,1.6171392116363686e-05,-0.0040716983263099915,-0.004005734782973447,3.2981771668272604e-05,False,"pointwise paired, finite-window; not joint with primary family"
R16_H2048_alpha1_2_L100_zero_base,R16_H2048_alpha1_2,16,2048,1/2,100,zero,base,WHITTLE_P,LAGRANGIAN_FC,32,0.0712926292419433,0.011252227270594814,0.048343560421656814,0.09424169806222978,0.022949068820286477,False,0.07162838254840324,0.0019222385148099665,0.06770795125026725,0.07554881384653923,0.0039204312981359875,False,0.07129262924194335,0.011252227270594833,0.04834356042165683,0.09424169806222987,0.02294906882028652,False,-0.005646055340766908,1.1334008079918508e-05,-0.005669171202647468,-0.0056229394788863485,2.311586188055933e-05,False,"pointwise paired, finite-window; not joint with primary family"
R16_H2048_alpha1_2_L100_zero_base,R16_H2048_alpha1_2,16,2048,1/2,100,zero,base,WHITTLE_P,MYOPIC_K,32,-4.494023189544678,0.036384217285664974,-4.568229289935401,-4.419817089153955,0.07420610039072234,False,-4.4796821332024805,0.012430562232500416,-4.505034432021932,-4.454329834383029,0.025352298819451953,False,-4.494023189544678,0.036384217285664995,-4.568229289935401,-4.419817089153955,0.07420610039072238,False,-0.005117787122726437,1.13128496157392e-05,-0.005140859831634798,-0.005094714413818076,2.3072708908360537e-05,False,"pointwise paired, finite-window; not joint with primary family"
R16_H2048_alpha1_2_L100_zero_base,R16_H2048_alpha1_2,16,2048,1/2,100,zero,base,LAGRANGIAN_K,LAGRANGIAN_NI,32,0.3344186973571778,0.008132991291514383,0.3178313522587093,0.35100604245564626,0.016587345098468473,False,0.33489250310786794,0.005629813159121077,0.32341042346914106,0.34637458274659483,0.01148207963872688,False,0.3344186973571777,0.008132991291514386,0.31783135225870923,0.3510060424556462,0.01658734509846848,False,-0.028849509358406064,0.0005798934170987418,-0.030032209780055708,-0.02766680893675642,0.0011827004216496447,False,"pointwise paired, finite-window; not joint with primary family"
R16_H2048_alpha1_2_L100_zero_base,R16_H2048_alpha1_2,16,2048,1/2,100,zero,base,LAGRANGIAN_K,LAGRANGIAN_FC,32,0.3433985900878906,0.013460723835003905,0.3159452628281715,0.3708519173476097,0.027453327259719093,False,0.34147656290686745,0.0057821554377894295,0.3296837791423418,0.3532693466713931,0.011792783764525652,False,0.3433985900878906,0.013460723835003905,0.3159452628281715,0.3708519173476097,0.027453327259719093,False,-0.030456848144531253,0.0005867024207704041,-0.03165343562072582,-0.02926026066833669,0.0011965874761945626,False,"pointwise paired, finite-window; not joint with primary family"
R16_H2048_alpha1_2_L100_zero_base,R16_H2048_alpha1_2,16,2048,1/2,100,zero,base,LAGRANGIAN_K,MYOPIC_K,32,-4.2219172286987305,0.0349596345269437,-4.293217873397536,-4.150616583999925,0.07130064469880582,False,-4.209833952844017,0.01737871608205669,-4.2452780779744765,-4.174389827713557,0.03544412513046012,False,-4.2219172286987305,0.03495963452694373,-4.293217873397537,-4.150616583999924,0.07130064469880587,False,-0.029928579926490784,0.0005861239900427729,-0.031123987685438535,-0.028733172167543033,0.0011954077589477498,False,"pointwise paired, finite-window; not joint with primary family"
R16_H2048_alpha1_2_L100_zero_base,R16_H2048_alpha1_2,16,2048,1/2,100,zero,base,LAGRANGIAN_NI,LAGRANGIAN_FC,32,0.00897989273071284,0.008347180309424973,-0.008044293749854721,0.026004079211280402,0.01702418648056756,False,0.006584059798999484,0.0015412881183406641,0.0034405819568726816,0.009727537641126287,0.0031434778421268027,False,0.008979892730712888,0.008347180309424981,-0.008044293749854691,0.026004079211280465,0.01702418648056758,False,-0.001607338786125189,9.30018343733792e-06,-0.001626306635299593,-0.0015883709369507852,1.8967849174403856e-05,False,"pointwise paired, finite-window; not joint with primary family"
R16_H2048_alpha1_2_L100_zero_base,R16_H2048_alpha1_2,16,2048,1/2,100,zero,base,LAGRANGIAN_NI,MYOPIC_K,32,-4.556335926055908,0.03575056730001572,-4.62924968878059,-4.483422163331227,0.0729137627246818,False,-4.544726455951885,0.01271908983111821,-4.570667210688375,-4.518785701215395,0.02594075473648941,False,-4.556335926055908,0.035750567300015725,-4.62924968878059,-4.483422163331227,0.07291376272468181,False,-0.0010790705680847178,9.679113233696455e-06,-0.0010988112496740352,-0.0010593298864954004,1.9740681589317342e-05,False,"pointwise paired, finite-window; not joint with primary family"
R16_H2048_alpha1_2_L100_zero_base,R16_H2048_alpha1_2,16,2048,1/2,100,zero,base,LAGRANGIAN_FC,MYOPIC_K,32,-4.565315818786621,0.037462853088367436,-4.6417218114007195,-4.488909826172522,0.0764059926140986,False,-4.551310515750884,0.012828119522875834,-4.577473638009769,-4.525147393491999,0.02616312225888554,False,-4.565315818786621,0.03746285308836743,-4.6417218114007195,-4.488909826172522,0.07640599261409858,False,0.0005282682180404712,2.571155899665949e-06,0.0005230243110103211,0.0005335121250706214,5.243907030150157e-06,False,"pointwise paired, finite-window; not joint with primary family"
R16_H2048_alpha1_2_L100_zero_double_burn,R16_H2048_alpha1_2,16,2048,1/2,100,zero,double_burn,WHITTLE_K,WHITTLE_P,32,-0.06744556427001952,0.005225285508222355,-0.07810260432529931,-0.05678852421473973,0.010657040055279784,False,-0.06985494632860653,0.00121754874034266,-0.0723381533561784,-0.06737173930103467,0.002483207027571864,False,-0.06744556427001953,0.005225285508222351,-0.07810260432529931,-0.05678852421473976,0.010657040055279775,False,0.004407597184181215,1.6065312115724805e-05,0.004374831764100639,0.0044403626042617906,3.276542008057587e-05,False,"pointwise paired, finite-window; not joint with primary family"
R16_H2048_alpha1_2_L100_zero_double_burn,R16_H2048_alpha1_2,16,2048,1/2,100,zero,double_burn,WHITTLE_K,LAGRANGIAN_K,32,-0.3406479835510253,0.008574835966690893,-0.35813647680573496,-0.3231594902963157,0.01748849325470962,False,-0.3384122045670414,0.006192244043839837,-0.35104136955782084,-0.325783039576262,0.012629164990779417,False,-0.3406479835510254,0.008574835966690885,-0.35813647680573496,-0.3231594902963158,0.0174884932547096,False,0.028919445276260385,0.0006099751844523845,0.027675392685601617,0.030163497866919152,0.0012440525906587674,False,"pointwise paired, finite-window; not joint with primary family"
R16_H2048_alpha1_2_L100_zero_double_burn,R16_H2048_alpha1_2,16,2048,1/2,100,zero,double_burn,WHITTLE_K,LAGRANGIAN_NI,32,0.00021823883056640292,0.004472215519563505,-0.008902904856766064,0.00933938251789887,0.009121143687332467,False,-0.004444524398689802,0.0007185992739010892,-0.0059101172803817685,-0.002978931516997835,0.001465592881691967,False,0.0002182388305664081,0.004472215519563516,-0.008902904856766081,0.009339382517898898,0.00912114368733249,False,0.0003722602128982625,7.166138599337531e-06,0.0003576447768661733,0.00038687564893035174,1.4615436032089216e-05,False,"pointwise paired, finite-window; not joint with primary family"
R16_H2048_alpha1_2_L100_zero_double_burn,R16_H2048_alpha1_2,16,2048,1/2,100,zero,double_burn,WHITTLE_K,LAGRANGIAN_FC,32,0.004940547943115214,0.007125399370164888,-0.009591799883280572,0.019472895769511,0.014532347826395786,False,0.0030149263687470427,0.0013764370215762704,0.00020766455512441625,0.005822188182369669,0.0028072618136226264,False,0.0049405479431152395,0.007125399370164901,-0.009591799883280572,0.019472895769511053,0.014532347826395812,False,-0.0012241208553314207,2.787115648619611e-06,-0.0012298052151734423,-0.0012184364954893991,5.684359842021543e-06,False,"pointwise paired, finite-window; not joint with primary family"
R16_H2048_alpha1_2_L100_zero_double_burn,R16_H2048_alpha1_2,16,2048,1/2,100,zero,double_burn,WHITTLE_K,MYOPIC_K,32,-4.503159484863281,0.03480647934239213,-4.574147767503809,-4.4321712022227535,0.07098828264052756,False,-4.54048739844814,0.012785887047495661,-4.566564387005613,-4.514410409890667,0.026076988557473074,False,-4.503159484863281,0.03480647934239211,-4.574147767503809,-4.4321712022227535,0.07098828264052752,False,-0.0006896799802780101,3.882594933801156e-06,-0.0006975985848524082,-0.0006817613757036121,7.91860457439803e-06,False,"pointwise paired, finite-window; not joint with primary family"
R16_H2048_alpha1_2_L100_zero_double_burn,R16_H2048_alpha1_2,16,2048,1/2,100,zero,double_burn,WHITTLE_P,LAGRANGIAN_K,32,-0.2732024192810058,0.008737190254062093,-0.2910220362878891,-0.2553828022741225,0.01781961700688329,False,-0.2685572582384349,0.006880973062143469,-0.282591095322968,-0.2545234211539018,0.014033837084533072,False,-0.27320241928100586,0.008737190254062097,-0.29102203628788914,-0.2553828022741226,0.017819617006883295,False,0.024511848092079166,0.0006166916530576283,0.023254097173387705,0.025769599010770628,0.0012577509186914616,False,"pointwise paired, finite-window; not joint with primary family"
R16_H2048_alpha1_2_L100_zero_double_burn,R16_H2048_alpha1_2,16,2048,1/2,100,zero,double_burn,WHITTLE_P,LAGRANGIAN_NI,32,0.06766380310058592,0.004746203969739279,0.05798385628496265,0.0773437499162092,0.009679946815623272,False,0.06541042192991672,0.001216652703696694,0.06292904238113277,0.06789180147870068,0.0024813795487839524,False,0.06766380310058594,0.004746203969739271,0.057983856284962686,0.0773437499162092,0.009679946815623253,False,-0.004035336971282952,1.942329409329531e-05,-0.00407495104075954,-0.003995722901806364,3.9614069476587715e-05,False,"pointwise paired, finite-window; not joint with primary family"
R16_H2048_alpha1_2_L100_zero_double_burn,R16_H2048_alpha1_2,16,2048,1/2,100,zero,double_burn,WHITTLE_P,LAGRANGIAN_FC,32,0.07238611221313473,0.00785051250979936,0.05637488638829573,0.08839733803797374,0.016011225824839007,False,0.07286987269735357,0.0015996903303196167,0.0696072827585964,0.07613246263611073,0.00326258993875717,False,0.07238611221313476,0.007850512509799347,0.05637488638829578,0.08839733803797374,0.016011225824838982,False,-0.005631718039512635,1.5466254555557616e-05,-0.005663261673644085,-0.0056001744053811855,3.1543634131449465e-05,False,"pointwise paired, finite-window; not joint with primary family"
R16_H2048_alpha1_2_L100_zero_double_burn,R16_H2048_alpha1_2,16,2048,1/2,100,zero,double_burn,WHITTLE_P,MYOPIC_K,32,-4.435713920593262,0.03576262531157269,-4.508652275794651,-4.362775565391873,0.07293835520138904,False,-4.470632452119533,0.012175314410396463,-4.495464169573641,-4.445800734665426,0.024831717454107543,False,-4.435713920593262,0.03576262531157266,-4.508652275794651,-4.362775565391873,0.07293835520138899,False,-0.005097277164459225,1.6270881381033094e-05,-0.005130461845820563,-0.005064092483097886,3.3184681361337956e-05,False,"pointwise paired, finite-window; not joint with primary family"
R16_H2048_alpha1_2_L100_zero_double_burn,R16_H2048_alpha1_2,16,2048,1/2,100,zero,double_burn,LAGRANGIAN_K,LAGRANGIAN_NI,32,0.3408662223815917,0.008099736124711985,0.32434670164297885,0.35738574312020455,0.01651952073861283,False,0.33396768016835165,0.006294279399332366,0.3211304126980374,0.34680494763866593,0.012837267470314268,False,0.3408662223815918,0.008099736124711973,0.324346701642979,0.3573857431202046,0.016519520738612802,False,-0.02854718506336212,0.0006046486980482854,-0.02978037421337768,-0.027313995913346562,0.0012331891500155596,False,"pointwise paired, finite-window; not joint with primary family"
R16_H2048_alpha1_2_L100_zero_double_burn,R16_H2048_alpha1_2,16,2048,1/2,100,zero,double_burn,LAGRANGIAN_K,LAGRANGIAN_FC,32,0.34558853149414054,0.01012644832658375,0.32493550396783455,0.3662415590204465,0.02065302752630596,False,0.34142713093578847,0.006389854321024489,0.32839493712754486,0.3544593247440321,0.013032193808243636,False,0.34558853149414065,0.010126448326583735,0.3249355039678347,0.3662415590204466,0.020653027526305934,False,-0.030143566131591804,0.0006099335751975414,-0.031387533859615825,-0.028899598403567782,0.0012439677280240205,False,"pointwise paired, finite-window; not joint with primary family"
R16_H2048_alpha1_2_L100_zero_double_burn,R16_H2048_alpha1_2,16,2048,1/2,100,zero,double_burn,LAGRANGIAN_K,MYOPIC_K,32,-4.162511501312256,0.036074913953465786,-4.236086773397943,-4.088936229226569,0.07357527208568689,False,-4.2020751938810985,0.01764990930036124,-4.238072421226862,-4.166077966535335,0.03599722734576377,False,-4.162511501312256,0.03607491395346575,-4.236086773397942,-4.08893622922657,0.0735752720856868,False,-0.029609125256538395,0.0006088518108449226,-0.030850886711619417,-0.028367363801457372,0.001241761455081022,False,"pointwise paired, finite-window; not joint with primary family"
R16_H2048_alpha1_2_L100_zero_double_burn,R16_H2048_alpha1_2,16,2048,1/2,100,zero,double_burn,LAGRANGIAN_NI,LAGRANGIAN_FC,32,0.0047223091125488115,0.007257622106166801,-0.0100797087618422,0.019524326986939823,0.014802017874391012,False,0.007459450767436844,0.0013968998819179645,0.004610454674995601,0.010308446859878088,0.0028489960924412434,False,0.004722309112548831,0.0072576221061668045,-0.010079708761842186,0.01952432698693985,0.014802017874391019,False,-0.0015963810682296832,7.4063353666917e-06,-0.0016114863887985722,-0.0015812757476607942,1.5105320568888995e-05,False,"pointwise paired, finite-window; not joint with primary family"
R16_H2048_alpha1_2_L100_zero_double_burn,R16_H2048_alpha1_2,16,2048,1/2,100,zero,double_burn,LAGRANGIAN_NI,MYOPIC_K,32,-4.5033777236938475,0.034749260137252214,-4.5742493069961,-4.432506140391595,0.07087158330225259,False,-4.53604287404945,0.012699147361572589,-4.561942955851147,-4.510142792247753,0.025900081801696763,False,-4.5033777236938475,0.03474926013725219,-4.5742493069961,-4.432506140391595,0.07087158330225254,False,-0.0010619401931762727,7.660771651896311e-06,-0.0010775644399700875,-0.0010463159463824578,1.562424679381495e-05,False,"pointwise paired, finite-window; not joint with primary family"
R16_H2048_alpha1_2_L100_zero_double_burn,R16_H2048_alpha1_2,16,2048,1/2,100,zero,double_burn,LAGRANGIAN_FC,MYOPIC_K,32,-4.5081000328063965,0.036531055023822985,-4.582605610738531,-4.433594454874262,0.07450557793213404,False,-4.543502324816886,0.01262656341049574,-4.569254370674369,-4.5177502789594035,0.025752045857482954,False,-4.5081000328063965,0.036531055023822964,-4.582605610738531,-4.433594454874262,0.074505577932134,False,0.0005344408750534105,3.2452280605098177e-06,0.0005278221887873778,0.0005410595613194433,6.61868626603271e-06,False,"pointwise paired, finite-window; not joint with primary family"
R16_H2048_alpha1_2_L100_zero_double_horizon,R16_H2048_alpha1_2,16,2048,1/2,100,zero,double_horizon,WHITTLE_K,WHITTLE_P,32,-0.06964188575744626,0.003951034715699241,-0.07770007418729387,-0.06158369732759865,0.008058188429847611,False,-0.07041771324916798,0.0009070809168662449,-0.07226771697608628,-0.06856770952224969,0.001850003726918289,False,-0.06964188575744629,0.003951034715699219,-0.07770007418729385,-0.06158369732759872,0.008058188429847566,False,0.0044139441847801265,9.533289746116999e-06,0.004394500912154528,0.004433387457405725,1.944327262559862e-05,False,"pointwise paired, finite-window; not joint with primary family"
R16_H2048_alpha1_2_L100_zero_double_horizon,R16_H2048_alpha1_2,16,2048,1/2,100,zero,double_horizon,WHITTLE_K,LAGRANGIAN_K,32,-0.33850508689880365,0.005522796621469409,-0.34976890487000317,-0.32724126892760413,0.011263817971199514,False,-0.3376406455700151,0.004478313867240957,-0.34677422691943655,-0.32850706422059367,0.009133581349421431,False,-0.3385050868988037,0.005522796621469411,-0.3497689048700032,-0.3272412689276042,0.011263817971199517,False,0.02894579082727433,0.00042617944273619645,0.02807659212323613,0.029814989531312532,0.0008691987040382007,False,"pointwise paired, finite-window; not joint with primary family"
R16_H2048_alpha1_2_L100_zero_double_horizon,R16_H2048_alpha1_2,16,2048,1/2,100,zero,double_horizon,WHITTLE_K,LAGRANGIAN_NI,32,-0.0058491325378417225,0.0032122135349173424,-0.01240048523500218,0.0007022201593187352,0.006551352697160458,False,-0.004658356607067428,0.0005711575288610814,-0.005823240067190148,-0.003493473146944708,0.0011648834601227201,False,-0.005849132537841794,0.003212213534917332,-0.01240048523500223,0.0007022201593186433,0.006551352697160437,False,0.0003754976391792293,5.0602184653195565e-06,0.0003651772555775067,0.00038581802278095194,1.0320383601722633e-05,False,"pointwise paired, finite-window; not joint with primary family"
R16_H2048_alpha1_2_L100_zero_double_horizon,R16_H2048_alpha1_2,16,2048,1/2,100,zero,double_horizon,WHITTLE_K,LAGRANGIAN_FC,32,0.006232719421386784,0.0053911975746065,-0.0047627005242028755,0.017228139366976446,0.01099541994558966,False,0.002730848076449261,0.0008144917898921994,0.0010696811189846423,0.0043920150339138795,0.0016611669574646188,False,0.006232719421386721,0.005391197574606507,-0.004762700524202953,0.017228139366976394,0.010995419945589674,False,-0.0012246260046958942,2.0523010430524118e-06,-0.001228811700269253,-0.0012204403091225354,4.185695573358768e-06,False,"pointwise paired, finite-window; not joint with primary family"
R16_H2048_alpha1_2_L100_zero_double_horizon,R16_H2048_alpha1_2,16,2048,1/2,100,zero,double_horizon,WHITTLE_K,MYOPIC_K,32,-4.5418906497955325,0.029871785076270075,-4.6028145571264485,-4.4809667424646165,0.06092390733091638,False,-4.544200591995626,0.009378776284626763,-4.563328732338866,-4.5250724516523855,0.019128140343240032,False,-4.5418906497955325,0.029871785076270075,-4.6028145571264485,-4.4809667424646165,0.06092390733091638,False,-0.0006924337148666339,3.3501835111903276e-06,-0.0006992664591856021,-0.0006856009705476656,6.832744318968205e-06,False,"pointwise paired, finite-window; not joint with primary family"
R16_H2048_alpha1_2_L100_zero_double_horizon,R16_H2048_alpha1_2,16,2048,1/2,100,zero,double_horizon,WHITTLE_P,LAGRANGIAN_K,32,-0.2688632011413574,0.00597872182931861,-0.28105688470451645,-0.2566695175781984,0.012193683563159035,False,-0.26722293232084715,0.004957903685542837,-0.27733464355345006,-0.25711122108824425,0.010111711232602927,False,-0.2688632011413574,0.005978721829318608,-0.28105688470451645,-0.2566695175781984,0.012193683563159032,False,0.024531846642494203,0.000429549494280721,0.023655774673015897,0.02540791861197251,0.0008760719694783075,False,"pointwise paired, finite-window; not joint with primary family"
R16_H2048_alpha1_2_L100_zero_double_horizon,R16_H2048_alpha1_2,16,2048,1/2,100,zero,double_horizon,WHITTLE_P,LAGRANGIAN_NI,32,0.06379275321960454,0.003264752951107633,0.05713424567665816,0.07045126076255091,0.006658507542946373,False,0.06575935664210056,0.0007952546814180388,0.06413742402603878,0.06738128925816234,0.0016219326160617819,False,0.0637927532196045,0.003264752951107612,0.05713424567665817,0.07045126076255083,0.00665850754294633,False,-0.004038446545600897,1.1399607131493568e-05,-0.004061696197629214,-0.00401519689357258,2.3249652028317522e-05,False,"pointwise paired, finite-window; not joint with primary family"
R16_H2048_alpha1_2_L100_zero_double_horizon,R16_H2048_alpha1_2,16,2048,1/2,100,zero,double_horizon,WHITTLE_P,LAGRANGIAN_FC,32,0.07587460517883304,0.006014658437362207,0.06360762842035121,0.08814158193731488,0.01226697675848183,False,0.07314856132561724,0.0011806181936019722,0.07074067464470578,0.0755564480065287,0.00240788668091146,False,0.075874605178833,0.006014658437362203,0.06360762842035118,0.08814158193731482,0.012266976758481821,False,-0.005638570189476021,9.207877240503653e-06,-0.005657349778920795,-0.005619790600031246,1.8779589444774655e-05,False,"pointwise paired, finite-window; not joint with primary family"
R16_H2048_alpha1_2_L100_zero_double_horizon,R16_H2048_alpha1_2,16,2048,1/2,100,zero,double_horizon,WHITTLE_P,MYOPIC_K,32,-4.472248764038086,0.030195389700194544,-4.533832667350812,-4.410664860725359,0.06158390331272638,False,-4.473782878746458,0.009171061508010132,-4.492487382009773,-4.455078375483143,0.018704503263315183,False,-4.472248764038086,0.03019538970019452,-4.533832667350812,-4.410664860725359,0.06158390331272633,False,-0.00510637789964676,9.620820425410105e-06,-0.005125999692269749,-0.005086756107023771,1.962179262298912e-05,False,"pointwise paired, finite-window; not joint with primary family"
R16_H2048_alpha1_2_L100_zero_double_horizon,R16_H2048_alpha1_2,16,2048,1/2,100,zero,double_horizon,LAGRANGIAN_K,LAGRANGIAN_NI,32,0.33265595436096196,0.004948803597067148,0.3225628028811686,0.3427491058407553,0.010093151479793361,False,0.3329822889629477,0.00459864807765465,0.32360328437332603,0.34236129355256933,0.009379004589621653,False,0.3326559543609619,0.00494880359706715,0.32256280288116856,0.34274910584075524,0.010093151479793365,False,-0.0285702931880951,0.00042249915036971533,-0.02943198588636519,-0.027708600489825007,0.0008616926982700924,False,"pointwise paired, finite-window; not joint with primary family"
R16_H2048_alpha1_2_L100_zero_double_horizon,R16_H2048_alpha1_2,16,2048,1/2,100,zero,double_horizon,LAGRANGIAN_K,LAGRANGIAN_FC,32,0.34473780632019047,0.007109183602441903,0.33023853077010934,0.3592370818702716,0.014499275550081117,False,0.34037149364646435,0.004425255206975848,0.3313461261481014,0.3493968611448273,0.009025367498362963,False,0.3447378063201904,0.00710918360244192,0.33023853077010923,0.3592370818702716,0.014499275550081153,False,-0.030170416831970224,0.00042590344307184255,-0.031039052630981775,-0.029301781032958673,0.00086863579901155,False,"pointwise paired, finite-window; not joint with primary family"
R16_H2048_alpha1_2_L100_zero_double_horizon,R16_H2048_alpha1_2,16,2048,1/2,100,zero,double_horizon,LAGRANGIAN_K,MYOPIC_K,32,-4.203385562896728,0.029577597469681374,-4.2637094706482435,-4.143061655145213,0.06032390775151554,False,-4.206559946425611,0.012907163794561792,-4.23288428053946,-4.180235612311762,0.026324334113849664,False,-4.203385562896728,0.02957759746968134,-4.2637094706482435,-4.143061655145213,0.06032390775151547,False,-0.029638224542140962,0.0004251131942150786,-0.030505248617983143,-0.02877120046629878,0.0008670240758421806,False,"pointwise paired, finite-window; not joint with primary family"
R16_H2048_alpha1_2_L100_zero_double_horizon,R16_H2048_alpha1_2,16,2048,1/2,100,zero,double_horizon,LAGRANGIAN_NI,LAGRANGIAN_FC,32,0.012081851959228507,0.005152710128069001,0.0015728303676488201,0.022590873550808195,0.010509021591579687,False,0.007389204683516689,0.0008433473713298919,0.00566918637970631,0.00910922298732707,0.0017200183038103792,False,0.012081851959228514,0.005152710128069013,0.0015728303676488028,0.022590873550808223,0.010509021591579711,False,-0.0016001236438751235,5.260384236867643e-06,-0.001610852268259427,-0.0015893950194908202,1.0728624384303266e-05,False,"pointwise paired, finite-window; not joint with primary family"
R16_H2048_alpha1_2_L100_zero_double_horizon,R16_H2048_alpha1_2,16,2048,1/2,100,zero,double_horizon,LAGRANGIAN_NI,MYOPIC_K,32,-4.53604151725769,0.029754683866850255,-4.596726595097405,-4.475356439417975,0.06068507783971537,False,-4.539542235388558,0.009231694215852815,-4.55837039987481,-4.520714070902307,0.018828164486251762,False,-4.53604151725769,0.029754683866850224,-4.596726595097405,-4.475356439417975,0.06068507783971531,False,-0.0010679313540458632,5.862554038924868e-06,-0.001079888111838476,-0.0010559745962532504,1.1956757792612842e-05,False,"pointwise paired, finite-window; not joint with primary family"
R16_H2048_alpha1_2_L100_zero_double_horizon,R16_H2048_alpha1_2,16,2048,1/2,100,zero,double_horizon,LAGRANGIAN_FC,MYOPIC_K,32,-4.548123369216919,0.03034496860903148,-4.610012340725516,-4.486234397708322,0.06188897150859662,False,-4.5469314400720755,0.009393401895276422,-4.566089409544897,-4.527773470599254,0.019157969472821768,False,-4.548123369216919,0.030344968609031436,-4.610012340725516,-4.486234397708322,0.06188897150859653,False,0.0005321922898292603,2.2436177163786054e-06,0.000527616401328133,0.0005367681783303876,4.5758885011273686e-06,False,"pointwise paired, finite-window; not joint with primary family"
R16_H2048_alpha4_5_L100_zero_base,R16_H2048_alpha4_5,16,2048,4/5,100,zero,base,WHITTLE_K,WHITTLE_P,32,-0.014679985046386762,0.0009657152368453293,-0.0166495742573227,-0.01271039583545082,0.001969589210935941,False,-0.0143182152668389,0.0003036692080668943,-0.01493755269994788,-0.01369887783372992,0.0006193374331089795,False,-0.014679985046386715,0.0009657152368453264,-0.01664957425732265,-0.01271039583545078,0.0019695892109359353,False,0.0037804520130157553,1.4720855112362963e-05,0.0037504286310716378,0.0038104753949598728,3.002338194411757e-05,False,"pointwise paired, finite-window; not joint with primary family"
R16_H2048_alpha4_5_L100_zero_base,R16_H2048_alpha4_5,16,2048,4/5,100,zero,base,WHITTLE_K,LAGRANGIAN_K,32,-0.08272138595581055,0.0011743279730307941,-0.0851164436472863,-0.0803263282643348,0.0023950576914757433,False,-0.08281463047594477,0.0010412808452325776,-0.08493833676127163,-0.08069092419061791,0.0021237062853268593,False,-0.08272138595581055,0.0011743279730307857,-0.08511644364728628,-0.08032632826433482,0.002395057691475726,False,0.03660815298557281,0.0005034109499319116,0.035581439584123485,0.03763486638702213,0.0010267134014493226,False,"pointwise paired, finite-window; not joint with primary family"
R16_H2048_alpha4_5_L100_zero_base,R16_H2048_alpha4_5,16,2048,4/5,100,zero,base,WHITTLE_K,LAGRANGIAN_NI,32,-0.0018703269958496027,0.0005861099823821098,-0.0030657061859850777,-0.0006749478057141278,0.001195379190135475,False,-0.0017393775001029858,0.00015584332291626246,-0.0020572220527218005,-0.001421532947484171,0.00031784455261881476,False,-0.001870326995849607,0.0005861099823821041,-0.0030657061859850703,-0.0006749478057141438,0.0011953791901354632,False,0.0007512652873992928,2.115490401660447e-05,0.0007081195762002027,0.000794410998598383,4.31457111990902e-05,False,"pointwise paired, finite-window; not joint with primary family"
R16_H2048_alpha4_5_L100_zero_base,R16_H2048_alpha4_5,16,2048,4/5,100,zero,base,WHITTLE_K,LAGRANGIAN_FC,32,0.0011683845520019387,0.0006541578452281852,-0.00016577916940664563,0.002502548273410523,0.0013341637214085843,False,0.0008863767440843136,0.00018031704150641843,0.000518617713317554,0.0012541357748510733,0.00036775903076675964,False,0.0011683845520019554,0.0006541578452281813,-0.0001657791694066209,0.0025025482734105315,0.0013341637214085763,False,-0.0014225274324417107,1.6615026701519545e-05,-0.0014564140028116952,-0.0013886408620717263,3.388657036998447e-05,False,"pointwise paired, finite-window; not joint with primary family"
R16_H2048_alpha4_5_L100_zero_base,R16_H2048_alpha4_5,16,2048,4/5,100,zero,base,WHITTLE_K,MYOPIC_K,32,-2.0932640075683593,0.023293353886625845,-2.140771116031803,-2.0457568991049158,0.04750710846344345,False,-2.066370393298359,0.015837068206016446,-2.098670306856026,-2.0340704797406914,0.032299913557667585,False,-2.0932640075683593,0.023293353886625852,-2.140771116031803,-2.0457568991049158,0.04750710846344346,False,-0.00451700270175933,9.568690814246401e-05,-0.004712157437559984,-0.004321847965958677,0.0001951547358006533,False,"pointwise paired, finite-window; not joint with primary family"
R16_H2048_alpha4_5_L100_zero_base,R16_H2048_alpha4_5,16,2048,4/5,100,zero,base,WHITTLE_P,LAGRANGIAN_K,32,-0.06804140090942379,0.0015184395286375444,-0.07113827874561988,-0.06494452307322769,0.003096877836196096,False,-0.06849641520910588,0.00120642269198641,-0.07095693051144991,-0.06603589990676184,0.0024605153023440356,False,-0.06804140090942383,0.001518439528637537,-0.07113827874561991,-0.06494452307322775,0.0030968778361960807,False,0.03282770097255705,0.0005101731679352976,0.03178719593656236,0.03386820600855174,0.0010405050359946922,False,"pointwise paired, finite-window; not joint with primary family"
R16_H2048_alpha4_5_L100_zero_base,R16_H2048_alpha4_5,16,2048,4/5,100,zero,base,WHITTLE_P,LAGRANGIAN_NI,32,0.01280965805053716,0.0010797821558010026,0.010607427824602113,0.015011888276472206,0.002202230225935046,False,0.012578837766735915,0.0003202835401681255,0.011925615179903579,0.013232060353568251,0.000653222586832336,False,0.012809658050537109,0.0010797821558010032,0.010607427824602061,0.015011888276472157,0.0022022302259350475,False,-0.0030291867256164624,2.609326368736058e-05,-0.0030824042877672015,-0.0029759691634657233,5.3217562150739026e-05,False,"pointwise paired, finite-window; not joint with primary family"
R16_H2048_alpha4_5_L100_zero_base,R16_H2048_alpha4_5,16,2048,4/5,100,zero,base,WHITTLE_P,LAGRANGIAN_FC,32,0.0158483695983887,0.001048144622855288,0.013710664546307249,0.01798607465047015,0.0021377050520814517,False,0.015204592010923213,0.00033260433390206346,0.014526240999600233,0.01588294302224619,0.0006783510113229791,False,0.015848369598388673,0.001048144622855294,0.013710664546307209,0.017986074650470137,0.0021377050520814643,False,-0.005202979445457466,2.3426504093990297e-05,-0.00525075811555922,-0.005155200775355712,4.777867010175372e-05,False,"pointwise paired, finite-window; not joint with primary family"
R16_H2048_alpha4_5_L100_zero_base,R16_H2048_alpha4_5,16,2048,4/5,100,zero,base,WHITTLE_P,MYOPIC_K,32,-2.0785840225219725,0.02353571303560266,-2.1265854257286114,-2.0305826193153336,0.04800140320663885,False,-2.05205217803152,0.01571768701798452,-2.0841086120509495,-2.0199957440120904,0.032056434019429696,False,-2.0785840225219725,0.023535713035602673,-2.1265854257286114,-2.0305826193153336,0.04800140320663888,False,-0.008297454714775086,8.714943936352376e-05,-0.008475197168202902,-0.00811971226134727,0.00017774245342781514,False,"pointwise paired, finite-window; not joint with primary family"
R16_H2048_alpha4_5_L100_zero_base,R16_H2048_alpha4_5,16,2048,4/5,100,zero,base,LAGRANGIAN_K,LAGRANGIAN_NI,32,0.08085105895996095,0.0009391777733516119,0.0789355932626537,0.08276652465726819,0.0019154656973072509,False,0.0810752529758418,0.0010039947701924639,0.07902759214192259,0.083122913809761,0.0020476608339192017,False,0.08085105895996095,0.0009391777733516116,0.0789355932626537,0.08276652465726819,0.0019154656973072502,False,-0.03585688769817351,0.00048561313525683777,-0.03684730221727655,-0.03486647317907047,0.0009904145191030383,False,"pointwise paired, finite-window; not joint with primary family"
R16_H2048_alpha4_5_L100_zero_base,R16_H2048_alpha4_5,16,2048,4/5,100,zero,base,LAGRANGIAN_K,LAGRANGIAN_FC,32,0.08388977050781249,0.0009984185595795481,0.08185348243041826,0.08592605858520672,0.002036288077394222,False,0.08370100722002909,0.0010233051863722204,0.08161396253265576,0.08578805190740241,0.002087044687373326,False,0.0838897705078125,0.0009984185595795444,0.08185348243041829,0.08592605858520672,0.002036288077394214,False,-0.038030680418014516,0.0004994686162384604,-0.039049353376885865,-0.03701200745914317,0.0010186729588713473,False,"pointwise paired, finite-window; not joint with primary family"
R16_H2048_alpha4_5_L100_zero_base,R16_H2048_alpha4_5,16,2048,4/5,100,zero,base,LAGRANGIAN_K,MYOPIC_K,32,-2.010542621612549,0.023846618922432897,-2.059178121555942,-1.9619071216691562,0.04863549994339292,False,-1.9835557628224139,0.016697424638420517,-2.017610384892663,-1.9495011407521645,0.03405462207024933,False,-2.0105426216125486,0.023846618922432908,-2.0591781215559415,-1.9619071216691557,0.04863549994339294,False,-0.04112515568733213,0.0005719016039818454,-0.04229155669866878,-0.03995875467599549,0.0011664010113366474,False,"pointwise paired, finite-window; not joint with primary family"
R16_H2048_alpha4_5_L100_zero_base,R16_H2048_alpha4_5,16,2048,4/5,100,zero,base,LAGRANGIAN_NI,LAGRANGIAN_FC,32,0.0030387115478515414,0.0003559176478692016,0.002312812719212523,0.00376461037649056,0.0007258988286390186,False,0.0026257542441872994,0.0001052123104978606,0.0024111723222004786,0.00284033616617412,0.00021458192198682067,False,0.0030387115478515622,0.0003559176478691972,0.002312812719212553,0.0037646103764905716,0.0007258988286390095,False,-0.0021737927198410036,2.241609503762983e-05,-0.0022195106470859496,-0.0021280747925960576,4.571792724494583e-05,False,"pointwise paired, finite-window; not joint with primary family"
R16_H2048_alpha4_5_L100_zero_base,R16_H2048_alpha4_5,16,2048,4/5,100,zero,base,LAGRANGIAN_NI,MYOPIC_K,32,-2.09139368057251,0.023329335205380348,-2.1389741734193723,-2.0438131877256476,0.04758049284686233,False,-2.064631015798256,0.015854379794580164,-2.0969662365735777,-2.032295795022934,0.03233522077532177,False,-2.09139368057251,0.023329335205380355,-2.1389741734193723,-2.0438131877256476,0.047580492846862346,False,-0.005268267989158623,0.00010640955907806522,-0.00548529171572345,-0.005051244262593796,0.000217023726564827,False,"pointwise paired, finite-window; not joint with primary family"
R16_H2048_alpha4_5_L100_zero_base,R16_H2048_alpha4_5,16,2048,4/5,100,zero,base,LAGRANGIAN_FC,MYOPIC_K,32,-2.0944323921203614,0.023303914410227822,-2.141961038913692,-2.0469037453270307,0.047528646793330666,False,-2.067256770042443,0.01586219993693508,-2.0996079401032506,-2.0349055999816357,0.03235117006080735,False,-2.0944323921203614,0.023303914410227833,-2.141961038913692,-2.0469037453270307,0.04752864679333069,False,-0.0030944752693176196,0.00010013460800505734,-0.0032987011487935675,-0.0028902493898416716,0.00020422587947594787,False,"pointwise paired, finite-window; not joint with primary family"
R64_H2048_alpha1_4_L100_zero_base,R64_H2048_alpha1_4,64,2048,1/4,100,zero,base,WHITTLE_K,WHITTLE_P,32,-1.105914645195007,0.08267649134372379,-1.274534460991408,-0.9372948293986061,0.16861981579640092,False,-0.9840204631438538,0.013779448694929669,-1.0121238340410923,-0.9559170922466154,0.028103370897238498,False,-1.1059146451950073,0.08267649134372379,-1.2745344609914082,-0.9372948293986063,0.16861981579640092,False,0.004468414485454558,2.115989870028085e-05,0.00442525858753095,0.004511570383378166,4.315589792360867e-05,False,"pointwise paired, finite-window; not joint with primary family"
R64_H2048_alpha1_4_L100_zero_base,R64_H2048_alpha1_4,64,2048,1/4,100,zero,base,WHITTLE_K,LAGRANGIAN_K,32,-3.7371448040008537,0.11762592026242019,-3.9770444500208115,-3.497245157980896,0.2398996460199577,False,-3.673793216927488,0.05335912268348637,-3.782619865128374,-3.564966568726602,0.10882664820088604,False,-3.7371448040008546,0.11762592026242016,-3.9770444500208124,-3.4972451579808967,0.23989964601995764,False,0.018887781500816346,0.0002734815721161897,0.01833001215714375,0.019445550844488943,0.0005577693436725979,False,"pointwise paired, finite-window; not joint with primary family"
R64_H2048_alpha1_4_L100_zero_base,R64_H2048_alpha1_4,64,2048,1/4,100,zero,base,WHITTLE_K,LAGRANGIAN_NI,32,-0.07903044700622597,0.08902144207813797,-0.2605908751421874,0.10252998112973544,0.1815604281359614,False,-0.09498133153109468,0.010859111570426759,-0.11712863559489887,-0.0728340274672905,0.02214730406380419,False,-0.07903044700622558,0.0890214420781378,-0.2605908751421866,0.10252998112973546,0.18156042813596104,False,0.000529496669769286,5.338963289640088e-06,0.0005186077823502482,0.0005403855571883238,1.0888887419037761e-05,False,"pointwise paired, finite-window; not joint with primary family"
R64_H2048_alpha1_4_L100_zero_base,R64_H2048_alpha1_4,64,2048,1/4,100,zero,base,WHITTLE_K,LAGRANGIAN_FC,32,0.2017339277267456,0.09521231801536507,0.007547124871837535,0.39592073058165367,0.19418680285490805,False,0.10274854445146059,0.01648860578626054,0.0691198112380526,0.13637727766486857,0.033628733213407994,False,0.20173392772674564,0.09521231801536498,0.007547124871837785,0.3959207305816535,0.19418680285490786,False,-0.0013658192753791812,5.523756208077089e-06,-0.00137708505044017,-0.0013545535003181924,1.1265775060988859e-05,False,"pointwise paired, finite-window; not joint with primary family"
R64_H2048_alpha1_4_L100_zero_base,R64_H2048_alpha1_4,64,2048,1/4,100,zero,base,WHITTLE_K,MYOPIC_K,32,-26.468256616592406,0.19314817943702525,-26.862184925701204,-26.074328307483608,0.3939283091087992,False,-26.440377471200478,0.03843906194517336,-26.518774454904523,-26.36198048749643,0.07839698370404555,False,-26.468256616592406,0.1931481794370252,-26.862184925701204,-26.074328307483608,0.3939283091087991,False,-0.0011657381057739256,5.714064076308124e-06,-0.0011773920162911266,-0.0011540841952567245,1.165391051720109e-05,False,"pointwise paired, finite-window; not joint with primary family"
R64_H2048_alpha1_4_L100_zero_base,R64_H2048_alpha1_4,64,2048,1/4,100,zero,base,WHITTLE_P,LAGRANGIAN_K,32,-2.6312301588058467,0.11666352852677588,-2.869166993940257,-2.393293323671436,0.23793683513441036,False,-2.6897727537836342,0.055845429406632646,-2.803670257978243,-2.5758752495890254,0.11389750419460867,False,-2.631230158805847,0.11666352852677592,-2.8691669939402575,-2.3932933236714367,0.23793683513441044,False,0.014419367015361787,0.0002709740717951837,0.013866711752310724,0.01497202227841285,0.0005526552630510628,False,"pointwise paired, finite-window; not joint with primary family"
R64_H2048_alpha1_4_L100_zero_base,R64_H2048_alpha1_4,64,2048,1/4,100,zero,base,WHITTLE_P,LAGRANGIAN_NI,32,1.026884198188781,0.104951650022051,0.8128338967473182,1.240934499630244,0.2140503014414629,False,0.889039131612759,0.014574505131588133,0.8593142324223116,0.9187640308032065,0.02972489919044745,False,1.0268841981887817,0.10495165002205094,0.812833896747319,1.2409344996302445,0.21405030144146278,False,-0.003938917815685272,2.0650489689354167e-05,-0.003981034767081381,-0.003896800864289164,4.211695139610821e-05,False,"pointwise paired, finite-window; not joint with primary family"
R64_H2048_alpha1_4_L100_zero_base,R64_H2048_alpha1_4,64,2048,1/4,100,zero,base,WHITTLE_P,LAGRANGIAN_FC,32,1.3076485729217526,0.12287749747754631,1.0570382645567562,1.558258881286749,0.2506103083649964,False,1.0867690075953145,0.01899732072380843,1.048023716533602,1.125514298657027,0.03874529106171244,False,1.3076485729217528,0.12287749747754642,1.0570382645567562,1.5582588812867495,0.25061030836499665,False,-0.005834233760833739,2.0547031732114662e-05,-0.005876139708334921,-0.0057923278133325574,4.190594750118154e-05,False,"pointwise paired, finite-window; not joint with primary family"
R64_H2048_alpha1_4_L100_zero_base,R64_H2048_alpha1_4,64,2048,1/4,100,zero,base,WHITTLE_P,MYOPIC_K,32,-25.3623419713974,0.1978449888245999,-25.76584948640732,-24.95883445638748,0.4035075150099186,False,-25.45635700805662,0.04162213974660979,-25.541245921737623,-25.37146809437562,0.08488891368100106,False,-25.3623419713974,0.19784498882460017,-25.76584948640732,-24.95883445638748,0.40350751500991916,False,-0.005634152591228484,2.0475763949577334e-05,-0.005675913187128886,-0.005592391995328082,4.17605959004018e-05,False,"pointwise paired, finite-window; not joint with primary family"
R64_H2048_alpha1_4_L100_zero_base,R64_H2048_alpha1_4,64,2048,1/4,100,zero,base,LAGRANGIAN_K,LAGRANGIAN_NI,32,3.658114356994628,0.12848510750398204,3.3960672525785687,3.920161461410687,0.26204710441605944,False,3.5788118853963935,0.05100824096460381,3.474779892072056,3.682843878720731,0.10403199332433756,False,3.658114356994629,0.12848510750398198,3.3960672525785696,3.920161461410688,0.2620471044160593,False,-0.01835828483104706,0.000271243194651459,-0.01891148897378223,-0.01780508068831189,0.000553204142735169,False,"pointwise paired, finite-window; not joint with primary family"
R64_H2048_alpha1_4_L100_zero_base,R64_H2048_alpha1_4,64,2048,1/4,100,zero,base,LAGRANGIAN_K,LAGRANGIAN_FC,32,3.9388787317275993,0.11350007611739094,3.7073938003191644,4.170363663136034,0.23148493140843465,False,3.7765417613789487,0.050144104571327876,3.674272185848218,3.8788113369096795,0.10226957553073081,False,3.9388787317276,0.11350007611739096,3.7073938003191653,4.170363663136035,0.2314849314084347,False,-0.020253600776195528,0.0002712639910075035,-0.020806847333378484,-0.019700354219012572,0.0005532465571829577,False,"pointwise paired, finite-window; not joint with primary family"
R64_H2048_alpha1_4_L100_zero_base,R64_H2048_alpha1_4,64,2048,1/4,100,zero,base,LAGRANGIAN_K,MYOPIC_K,32,-22.731111812591553,0.16849152944316262,-23.07475255249478,-22.387471072688328,0.34364073990322647,False,-22.76658425427299,0.07057673008397648,-22.91052644428195,-22.622642064264028,0.14394219000895994,False,-22.731111812591553,0.16849152944316284,-23.07475255249478,-22.387471072688328,0.3436407399032269,False,-0.02005351960659027,0.0002709677026053782,-0.02060616187959308,-0.01950087733358746,0.000552642273002812,False,"pointwise paired, finite-window; not joint with primary family"
R64_H2048_alpha1_4_L100_zero_base,R64_H2048_alpha1_4,64,2048,1/4,100,zero,base,LAGRANGIAN_NI,LAGRANGIAN_FC,32,0.28076437473297156,0.13426557315143095,0.006927932902507539,0.5546008165634355,0.273836441830464,False,0.19772987598255526,0.017373049532567613,0.1622973078559728,0.23316244410913772,0.03543256812658248,False,0.2807643747329712,0.13426557315143095,0.006927932902507206,0.5546008165634353,0.273836441830464,False,-0.0018953159451484672,6.763102390975696e-06,-0.0019091093834142177,-0.0018815225068827166,1.3793438265750629e-05,False,"pointwise paired, finite-window; not joint with primary family"
R64_H2048_alpha1_4_L100_zero_base,R64_H2048_alpha1_4,64,2048,1/4,100,zero,base,LAGRANGIAN_NI,MYOPIC_K,32,-26.38922616958618,0.20035188288200703,-26.797846528734873,-25.98060581043749,0.4086203591486917,False,-26.345396139669383,0.038558894953364245,-26.424037524404955,-26.26675475493381,0.07864138473557299,False,-26.38922616958618,0.20035188288200712,-26.797846528734873,-25.98060581043749,0.4086203591486919,False,-0.0016952347755432116,6.921035728753925e-06,-0.0017093503209749952,-0.001681119230111428,1.4115545431783594e-05,False,"pointwise paired, finite-window; not joint with primary family"
R64_H2048_alpha1_4_L100_zero_base,R64_H2048_alpha1_4,64,2048,1/4,100,zero,base,LAGRANGIAN_FC,MYOPIC_K,32,-26.669990544319152,0.19259273202943072,-27.062786010971397,-26.277195077666907,0.3927954666522442,False,-26.543126015651936,0.03759227393931183,-26.61979596383178,-26.46645606747209,0.07666994817984375,False,-26.669990544319152,0.19259273202943075,-27.062786010971397,-26.277195077666907,0.39279546665224424,False,0.00020008116960525558,7.621587236333985e-07,0.00019852673664011694,0.00020163560257039422,1.5544329651386402e-06,False,"pointwise paired, finite-window; not joint with primary family"
R64_H2048_alpha1_4_L100_zero_double_burn,R64_H2048_alpha1_4,64,2048,1/4,100,zero,double_burn,WHITTLE_K,WHITTLE_P,32,-1.1868763732910157,0.08655282522439493,-1.3634020241597673,-1.010350722422264,0.1765256508687517,False,-0.9636121788598291,0.015543630394262086,-0.9953136220547425,-0.9319107356649157,0.03170144319491343,False,-1.1868763732910157,0.08655282522439497,-1.3634020241597675,-1.0103507224222639,0.17652565086875177,False,0.004445050209760665,1.6052890349883885e-05,0.00441231012403855,0.00447779029548278,3.274008572211533e-05,False,"pointwise paired, finite-window; not joint with primary family"
R64_H2048_alpha1_4_L100_zero_double_burn,R64_H2048_alpha1_4,64,2048,1/4,100,zero,double_burn,WHITTLE_K,LAGRANGIAN_K,32,-3.8745984506607054,0.11879097712975868,-4.116874245827416,-3.6323226554939945,0.24227579516671102,False,-3.649074565714109,0.06087725362701927,-3.773234543066099,-3.524914588362119,0.12415997735199032,False,-3.8745984506607054,0.11879097712975877,-4.116874245827416,-3.632322655493994,0.24227579516671122,False,0.01868150755763054,0.00034616518229812153,0.017975499013659257,0.01938751610160182,0.0007060085439712828,False,"pointwise paired, finite-window; not joint with primary family"
R64_H2048_alpha1_4_L100_zero_double_burn,R64_H2048_alpha1_4,64,2048,1/4,100,zero,double_burn,WHITTLE_K,LAGRANGIAN_NI,32,-0.12289690971374512,0.09120185407945898,-0.30890431744508484,0.06311049801759458,0.1860074077313397,False,-0.07751373078701362,0.008875676200808995,-0.09561579174442415,-0.059411669829603095,0.018102060957410532,False,-0.12289690971374508,0.09120185407945898,-0.3089043174450848,0.06311049801759462,0.1860074077313397,False,0.0005183547735214226,6.456874429584371e-06,0.0005051858913005922,0.0005315236557422531,1.3168882220830462e-05,False,"pointwise paired, finite-window; not joint with primary family"
R64_H2048_alpha1_4_L100_zero_double_burn,R64_H2048_alpha1_4,64,2048,1/4,100,zero,double_burn,WHITTLE_K,LAGRANGIAN_FC,32,0.18280014038085923,0.11043429444152328,-0.042432088075927604,0.40803236883764604,0.22523222845678684,False,0.12068567872422992,0.014072204153478025,0.0919852291327761,0.14938612831568374,0.028700449591453816,False,0.18280014038085943,0.11043429444152318,-0.042432088075927216,0.40803236883764604,0.22523222845678664,False,-0.001372657120227815,4.9416168973373224e-06,-0.001382735614336874,-0.0013625786261187557,1.0078494109059168e-05,False,"pointwise paired, finite-window; not joint with primary family"
R64_H2048_alpha1_4_L100_zero_double_burn,R64_H2048_alpha1_4,64,2048,1/4,100,zero,double_burn,WHITTLE_K,MYOPIC_K,32,-26.526340436935424,0.21657240257795582,-26.96804276411154,-26.084638109759307,0.441702327176117,False,-26.457626434740668,0.039853251725380394,-26.5389076775172,-26.376345191964134,0.08128124277653417,False,-26.526340436935424,0.21657240257795585,-26.96804276411154,-26.084638109759307,0.44170232717611707,False,-0.0011732527613639862,5.254101573230359e-06,-0.0011839685721713221,-0.0011625369505566504,1.0715810807335839e-05,False,"pointwise paired, finite-window; not joint with primary family"
R64_H2048_alpha1_4_L100_zero_double_burn,R64_H2048_alpha1_4,64,2048,1/4,100,zero,double_burn,WHITTLE_P,LAGRANGIAN_K,32,-2.6877220773696897,0.12189348943879141,-2.936325488108283,-2.439118666631096,0.24860341073859366,False,-2.68546238685428,0.0659117419103337,-2.819890270755815,-2.551034502952745,0.13442788390153526,False,-2.6877220773696897,0.12189348943879148,-2.9363254881082836,-2.4391186666310958,0.2486034107385938,False,0.014236457347869873,0.000344847972899237,0.013533135270179335,0.01493977942556041,0.000703322077690538,False,"pointwise paired, finite-window; not joint with primary family"
R64_H2048_alpha1_4_L100_zero_double_burn,R64_H2048_alpha1_4,64,2048,1/4,100,zero,double_burn,WHITTLE_P,LAGRANGIAN_NI,32,1.0639794635772706,0.09890462142878476,0.8622621582625177,1.2656967688920235,0.20171730531475285,False,0.8860984480728155,0.011676271715140508,0.8622845349060083,0.9099123612396226,0.023813913166807116,False,1.0639794635772706,0.0989046214287848,0.8622621582625176,1.2656967688920235,0.20171730531475293,False,-0.003926695436239243,1.6122810071813498e-05,-0.003959578124174402,-0.0038938127483040836,3.288268793515907e-05,False,"pointwise paired, finite-window; not joint with primary family"
R64_H2048_alpha1_4_L100_zero_double_burn,R64_H2048_alpha1_4,64,2048,1/4,100,zero,double_burn,WHITTLE_P,LAGRANGIAN_FC,32,1.369676513671875,0.14200760637380808,1.080050090981925,1.6593029363618248,0.28962642268994987,False,1.084297857584059,0.018845025574235067,1.0458631745277223,1.1227325406403956,0.03843468305633661,False,1.3696765136718752,0.14200760637380808,1.0800500909819253,1.659302936361825,0.28962642268994987,False,-0.00581770732998848,1.519812628739551e-05,-0.005848704112911654,-0.005786710547065307,3.099678292317386e-05,False,"pointwise paired, finite-window; not joint with primary family"
R64_H2048_alpha1_4_L100_zero_double_burn,R64_H2048_alpha1_4,64,2048,1/4,100,zero,double_burn,WHITTLE_P,MYOPIC_K,32,-25.339464063644407,0.21588344757785097,-25.779761257833847,-24.899166869454966,0.44029719418944113,False,-25.494014255880842,0.040150054615331145,-25.57590083214236,-25.412127679619324,0.08188657626151803,False,-25.33946406364441,0.21588344757785086,-25.77976125783385,-24.89916686945497,0.4402971941894409,False,-0.0056183029711246515,1.5334414904180714e-05,-0.00564957771651435,-0.005587028225734953,3.127474538969806e-05,False,"pointwise paired, finite-window; not joint with primary family"
R64_H2048_alpha1_4_L100_zero_double_burn,R64_H2048_alpha1_4,64,2048,1/4,100,zero,double_burn,LAGRANGIAN_K,LAGRANGIAN_NI,32,3.7517015409469603,0.12935875464851557,3.487872621432219,4.015530460461702,0.26382891951474136,False,3.5715608349270953,0.06242724205513368,3.4442396353342066,3.698882034519984,0.12732119959288848,False,3.7517015409469603,0.1293587546485155,3.487872621432219,4.015530460461702,0.26382891951474124,False,-0.018163152784109113,0.00034432251839333904,-0.018865403190269404,-0.017460902377948822,0.0007022504061602895,False,"pointwise paired, finite-window; not joint with primary family"
R64_H2048_alpha1_4_L100_zero_double_burn,R64_H2048_alpha1_4,64,2048,1/4,100,zero,double_burn,LAGRANGIAN_K,LAGRANGIAN_FC,32,4.057398591041565,0.1470228651430342,3.757543480654621,4.357253701428509,0.299855110386944,False,3.7697602444383387,0.0629584734003071,3.641355591373822,3.8981648975028556,0.12840465306451693,False,4.057398591041565,0.1470228651430341,3.757543480654621,4.357253701428509,0.2998551103869438,False,-0.020054164677858352,0.00034457430675214446,-0.02075692860976207,-0.019351400745954633,0.0007027639319037193,False,"pointwise paired, finite-window; not joint with primary family"
R64_H2048_alpha1_4_L100_zero_double_burn,R64_H2048_alpha1_4,64,2048,1/4,100,zero,double_burn,LAGRANGIAN_K,MYOPIC_K,32,-22.65174198627472,0.17984289908499368,-23.018533997197476,-22.28494997535196,0.36679201092275693,False,-22.808551869026562,0.08149363823014323,-22.974759239992704,-22.64234449806042,0.16620737096614152,False,-22.65174198627472,0.17984289908499376,-23.018533997197476,-22.28494997535196,0.3667920109227571,False,-0.019854760318994524,0.00034424116091872226,-0.02055684479549137,-0.01915267584249768,0.0007020844764968438,False,"pointwise paired, finite-window; not joint with primary family"
R64_H2048_alpha1_4_L100_zero_double_burn,R64_H2048_alpha1_4,64,2048,1/4,100,zero,double_burn,LAGRANGIAN_NI,LAGRANGIAN_FC,32,0.30569705009460435,0.12796934603906684,0.04470184812137257,0.5666922520678361,0.2609952019732318,False,0.19819940951124354,0.013427020440922406,0.17081482077694288,0.2255839982455442,0.027384588734300677,False,0.3056970500946045,0.12796934603906682,0.04470184812137279,0.5666922520678362,0.2609952019732317,False,-0.0018910118937492375,6.943690905793925e-06,-0.0019051736447192246,-0.0018768501427792504,1.4161750969987166e-05,False,"pointwise paired, finite-window; not joint with primary family"
R64_H2048_alpha1_4_L100_zero_double_burn,R64_H2048_alpha1_4,64,2048,1/4,100,zero,double_burn,LAGRANGIAN_NI,MYOPIC_K,32,-26.40344352722168,0.22917519697644248,-26.87084942303568,-25.93603763140768,0.4674058958139999,False,-26.380112703953657,0.03907257189545913,-26.459801739719737,-26.300423668187577,0.07968903576607929,False,-26.40344352722168,0.22917519697644248,-26.87084942303568,-25.93603763140768,0.4674058958139999,False,-0.0016916075348854089,7.0757248789297064e-06,-0.0017060385709189876,-0.0016771764988518301,1.4431036033578734e-05,False,"pointwise paired, finite-window; not joint with primary family"
R64_H2048_alpha1_4_L100_zero_double_burn,R64_H2048_alpha1_4,64,2048,1/4,100,zero,double_burn,LAGRANGIAN_FC,MYOPIC_K,32,-26.709140577316283,0.21936886009598258,-27.156546317202693,-26.261734837429874,0.4474057398864089,False,-26.5783121134649,0.041318836860430294,-26.662582436831208,-26.494041790098592,0.08427032336630713,False,-26.709140577316283,0.21936886009598253,-27.156546317202693,-26.261734837429874,0.4474057398864088,False,0.00019940435886382866,8.631236884096266e-07,0.00019764400649541395,0.00020116471123224336,1.760352368414697e-06,False,"pointwise paired, finite-window; not joint with primary family"
R64_H2048_alpha1_4_L100_zero_double_horizon,R64_H2048_alpha1_4,64,2048,1/4,100,zero,double_horizon,WHITTLE_K,WHITTLE_P,32,-1.1257602238655091,0.059200718631680006,-1.2465008855511508,-1.0050195621798674,0.12074066168564175,False,-0.9709029505957953,0.010142399840801467,-0.9915885114498387,-0.950217389741752,0.02068556085404338,False,-1.125760223865509,0.05920071863168017,-1.246500885551151,-1.0050195621798668,0.12074066168564208,False,0.00446525752544403,1.3358423666542912e-05,0.004438012840753455,0.004492502210134604,2.7244684690574276e-05,False,"pointwise paired, finite-window; not joint with primary family"
R64_H2048_alpha1_4_L100_zero_double_horizon,R64_H2048_alpha1_4,64,2048,1/4,100,zero,double_horizon,WHITTLE_K,LAGRANGIAN_K,32,-3.774714894294738,0.07973705427177268,-3.9373396886580587,-3.6120900999314176,0.16262479436332053,False,-3.6420869866050887,0.04251723649101774,-3.7288014621321355,-3.555372511078042,0.08671447552704672,False,-3.7747148942947386,0.07973705427177256,-3.9373396886580587,-3.6120900999314185,0.1626247943633203,False,0.01871935978531837,0.0002153838985050786,0.018280081428179985,0.019158638142456757,0.00043927835713838704,False,"pointwise paired, finite-window; not joint with primary family"
R64_H2048_alpha1_4_L100_zero_double_horizon,R64_H2048_alpha1_4,64,2048,1/4,100,zero,double_horizon,WHITTLE_K,LAGRANGIAN_NI,32,-0.11538374423980713,0.06783704279607103,-0.2537383051861626,0.022970816706548325,0.13835456094635545,False,-0.08713574309347867,0.00799360397657696,-0.10343880588887518,-0.07083268029808217,0.01630306279539651,False,-0.11538374423980713,0.06783704279607099,-0.25373830518616247,0.02297081670654824,0.13835456094635537,False,0.0005221402645111048,3.938728691847646e-06,0.0005141071743823742,0.0005301733546398354,8.033090128730609e-06,False,"pointwise paired, finite-window; not joint with primary family"
R64_H2048_alpha1_4_L100_zero_double_horizon,R64_H2048_alpha1_4,64,2048,1/4,100,zero,double_horizon,WHITTLE_K,LAGRANGIAN_FC,32,0.22519272327423034,0.05925586510789679,0.1043395896088231,0.3460458569396376,0.12085313366540724,False,0.11256634709115115,0.011543002557105796,0.08902423816414576,0.13610845601815655,0.023542108927005395,False,0.22519272327423095,0.05925586510789671,0.10433958960882386,0.3460458569396381,0.12085313366540709,False,-0.0013698917627334621,3.3774110586233707e-06,-0.0013767800380015325,-0.0013630034874653918,6.888275268070292e-06,False,"pointwise paired, finite-window; not joint with primary family"
R64_H2048_alpha1_4_L100_zero_double_horizon,R64_H2048_alpha1_4,64,2048,1/4,100,zero,double_horizon,WHITTLE_K,MYOPIC_K,32,-26.487472984790802,0.14280087204100897,-26.778717283475572,-26.196228686106032,0.2912442986847707,False,-26.442096118200745,0.025355286179740387,-26.493808565301553,-26.390383671099936,0.051712447100809536,False,-26.487472984790802,0.14280087204100902,-26.778717283475572,-26.196228686106032,0.2912442986847708,False,-0.001170170009136203,3.7228587609765446e-06,-0.0011777628296382493,-0.0011625771886341566,7.592820502046335e-06,False,"pointwise paired, finite-window; not joint with primary family"
R64_H2048_alpha1_4_L100_zero_double_horizon,R64_H2048_alpha1_4,64,2048,1/4,100,zero,double_horizon,WHITTLE_P,LAGRANGIAN_K,32,-2.6489546704292293,0.0830298312621949,-2.818295127740501,-2.4796142131179577,0.16934045731127137,False,-2.671184036009293,0.04405394020333525,-2.7610326394207387,-2.5813354325978475,0.08984860341144556,False,-2.6489546704292297,0.08302983126219486,-2.818295127740501,-2.4796142131179586,0.1693404573112713,False,0.014254102259874342,0.0002143160015539292,0.01381700189292719,0.014691202626821494,0.00043710036694715213,False,"pointwise paired, finite-window; not joint with primary family"
R64_H2048_alpha1_4_L100_zero_double_horizon,R64_H2048_alpha1_4,64,2048,1/4,100,zero,double_horizon,WHITTLE_P,LAGRANGIAN_NI,32,1.010376479625702,0.0799447605420759,0.8473280655311972,1.1734248937202068,0.1630484140945048,False,0.8837672075023166,0.009164486812649428,0.8650761134185956,0.9024583015860377,0.01869109408372107,False,1.0103764796257018,0.07994476054207587,0.847328065531197,1.1734248937202065,0.16304841409450474,False,-0.003943117260932925,1.3381689618436598e-05,-0.00397040939684523,-0.00391582512502062,2.729213591230466e-05,False,"pointwise paired, finite-window; not joint with primary family"
R64_H2048_alpha1_4_L100_zero_double_horizon,R64_H2048_alpha1_4,64,2048,1/4,100,zero,double_horizon,WHITTLE_P,LAGRANGIAN_FC,32,1.3509529471397395,0.07607679546027217,1.1957932998397651,1.5061125944397138,0.1551596472999743,False,1.0834692976869464,0.014925695757369344,1.0530281404929698,1.113910454880923,0.0304411571939766,False,1.35095294713974,0.07607679546027218,1.1957932998397656,1.5061125944397142,0.15515964729997433,False,-0.005835149288177492,1.2930556253449284e-05,-0.005861521331525787,-0.005808777244829197,2.6372043348294976e-05,False,"pointwise paired, finite-window; not joint with primary family"
R64_H2048_alpha1_4_L100_zero_double_horizon,R64_H2048_alpha1_4,64,2048,1/4,100,zero,double_horizon,WHITTLE_P,MYOPIC_K,32,-25.361712760925293,0.13959191273808821,-25.64641234396282,-25.077013177887768,0.28469958303752496,False,-25.471193167604948,0.026258700826803667,-25.524748141026116,-25.41763819418378,0.05355497342116656,False,-25.361712760925293,0.13959191273808824,-25.64641234396282,-25.077013177887768,0.284699583037525,False,-0.005635427534580233,1.29387234198075e-05,-0.005661816234974134,-0.005609038834186331,2.6388700393901512e-05,False,"pointwise paired, finite-window; not joint with primary family"
R64_H2048_alpha1_4_L100_zero_double_horizon,R64_H2048_alpha1_4,64,2048,1/4,100,zero,double_horizon,LAGRANGIAN_K,LAGRANGIAN_NI,32,3.659331150054931,0.09738951131415909,3.4607039321917283,3.8579583679181337,0.1986272178632026,False,3.55495124351161,0.04093078967653653,3.4714723475946903,3.6384301394285297,0.08347889591691954,False,3.6593311500549315,0.09738951131415899,3.4607039321917292,3.8579583679181337,0.1986272178632024,False,-0.018197219520807266,0.00021439108356287036,-0.018634473018521235,-0.017759966023093297,0.00043725349771397005,False,"pointwise paired, finite-window; not joint with primary family"
R64_H2048_alpha1_4_L100_zero_double_horizon,R64_H2048_alpha1_4,64,2048,1/4,100,zero,double_horizon,LAGRANGIAN_K,LAGRANGIAN_FC,32,3.9999076175689687,0.09558744068382052,3.8049557469876976,4.1948594881502395,0.19495187058127103,False,3.7546533336962398,0.03945019945137682,3.6741941214521363,3.8351125459403432,0.08045921224410324,False,3.9999076175689696,0.09558744068382055,3.8049557469876985,4.19485948815024,0.1949518705812711,False,-0.020089251548051832,0.00021381071888777612,-0.020525321384207134,-0.01965318171189653,0.0004360698361553019,False,"pointwise paired, finite-window; not joint with primary family"
R64_H2048_alpha1_4_L100_zero_double_horizon,R64_H2048_alpha1_4,64,2048,1/4,100,zero,double_horizon,LAGRANGIAN_K,MYOPIC_K,32,-22.712758090496063,0.1287669927284646,-22.975380103617795,-22.45013607737433,0.26262201312173206,False,-22.800009131595655,0.053005036745214014,-22.908113616764254,-22.691904646427055,0.10810448516859969,False,-22.712758090496063,0.12876699272846465,-22.975380103617795,-22.45013607737433,0.26262201312173217,False,-0.019889529794454575,0.00021354328182076086,-0.020325054189115635,-0.019454005399793514,0.00043552439466105943,False,"pointwise paired, finite-window; not joint with primary family"
R64_H2048_alpha1_4_L100_zero_double_horizon,R64_H2048_alpha1_4,64,2048,1/4,100,zero,double_horizon,LAGRANGIAN_NI,LAGRANGIAN_FC,32,0.3405764675140375,0.08417851318935261,0.1688932579666954,0.5122596770613795,0.17168320954734206,False,0.19970209018462984,0.010603760061872313,0.17807557895608006,0.22132860141317962,0.02162651122854979,False,0.3405764675140381,0.08417851318935264,0.16889325796669596,0.5122596770613802,0.17168320954734212,False,-0.001892032027244567,4.658565130154817e-06,-0.0019015332334684312,-0.0018825308210207027,9.501206223864184e-06,False,"pointwise paired, finite-window; not joint with primary family"
R64_H2048_alpha1_4_L100_zero_double_horizon,R64_H2048_alpha1_4,64,2048,1/4,100,zero,double_horizon,LAGRANGIAN_NI,MYOPIC_K,32,-26.372089240550995,0.15865127631006806,-26.695660651873332,-26.048517829228658,0.32357141132233574,False,-26.354960375107265,0.02560947613735693,-26.407191246044572,-26.302729504169957,0.05223087093730741,False,-26.372089240550995,0.1586512763100681,-26.695660651873332,-26.048517829228658,0.3235714113223358,False,-0.0016923102736473078,4.910420816760253e-06,-0.0017023251429305552,-0.0016822954043640603,1.001486928324737e-05,False,"pointwise paired, finite-window; not joint with primary family"
R64_H2048_alpha1_4_L100_zero_double_horizon,R64_H2048_alpha1_4,64,2048,1/4,100,zero,double_horizon,LAGRANGIAN_FC,MYOPIC_K,32,-26.712665708065032,0.15004930904346364,-27.018693291481664,-26.4066381246484,0.3060275834166343,False,-26.554662465291894,0.02513666495035396,-26.6059290314557,-26.503395899128087,0.05126656616380821,False,-26.712665708065032,0.15004930904346384,-27.018693291481668,-26.406638124648396,0.30602758341663466,False,0.00019972175359725917,6.60219471161851e-07,0.00019837522710825187,0.00020106828008626648,1.3465264890073207e-06,False,"pointwise paired, finite-window; not joint with primary family"
R64_H2048_alpha1_2_L100_zero_base,R64_H2048_alpha1_2,64,2048,1/2,100,zero,base,WHITTLE_K,WHITTLE_P,32,-0.22338885784149165,0.031160110413135322,-0.28694032202027786,-0.15983739366270544,0.06355146417878622,False,-0.22766989646648517,0.00649340560355239,-0.24091328450783606,-0.21442650842513428,0.013243388041350885,False,-0.2233888578414917,0.031160110413135354,-0.28694032202027797,-0.1598373936627054,0.0635514641787863,False,0.004504158496856691,1.5235212891129425e-05,0.00447308607530652,0.004535230918406861,3.107242155017036e-05,False,"pointwise paired, finite-window; not joint with primary family"
R64_H2048_alpha1_2_L100_zero_base,R64_H2048_alpha1_2,64,2048,1/2,100,zero,base,WHITTLE_K,LAGRANGIAN_K,32,-0.37129621028900156,0.016394916599496014,-0.40473386314622134,-0.3378585574317818,0.0334376528572198,False,-0.3739756883561459,0.006281903518837631,-0.38678771505178017,-0.36116366166051167,0.012812026695634261,False,-0.3712962102890015,0.016394916599495973,-0.40473386314622123,-0.3378585574317818,0.03343765285721971,False,0.028084021210670468,0.0004377619475830913,0.027191199832254074,0.028976842589086862,0.0008928213784163944,False,"pointwise paired, finite-window; not joint with primary family"
R64_H2048_alpha1_2_L100_zero_base,R64_H2048_alpha1_2,64,2048,1/2,100,zero,base,WHITTLE_K,LAGRANGIAN_NI,32,-0.008121757507324023,0.014589752735861381,-0.03787775439171209,0.02163423937706405,0.029755996884388073,False,-0.00752935587992503,0.003280546689283559,-0.014220074964250068,-0.0008386367955999915,0.006690719084325039,False,-0.008121757507324245,0.014589752735861388,-0.03787775439171233,0.02163423937706384,0.029755996884388087,False,0.0008088849484920498,1.5079862969468364e-05,0.0007781293651960039,0.0008396405317880958,3.0755583296046e-05,False,"pointwise paired, finite-window; not joint with primary family"
R64_H2048_alpha1_2_L100_zero_base,R64_H2048_alpha1_2,64,2048,1/2,100,zero,base,WHITTLE_K,LAGRANGIAN_FC,32,0.006212458610534877,0.03763011597197747,-0.07053466890376942,0.08295958612483917,0.07674712751430429,False,0.014246875847380887,0.0057384256121927775,0.002543279650168177,0.025950472044593595,0.01170359619721271,False,0.006212458610534679,0.03763011597197747,-0.07053466890376961,0.08295958612483897,0.07674712751430429,False,-0.0009804385900497418,4.134328937699494e-06,-0.0009888706095100058,-0.000972006570589478,8.432019460263895e-06,False,"pointwise paired, finite-window; not joint with primary family"
R64_H2048_alpha1_2_L100_zero_base,R64_H2048_alpha1_2,64,2048,1/2,100,zero,base,WHITTLE_K,MYOPIC_K,32,-21.331813960075376,0.13797506873357923,-21.613215968024978,-21.050411952125774,0.28140200794960346,False,-21.489406652744574,0.06370137284772368,-21.619326459221416,-21.359486846267732,0.12991980647684348,False,-21.33181396007538,0.13797506873357923,-21.61321596802498,-21.050411952125778,0.28140200794960346,False,-0.0004890199005603835,4.707665363047713e-06,-0.0004986212473694539,-0.00047941855375131304,9.60134680907044e-06,False,"pointwise paired, finite-window; not joint with primary family"
R64_H2048_alpha1_2_L100_zero_base,R64_H2048_alpha1_2,64,2048,1/2,100,zero,base,WHITTLE_P,LAGRANGIAN_K,32,-0.1479073524475099,0.031215290561382742,-0.2115713572806209,-0.08424334761439892,0.063664004833111,False,-0.14630579188966075,0.010418951056382157,-0.16755538266649822,-0.12505620111282328,0.02124959077683747,False,-0.1479073524475098,0.031215290561382784,-0.21157135728062088,-0.08424334761439872,0.06366400483311108,False,0.02357986271381378,0.000442808754496155,0.022676748304836826,0.024482977122790732,0.0009031144089769541,False,"pointwise paired, finite-window; not joint with primary family"
R64_H2048_alpha1_2_L100_zero_base,R64_H2048_alpha1_2,64,2048,1/2,100,zero,base,WHITTLE_P,LAGRANGIAN_NI,32,0.21526710033416763,0.03200991414653622,0.1499824500143124,0.2805517506540228,0.06528465031985523,False,0.22014054058656013,0.007525513531174677,0.20479215454869126,0.235488926624429,0.01534838603786887,False,0.21526710033416746,0.032009914146536235,0.1499824500143122,0.2805517506540227,0.06528465031985525,False,-0.003695273548364641,2.4202216316403124e-05,-0.0037446342939745393,-0.0036459128027547423,4.936074560989872e-05,False,"pointwise paired, finite-window; not joint with primary family"
R64_H2048_alpha1_2_L100_zero_base,R64_H2048_alpha1_2,64,2048,1/2,100,zero,base,WHITTLE_P,LAGRANGIAN_FC,32,0.22960131645202653,0.047531869939270346,0.13265942857851942,0.32654320432553363,0.0969418878735071,False,0.24191677231386605,0.00862563375057098,0.22432467629588584,0.2595088683318462,0.017592096017980195,False,0.2296013164520264,0.047531869939270395,0.1326594285785192,0.3265432043255336,0.0969418878735072,False,-0.0054845970869064325,1.50804031488836e-05,-0.005515353771905659,-0.005453840401907206,3.075668499922684e-05,False,"pointwise paired, finite-window; not joint with primary family"
R64_H2048_alpha1_2_L100_zero_base,R64_H2048_alpha1_2,64,2048,1/2,100,zero,base,WHITTLE_P,MYOPIC_K,32,-21.108425102233888,0.13338279447772472,-21.380461105089136,-20.83638909937864,0.27203600285524815,False,-21.26173675627809,0.0609152426064563,-21.385974212664458,-21.137499299891722,0.12423745638636702,False,-21.108425102233888,0.13338279447772472,-21.380461105089136,-20.83638909937864,0.27203600285524815,False,-0.004993178397417074,1.5481050788568053e-05,-0.005024752208664704,-0.004961604586169444,3.157381124763026e-05,False,"pointwise paired, finite-window; not joint with primary family"
R64_H2048_alpha1_2_L100_zero_base,R64_H2048_alpha1_2,64,2048,1/2,100,zero,base,LAGRANGIAN_K,LAGRANGIAN_NI,32,0.36317445278167754,0.007358218143719951,0.3481672679360427,0.3781816376273124,0.015007184845634857,False,0.3664463324762209,0.00492051936067478,0.3564108670768708,0.37648179787557096,0.01003546539935007,False,0.36317445278167726,0.00735821814371991,0.34816726793604247,0.37818163762731205,0.015007184845634774,False,-0.027275136262178416,0.0004229709091415632,-0.028137791118807147,-0.026412481405549686,0.0008626548566287316,False,"pointwise paired, finite-window; not joint with primary family"
R64_H2048_alpha1_2_L100_zero_base,R64_H2048_alpha1_2,64,2048,1/2,100,zero,base,LAGRANGIAN_K,LAGRANGIAN_FC,32,0.37750866889953644,0.03912353736790983,0.297715688367092,0.45730164943198087,0.07979298053244444,False,0.3882225642035268,0.006309282173585324,0.37535469837339036,0.40109043003366324,0.012867865830136426,False,0.3775086688995362,0.039123537367909765,0.2977156883670919,0.45730164943198054,0.07979298053244431,False,-0.02906445980072021,0.00043864422236535505,-0.029959080590418446,-0.028169839011021974,0.0008946207896982377,False,"pointwise paired, finite-window; not joint with primary family"
R64_H2048_alpha1_2_L100_zero_base,R64_H2048_alpha1_2,64,2048,1/2,100,zero,base,LAGRANGIAN_K,MYOPIC_K,32,-20.960517749786376,0.14413026958616088,-21.254473372640092,-20.66656212693266,0.2939556228537144,False,-21.11543096438843,0.06732519086707263,-21.25274159644303,-20.97812033233383,0.13731063205459929,False,-20.960517749786376,0.14413026958616096,-21.254473372640092,-20.66656212693266,0.29395562285371457,False,-0.02857304111123085,0.00043787852192084335,-0.029466100244576597,-0.027679981977885106,0.0008930591333457444,False,"pointwise paired, finite-window; not joint with primary family"
R64_H2048_alpha1_2_L100_zero_base,R64_H2048_alpha1_2,64,2048,1/2,100,zero,base,LAGRANGIAN_NI,LAGRANGIAN_FC,32,0.0143342161178589,0.03783593776335347,-0.06283268770751814,0.09150111994323594,0.07716690382537704,False,0.021776231727305917,0.00419060034572077,0.01322944597373497,0.030323017480876863,0.008546785753570946,False,0.014334216117858924,0.03783593776335342,-0.06283268770751801,0.09150111994323587,0.07716690382537694,False,-0.0017893235385417917,1.629482239509581e-05,-0.001822557047923231,-0.0017560900291603524,3.323350938143923e-05,False,"pointwise paired, finite-window; not joint with primary family"
R64_H2048_alpha1_2_L100_zero_base,R64_H2048_alpha1_2,64,2048,1/2,100,zero,base,LAGRANGIAN_NI,MYOPIC_K,32,-21.323692202568054,0.14077411376094384,-21.610802900488036,-21.036581504648073,0.2871106979199826,False,-21.48187729686465,0.06384705618480452,-21.612094226466386,-21.351660367262912,0.13021692960173578,False,-21.323692202568054,0.1407741137609439,-21.610802900488036,-21.036581504648073,0.2871106979199827,False,-0.0012979048490524333,1.5736261348031744e-05,-0.0013299991656677522,-0.0012658105324371144,3.209431661531881e-05,False,"pointwise paired, finite-window; not joint with primary family"
R64_H2048_alpha1_2_L100_zero_base,R64_H2048_alpha1_2,64,2048,1/2,100,zero,base,LAGRANGIAN_FC,MYOPIC_K,32,-21.338026418685914,0.13725058208654975,-21.617950826377164,-21.058102010994663,0.2799244076912522,False,-21.503653528591958,0.06307535306437377,-21.632296559302947,-21.375010497880968,0.1286430307109912,False,-21.338026418685914,0.13725058208654983,-21.617950826377164,-21.058102010994663,0.2799244076912524,False,0.0004914186894893584,1.592717771754113e-06,0.00048817032017755137,0.0004946670588011654,3.248369311807039e-06,False,"pointwise paired, finite-window; not joint with primary family"
R64_H2048_alpha1_2_L100_zero_double_burn,R64_H2048_alpha1_2,64,2048,1/2,100,zero,double_burn,WHITTLE_K,WHITTLE_P,32,-0.211483473777771,0.029526351435592558,-0.2717028645536879,-0.15126408300185407,0.06021939077591691,False,-0.22509215144945183,0.005048644317121869,-0.23538892942029468,-0.21479537347860897,0.010296777970842864,False,-0.21148347377777096,0.02952635143559263,-0.27170286455368803,-0.1512640830018539,0.06021939077591706,False,0.004498343914747233,1.662756222529701e-05,0.004464431778007947,0.004532256051486519,3.391213673928624e-05,False,"pointwise paired, finite-window; not joint with primary family"
R64_H2048_alpha1_2_L100_zero_double_burn,R64_H2048_alpha1_2,64,2048,1/2,100,zero,double_burn,WHITTLE_K,LAGRANGIAN_K,32,-0.37310215473175024,0.017079267853959162,-0.40793555117450586,-0.3382687582889946,0.03483339644275564,False,-0.3828874056032647,0.005982168448707011,-0.39508811859301096,-0.3706866926135184,0.01220071298974629,False,-0.3731021547317505,0.01707926785395918,-0.4079355511745062,-0.33826875828899483,0.034833396442755675,False,0.028525502979755403,0.00047547843954892866,0.027555758308823782,0.029495247650687024,0.0009697446709316217,False,"pointwise paired, finite-window; not joint with primary family"
R64_H2048_alpha1_2_L100_zero_double_burn,R64_H2048_alpha1_2,64,2048,1/2,100,zero,double_burn,WHITTLE_K,LAGRANGIAN_NI,32,-0.013530058860778404,0.01428462455329487,-0.04266374271394757,0.015603624992390767,0.02913368385316917,False,-0.01107216150077335,0.002414978417074786,-0.01599754245515449,-0.006146780546392211,0.004925380954381139,False,-0.01353005886077882,0.0142846245532949,-0.04266374271394806,0.015603624992390413,0.029133683853169234,False,0.0008220863342285126,1.6329425448214804e-05,0.0007887822514549507,0.0008553904170020744,3.3304082773561786e-05,False,"pointwise paired, finite-window; not joint with primary family"
R64_H2048_alpha1_2_L100_zero_double_burn,R64_H2048_alpha1_2,64,2048,1/2,100,zero,double_burn,WHITTLE_K,LAGRANGIAN_FC,32,0.008223066329956452,0.022679512820009934,-0.03803210502417353,0.05447823768408643,0.04625517135412998,False,0.017363536998564008,0.004680518918861007,0.007817555727434205,0.02690951826969381,0.009545981271129803,False,0.00822306632995605,0.022679512820009937,-0.03803210502417394,0.05447823768408604,0.04625517135412999,False,-0.0009805887937545821,3.6338912449838263e-06,-0.000988000163811469,-0.0009731774236976954,7.411370056886698e-06,False,"pointwise paired, finite-window; not joint with primary family"
R64_H2048_alpha1_2_L100_zero_double_burn,R64_H2048_alpha1_2,64,2048,1/2,100,zero,double_burn,WHITTLE_K,MYOPIC_K,32,-21.428430352211,0.15942984522759696,-21.75358966530958,-21.103271039112418,0.3251593130985822,False,-21.49357881768597,0.0670486542140155,-21.63032544951824,-21.356832185853705,0.13674663183226782,False,-21.428430352211,0.15942984522759704,-21.75358966530958,-21.103271039112418,0.32515931309858237,False,-0.0004884772002696994,3.7829155839218384e-06,-0.0004961925074696905,-0.0004807618930697083,7.715307199991109e-06,False,"pointwise paired, finite-window; not joint with primary family"
R64_H2048_alpha1_2_L100_zero_double_burn,R64_H2048_alpha1_2,64,2048,1/2,100,zero,double_burn,WHITTLE_P,LAGRANGIAN_K,32,-0.16161868095397924,0.0277650718771314,-0.2182459183875515,-0.10499144352040699,0.05662723743357225,False,-0.15779525415381285,0.009028402761355133,-0.1762088029850791,-0.1393817053225466,0.018413548831266256,False,-0.16161868095397952,0.027765071877131453,-0.2182459183875519,-0.10499144352040715,0.05662723743357236,False,0.02402715906500817,0.0004808740030570967,0.023046410069750754,0.025007908060265583,0.0009807489952574162,False,"pointwise paired, finite-window; not joint with primary family"
R64_H2048_alpha1_2_L100_zero_double_burn,R64_H2048_alpha1_2,64,2048,1/2,100,zero,double_burn,WHITTLE_P,LAGRANGIAN_NI,32,0.1979534149169926,0.029414874340329675,0.13796138317582954,0.25794544665815566,0.05999203174116305,False,0.2140199899486785,0.004738851456010974,0.20435503868366892,0.22368494121368807,0.009664951265009578,False,0.19795341491699214,0.029414874340329702,0.13796138317582904,0.2579454466581552,0.059992031741163104,False,-0.0036762575805187204,2.539644991985627e-05,-0.003728053981621,-0.0036244611794164407,5.1796401102279845e-05,False,"pointwise paired, finite-window; not joint with primary family"
R64_H2048_alpha1_2_L100_zero_double_burn,R64_H2048_alpha1_2,64,2048,1/2,100,zero,double_burn,WHITTLE_P,LAGRANGIAN_FC,32,0.21970654010772744,0.03355320943621915,0.15127431829280363,0.28813876192265125,0.06843222181492381,False,0.24245568844801585,0.006326026437081847,0.22955367246732827,0.2553577044287034,0.012902015980687588,False,0.21970654010772703,0.03355320943621918,0.15127431829280316,0.28813876192265087,0.06843222181492387,False,-0.005478932708501815,1.7946779004795563e-05,-0.0055155354056016,-0.00544233001140203,3.66026970997853e-05,False,"pointwise paired, finite-window; not joint with primary family"
R64_H2048_alpha1_2_L100_zero_double_burn,R64_H2048_alpha1_2,64,2048,1/2,100,zero,double_burn,WHITTLE_P,MYOPIC_K,32,-21.216946878433227,0.16144190475464684,-21.546209813992178,-20.887683942874276,0.3292629355589505,False,-21.26848666623652,0.06533175900123989,-21.401731667196277,-21.135241665276762,0.13324500095975833,False,-21.216946878433227,0.16144190475464687,-21.546209813992178,-20.887683942874276,0.32926293555895053,False,-0.004986821115016932,1.7811000472556777e-05,-0.005023146889974485,-0.00495049534005938,3.632577495755233e-05,False,"pointwise paired, finite-window; not joint with primary family"
R64_H2048_alpha1_2_L100_zero_double_burn,R64_H2048_alpha1_2,64,2048,1/2,100,zero,double_burn,LAGRANGIAN_K,LAGRANGIAN_NI,32,0.35957209587097183,0.008449244195591643,0.3423397487221759,0.3768044430197678,0.01723234714879596,False,0.37181524410249134,0.005502834915404471,0.36059213829922426,0.3830383499057584,0.01122310580326706,False,0.35957209587097166,0.008449244195591697,0.3423397487221756,0.37680444301976773,0.01723234714879607,False,-0.02770341664552689,0.00045955284182163465,-0.028640680845751797,-0.026766152445301984,0.0009372642002249055,False,"pointwise paired, finite-window; not joint with primary family"
R64_H2048_alpha1_2_L100_zero_double_burn,R64_H2048_alpha1_2,64,2048,1/2,100,zero,double_burn,LAGRANGIAN_K,LAGRANGIAN_FC,32,0.3813252210617067,0.029846066857158897,0.3204537663844849,0.44219667573892846,0.060871454677221756,False,0.4002509426018287,0.006977879105313864,0.3860194643392125,0.41448242086444487,0.014231478262616164,False,0.3813252210617066,0.029846066857158886,0.32045376638448486,0.4421966757389283,0.060871454677221735,False,-0.029506091773509983,0.0004766081726608306,-0.03047814055031417,-0.028534042996705797,0.000972048776804185,False,"pointwise paired, finite-window; not joint with primary family"
R64_H2048_alpha1_2_L100_zero_double_burn,R64_H2048_alpha1_2,64,2048,1/2,100,zero,double_burn,LAGRANGIAN_K,MYOPIC_K,32,-21.05532819747925,0.1627053333452683,-21.387167912637334,-20.723488482321162,0.3318397151580846,False,-21.11069141208271,0.07143134514857107,-21.256376601007403,-20.965006223158014,0.14568518892469354,False,-21.05532819747925,0.16270533334526838,-21.387167912637334,-20.723488482321162,0.33183971515808475,False,-0.0290139801800251,0.0004758240334356819,-0.02998442969433575,-0.028043530665714453,0.0009704495143106474,False,"pointwise paired, finite-window; not joint with primary family"
R64_H2048_alpha1_2_L100_zero_double_burn,R64_H2048_alpha1_2,64,2048,1/2,100,zero,double_burn,LAGRANGIAN_NI,LAGRANGIAN_FC,32,0.021753125190734857,0.028534500286658562,-0.03644337183010744,0.07994962221157716,0.0581964970208423,False,0.02843569849933736,0.004551670576729029,0.01915250515453161,0.03771889184414311,0.009283193344805749,False,0.02175312519073487,0.028534500286658535,-0.036443371830107374,0.07994962221157711,0.058196497020842244,False,-0.0018026751279830947,1.7869900456463575e-05,-0.0018391210302498174,-0.001766229225716372,3.6445902266722776e-05,False,"pointwise paired, finite-window; not joint with primary family"
R64_H2048_alpha1_2_L100_zero_double_burn,R64_H2048_alpha1_2,64,2048,1/2,100,zero,double_burn,LAGRANGIAN_NI,MYOPIC_K,32,-21.41490029335022,0.15926435820356472,-21.739722093438086,-21.090078493262357,0.3248218000878643,False,-21.482506656185198,0.06714145272375602,-21.619442551825887,-21.345570760544508,0.13693589564068914,False,-21.414900293350218,0.15926435820356477,-21.739722093438083,-21.090078493262354,0.32482180008786443,False,-0.001310563534498212,1.7186966945746127e-05,-0.001345616584686832,-0.001275510484309592,3.505305018861983e-05,False,"pointwise paired, finite-window; not joint with primary family"
R64_H2048_alpha1_2_L100_zero_double_burn,R64_H2048_alpha1_2,64,2048,1/2,100,zero,double_burn,LAGRANGIAN_FC,MYOPIC_K,32,-21.436653418540956,0.16361266622351708,-21.770343651304586,-21.102963185777327,0.3336902327636305,False,-21.510942354684538,0.06710974917584447,-21.647813590512964,-21.37407111885611,0.1368712358284251,False,-21.436653418540956,0.1636126662235171,-21.770343651304586,-21.102963185777327,0.3336902327636306,False,0.0004921115934848827,1.662202845805312e-06,0.0004887215084302244,0.000495501678539541,3.390085054658309e-06,False,"pointwise paired, finite-window; not joint with primary family"
R64_H2048_alpha1_2_L100_zero_double_horizon,R64_H2048_alpha1_2,64,2048,1/2,100,zero,double_horizon,WHITTLE_K,WHITTLE_P,32,-0.20497126340866112,0.018635857480855614,-0.24297934532599325,-0.166963181491329,0.03800808191733212,False,-0.2261640611820788,0.004261539126473994,-0.23485552753286693,-0.21747259483129067,0.008691466350788116,False,-0.20497126340866087,0.018635857480855608,-0.24297934532599297,-0.16696318149132877,0.038008081917332105,False,0.00449313461780548,1.2406309131879386e-05,0.0044678317835108615,0.004518437452100098,2.5302834294618558e-05,False,"pointwise paired, finite-window; not joint with primary family"
R64_H2048_alpha1_2_L100_zero_double_horizon,R64_H2048_alpha1_2,64,2048,1/2,100,zero,double_horizon,WHITTLE_K,LAGRANGIAN_K,32,-0.3603843712806698,0.012256388045767615,-0.38538143950426507,-0.33538730305707454,0.024997068223595247,False,-0.37856860371015444,0.004824011885488614,-0.38840724081618455,-0.3687299666041243,0.00983863710603012,False,-0.3603843712806702,0.012256388045767603,-0.3853814395042654,-0.335387303057075,0.024997068223595223,False,0.028417002931237216,0.00034410995840374086,0.027715186044033877,0.029118819818440556,0.0007018168872033382,False,"pointwise paired, finite-window; not joint with primary family"
R64_H2048_alpha1_2_L100_zero_double_horizon,R64_H2048_alpha1_2,64,2048,1/2,100,zero,double_horizon,WHITTLE_K,LAGRANGIAN_NI,32,0.0057542181015014515,0.010610226249618599,-0.015885481003903815,0.027393917206906718,0.021639699105405266,False,-0.008381339504128359,0.002377436017731626,-0.013230152230239139,-0.0035325267780175777,0.004848812726110781,False,0.005754218101501445,0.010610226249618635,-0.015885481003903894,0.027393917206906784,0.02163969910540534,False,0.0008146190643310517,1.2168066613352554e-05,0.000789802128856472,0.0008394359998056314,2.4816935474579738e-05,False,"pointwise paired, finite-window; not joint with primary family"
R64_H2048_alpha1_2_L100_zero_double_horizon,R64_H2048_alpha1_2,64,2048,1/2,100,zero,double_horizon,WHITTLE_K,LAGRANGIAN_FC,32,0.023412744998931978,0.021977272183246778,-0.021410197133913574,0.06823568713177752,0.04482294213284555,False,0.01589443680453906,0.003990313280942779,0.007756139212722092,0.024032734396356024,0.008138297591816966,False,0.02341274499893188,0.021977272183246816,-0.021410197133913747,0.06823568713177751,0.04482294213284563,False,-0.0009821281582117081,2.953160485503217e-06,-0.0009881511687312584,-0.0009761051476921578,6.023010519550356e-06,False,"pointwise paired, finite-window; not joint with primary family"
R64_H2048_alpha1_2_L100_zero_double_horizon,R64_H2048_alpha1_2,64,2048,1/2,100,zero,double_horizon,WHITTLE_K,MYOPIC_K,32,-21.40826149702072,0.1149106199213223,-21.642623251484004,-21.17389974255744,0.2343617544632838,False,-21.47896982483358,0.04620236479563281,-21.573200169089585,-21.384739480577576,0.09423034425600516,False,-21.40826149702072,0.11491061992132219,-21.642623251484004,-21.17389974255744,0.23436175446328358,False,-0.0004910626262426415,3.3601037808293617e-06,-0.0004979156030849304,-0.00048420964940035265,6.852976842288893e-06,False,"pointwise paired, finite-window; not joint with primary family"
R64_H2048_alpha1_2_L100_zero_double_horizon,R64_H2048_alpha1_2,64,2048,1/2,100,zero,double_horizon,WHITTLE_P,LAGRANGIAN_K,32,-0.15541310787200868,0.019909654677682073,-0.19601911630025043,-0.11480709944376695,0.04060600842824173,False,-0.15240454252807561,0.007498669925172448,-0.16769818067055317,-0.13711090438559806,0.015293638142477556,False,-0.1554131078720093,0.019909654677682062,-0.196019116300251,-0.11480709944376757,0.04060600842824171,False,0.023923868313431736,0.0003489532179034622,0.02321217353335433,0.024635563093509144,0.000711694780077407,False,"pointwise paired, finite-window; not joint with primary family"
R64_H2048_alpha1_2_L100_zero_double_horizon,R64_H2048_alpha1_2,64,2048,1/2,100,zero,double_horizon,WHITTLE_P,LAGRANGIAN_NI,32,0.21072548151016257,0.02035026997113363,0.1692208322662385,0.2522301307540866,0.04150464924392408,False,0.21778272167795043,0.004636209826408398,0.20832710939667534,0.22723833395922552,0.009455612281275085,False,0.21072548151016232,0.020350269971133664,0.16922083226623816,0.25223013075408646,0.041504649243924156,False,-0.003678515553474428,2.0427415667980846e-05,-0.003720177542404404,-0.003636853564544452,4.16619889299756e-05,False,"pointwise paired, finite-window; not joint with primary family"
R64_H2048_alpha1_2_L100_zero_double_horizon,R64_H2048_alpha1_2,64,2048,1/2,100,zero,double_horizon,WHITTLE_P,LAGRANGIAN_FC,32,0.2283840084075931,0.025156103388882523,0.17707779728702894,0.27969021952815726,0.05130621112056416,False,0.24205849798661785,0.0047403878456542545,0.2323904132342719,0.2517265827389638,0.009668084752345953,False,0.22838400840759276,0.02515610338888253,0.1770777972870286,0.2796902195281569,0.051306211120564174,False,-0.005475262776017188,1.2432259022801716e-05,-0.005500618535463275,-0.005449907016571101,2.535575944608717e-05,False,"pointwise paired, finite-window; not joint with primary family"
R64_H2048_alpha1_2_L100_zero_double_horizon,R64_H2048_alpha1_2,64,2048,1/2,100,zero,double_horizon,WHITTLE_P,MYOPIC_K,32,-21.203290233612062,0.11598029187487024,-21.43983359840784,-20.966746868816283,0.23654336479577795,False,-21.2528057636515,0.04441584815045536,-21.343392483187458,-21.162219044115545,0.09058671953595474,False,-21.203290233612062,0.11598029187487008,-21.43983359840784,-20.966746868816283,0.23654336479577762,False,-0.004984197244048121,1.2413610983091936e-05,-0.0050095149705664714,-0.004958879517529771,2.5317726518350138e-05,False,"pointwise paired, finite-window; not joint with primary family"
R64_H2048_alpha1_2_L100_zero_double_horizon,R64_H2048_alpha1_2,64,2048,1/2,100,zero,double_horizon,LAGRANGIAN_K,LAGRANGIAN_NI,32,0.36613858938217125,0.005800885384492056,0.3543076056394953,0.3779695731248472,0.011830983742675947,False,0.37018726420602605,0.003802713878051176,0.36243157811894244,0.37794295029310965,0.007755686087083605,False,0.36613858938217164,0.005800885384492072,0.35430760563949565,0.37796957312484764,0.01183098374267598,False,-0.027602383866906166,0.00033213614472141694,-0.028279780000099758,-0.026924987733712574,0.0006773961331935932,False,"pointwise paired, finite-window; not joint with primary family"
R64_H2048_alpha1_2_L100_zero_double_horizon,R64_H2048_alpha1_2,64,2048,1/2,100,zero,double_horizon,LAGRANGIAN_K,LAGRANGIAN_FC,32,0.3837971162796018,0.02337283640616867,0.3361279021487973,0.4314663304104063,0.0476692141308045,False,0.3944630405146935,0.005875768792328135,0.3824793310548239,0.4064467499745631,0.011983709459869617,False,0.38379711627960206,0.023372836406168707,0.3361279021487975,0.4314663304104066,0.04766921413080458,False,-0.029399131089448922,0.0003446709568467926,-0.030102092140520273,-0.028696170038377572,0.0007029610510713496,False,"pointwise paired, finite-window; not joint with primary family"
R64_H2048_alpha1_2_L100_zero_double_horizon,R64_H2048_alpha1_2,64,2048,1/2,100,zero,double_horizon,LAGRANGIAN_K,MYOPIC_K,32,-21.04787712574005,0.1186928225785799,-21.289952733379806,-20.805801518100296,0.24207560763975688,False,-21.100401221123423,0.04889317432113757,-21.200119507588386,-21.00068293465846,0.09971828646496365,False,-21.04787712574005,0.11869282257857985,-21.289952733379806,-20.805801518100296,0.2420756076397568,False,-0.028908065557479858,0.000344291233789173,-0.029610252158269287,-0.02820587895669043,0.0007021866007894278,False,"pointwise paired, finite-window; not joint with primary family"
R64_H2048_alpha1_2_L100_zero_double_horizon,R64_H2048_alpha1_2,64,2048,1/2,100,zero,double_horizon,LAGRANGIAN_NI,LAGRANGIAN_FC,32,0.017658526897430527,0.022867527961680977,-0.028980103866263672,0.06429715766112473,0.0466386307636942,False,0.024275776308667417,0.00317395569160122,0.017802450997380318,0.030749101619954516,0.0064733253112871,False,0.017658526897430436,0.022867527961681008,-0.028980103866263825,0.0642971576611247,0.04663863076369426,False,-0.0017967472225427598,1.2895929063071914e-05,-0.0018230486432706692,-0.0017704458018148505,2.63014207279094e-05,False,"pointwise paired, finite-window; not joint with primary family"
R64_H2048_alpha1_2_L100_zero_double_horizon,R64_H2048_alpha1_2,64,2048,1/2,100,zero,double_horizon,LAGRANGIAN_NI,MYOPIC_K,32,-21.414015715122222,0.11710882716337183,-21.652860742813633,-21.17517068743081,0.23884502769140978,False,-21.47058848532945,0.04641471227829038,-21.565251915131643,-21.375925055527258,0.0946634298021937,False,-21.414015715122222,0.11710882716337173,-21.65286074281363,-21.175170687430814,0.23884502769140958,False,-0.0013056816905736932,1.2633737045196535e-05,-0.001331448367155608,-0.0012799150139917784,2.5766676581914758e-05,False,"pointwise paired, finite-window; not joint with primary family"
R64_H2048_alpha1_2_L100_zero_double_horizon,R64_H2048_alpha1_2,64,2048,1/2,100,zero,double_horizon,LAGRANGIAN_FC,MYOPIC_K,32,-21.431674242019653,0.1170587751183685,-21.67041718789226,-21.192931296147048,0.23874294587260586,False,-21.494864261638117,0.045092363463492074,-21.586830743251703,-21.40289778002453,0.0919664816135862,False,-21.431674242019653,0.11705877511836839,-21.67041718789226,-21.192931296147048,0.23874294587260564,False,0.0004910655319690666,1.2615293709608326e-06,0.000488492625853968,0.0004936384380841652,2.5729061150986207e-06,False,"pointwise paired, finite-window; not joint with primary family"
R64_H2048_alpha4_5_L100_zero_base,R64_H2048_alpha4_5,64,2048,4/5,100,zero,base,WHITTLE_K,WHITTLE_P,32,-0.019574980735778735,0.0022691480145604443,-0.024202938623338475,-0.014947022848218996,0.004627957887559739,False,-0.018671071889195624,0.0006078358948777701,-0.01991076137000123,-0.01743138240839002,0.0012396894808056058,False,-0.019574980735778805,0.002269148014560449,-0.024202938623338555,-0.014947022848219055,0.004627957887559749,False,0.0037685421109199535,8.919306681122972e-06,0.0037503510650112697,0.0037867331568286373,1.8191045908683623e-05,False,"pointwise paired, finite-window; not joint with primary family"
R64_H2048_alpha4_5_L100_zero_base,R64_H2048_alpha4_5,64,2048,4/5,100,zero,base,WHITTLE_K,LAGRANGIAN_K,32,-0.08094412803649909,0.00156148331824492,-0.08412879426038328,-0.0777594618126149,0.0031846662238841964,False,-0.08002635386466161,0.0008006308102080863,-0.08165925116768026,-0.07839345656164297,0.0016328973030186426,False,-0.08094412803649903,0.0015614833182449079,-0.08412879426038321,-0.07775946181261485,0.0031846662238841717,False,0.03631912887096406,0.0003373049792240421,0.03563119083030016,0.03700706691162795,0.0006879380406638949,False,"pointwise paired, finite-window; not joint with primary family"
R64_H2048_alpha4_5_L100_zero_base,R64_H2048_alpha4_5,64,2048,4/5,100,zero,base,WHITTLE_K,LAGRANGIAN_NI,32,-0.0017929315567016268,0.001424899627640225,-0.004699033507039101,0.0011131703936358471,0.002906101950337474,False,-0.0010966948567890313,0.0004943675595929783,-0.002104964142041088,-8.842557153697448e-05,0.0010082692852520568,False,-0.0017929315567016579,0.001424899627640237,-0.004699033507039156,0.0011131703936358404,0.0029061019503374983,False,0.0007539206743240462,1.109639503637377e-05,0.0007312894274408355,0.0007765519212072569,2.2631246883210667e-05,False,"pointwise paired, finite-window; not joint with primary family"
R64_H2048_alpha4_5_L100_zero_base,R64_H2048_alpha4_5,64,2048,4/5,100,zero,base,WHITTLE_K,LAGRANGIAN_FC,32,0.0011893796920777744,0.001507913143899264,-0.0018860294409026568,0.004264788825058206,0.0030754091329804312,False,0.001561805804290663,0.0004886718128771921,0.0005651530710527202,0.002558458537528606,0.0009966527332379428,False,0.0011893796920776371,0.0015079131438992548,-0.001886029440902775,0.004264788825058049,0.003075409132980412,False,-0.001417268067598336,4.985428392936556e-06,-0.0014274359158417765,-0.0014071002193548955,1.0167848243440543e-05,False,"pointwise paired, finite-window; not joint with primary family"
R64_H2048_alpha4_5_L100_zero_base,R64_H2048_alpha4_5,64,2048,4/5,100,zero,base,WHITTLE_K,MYOPIC_K,32,-9.218798804283143,0.07468382354178779,-9.371117466624916,-9.06648014194137,0.15231866234177283,False,-9.213717070179177,0.04796438362011776,-9.311541075520523,-9.115893064837831,0.0978240053413458,False,-9.218798804283143,0.07468382354178775,-9.371117466624916,-9.06648014194137,0.15231866234177274,False,-0.004937487691640843,8.823762957469507e-05,-0.005117449523636579,-0.004757525859645106,0.00017996183199573597,False,"pointwise paired, finite-window; not joint with primary family"
R64_H2048_alpha4_5_L100_zero_base,R64_H2048_alpha4_5,64,2048,4/5,100,zero,base,WHITTLE_P,LAGRANGIAN_K,32,-0.06136914730072035,0.0027995011376662844,-0.06707876751419278,-0.05565952708724792,0.005709620213472429,False,-0.061355281975466,0.0011089614417030742,-0.06361702374735456,-0.05909354020357743,0.0022617417718885664,False,-0.06136914730072022,0.0027995011376663044,-0.06707876751419269,-0.05565952708724775,0.00570962021347247,False,0.0325505867600441,0.0003423047057246618,0.03185245170995389,0.033248721810134316,0.0006981350500902133,False,"pointwise paired, finite-window; not joint with primary family"
R64_H2048_alpha4_5_L100_zero_base,R64_H2048_alpha4_5,64,2048,4/5,100,zero,base,WHITTLE_P,LAGRANGIAN_NI,32,0.01778204917907711,0.0026653725100051024,0.012345986105266358,0.02321811225288786,0.0054360630738107514,False,0.017574377032406593,0.0007483226850387138,0.016048162854026674,0.019100591210786513,0.0015262141783799212,False,0.017782049179077147,0.002665372510005125,0.01234598610526635,0.023218112252887946,0.005436063073810797,False,-0.0030146214365959073,1.5173297768014434e-05,-0.0030455675814199494,-0.0029836752917718652,3.0946144824042046e-05,False,"pointwise paired, finite-window; not joint with primary family"
R64_H2048_alpha4_5_L100_zero_base,R64_H2048_alpha4_5,64,2048,4/5,100,zero,base,WHITTLE_P,LAGRANGIAN_FC,32,0.02076436042785651,0.0027848250976030076,0.015084672195432986,0.026444048660280033,0.005679688232423524,False,0.02023287769348629,0.0007535787489665437,0.018695943702050438,0.02176981168492214,0.0015369339914358493,False,0.02076436042785644,0.002784825097603027,0.015084672195432877,0.026444048660280002,0.0056796882324235635,False,-0.0051858101785182895,1.049884193834268e-05,-0.00520722270782313,-0.005164397649213449,2.1412529304840424e-05,False,"pointwise paired, finite-window; not joint with primary family"
R64_H2048_alpha4_5_L100_zero_base,R64_H2048_alpha4_5,64,2048,4/5,100,zero,base,WHITTLE_P,MYOPIC_K,32,-9.199223823547364,0.07446828192293105,-9.35110288585922,-9.047344761235507,0.15187906231185644,False,-9.19504599828998,0.047743780795126076,-9.292420081203444,-9.097671915376518,0.09737408291346222,False,-9.199223823547364,0.07446828192293105,-9.35110288585922,-9.047344761235507,0.15187906231185644,False,-0.008706029802560796,8.23294871145697e-05,-0.008873941898565881,-0.008538117706555711,0.00016791209600508473,False,"pointwise paired, finite-window; not joint with primary family"
R64_H2048_alpha4_5_L100_zero_base,R64_H2048_alpha4_5,64,2048,4/5,100,zero,base,LAGRANGIAN_K,LAGRANGIAN_NI,32,0.07915119647979746,0.0006573376833419926,0.0778105474357984,0.08049184552379651,0.0013406490439990583,False,0.07892965900787259,0.0006765082746546494,0.077549911285116,0.08030940673062918,0.001379747722756592,False,0.07915119647979736,0.0006573376833419682,0.07781054743579835,0.08049184552379637,0.0013406490439990084,False,-0.03556520819664001,0.00032834414510918584,-0.03623487049563573,-0.03489554589764429,0.000669662298995718,False,"pointwise paired, finite-window; not joint with primary family"
R64_H2048_alpha4_5_L100_zero_base,R64_H2048_alpha4_5,64,2048,4/5,100,zero,base,LAGRANGIAN_K,LAGRANGIAN_FC,32,0.08213350772857686,0.0007464498685972153,0.080611113184512,0.08365590227264172,0.0015223945440648525,False,0.08158815966895228,0.0006765552705404553,0.08020831609745466,0.0829680032404499,0.0013798435714976183,False,0.08213350772857667,0.0007464498685972162,0.0806111131845118,0.08365590227264152,0.0015223945440648544,False,-0.0377363969385624,0.00033677589751856325,-0.03842325590997373,-0.03704953796715107,0.0006868589714113285,False,"pointwise paired, finite-window; not joint with primary family"
R64_H2048_alpha4_5_L100_zero_base,R64_H2048_alpha4_5,64,2048,4/5,100,zero,base,LAGRANGIAN_K,MYOPIC_K,32,-9.137854676246643,0.07513620199184233,-9.291095970520162,-8.984613381973125,0.153241294273519,False,-9.133690716314515,0.04851847569167231,-9.232644799886337,-9.034736632742693,0.09895408357182295,False,-9.137854676246643,0.07513620199184229,-9.291095970520162,-8.984613381973125,0.15324129427351893,False,-0.0412566165626049,0.0004110289076513828,-0.042094915546617526,-0.04041831757859228,0.0008382989840126227,False,"pointwise paired, finite-window; not joint with primary family"
R64_H2048_alpha4_5_L100_zero_base,R64_H2048_alpha4_5,64,2048,4/5,100,zero,base,LAGRANGIAN_NI,LAGRANGIAN_FC,32,0.0029823112487794012,0.0003779329508929902,0.002211511913596874,0.0037531105839619283,0.000770799335182527,False,0.0026585006610796943,5.6253288838583386e-05,0.0025437713220893823,0.0027732300000700063,0.0001147293389903118,False,0.002982311248779295,0.00037793295089299963,0.002211511913596749,0.003753110583961841,0.0007707993351825462,False,-0.002171188741922382,1.0880130344648014e-05,-0.0021933789140588375,-0.002148998569785927,2.2190172136455212e-05,False,"pointwise paired, finite-window; not joint with primary family"
R64_H2048_alpha4_5_L100_zero_base,R64_H2048_alpha4_5,64,2048,4/5,100,zero,base,LAGRANGIAN_NI,MYOPIC_K,32,-9.21700587272644,0.07496712833793003,-9.369902339009375,-9.064109406443507,0.1528964662829335,False,-9.212620375322388,0.04800454369055539,-9.310526287667399,-9.114714462977377,0.09790591234501157,False,-9.21700587272644,0.07496712833793004,-9.369902339009375,-9.064109406443507,0.15289646628293352,False,-0.005691408365964889,9.390767082053139e-05,-0.00588293432332313,-0.005499882408606648,0.00019152595735824138,False,"pointwise paired, finite-window; not joint with primary family"
R64_H2048_alpha4_5_L100_zero_base,R64_H2048_alpha4_5,64,2048,4/5,100,zero,base,LAGRANGIAN_FC,MYOPIC_K,32,-9.21998818397522,0.07501392946548498,-9.372980101787109,-9.066996266163331,0.15299191781188834,False,-9.215278875983467,0.04799805891233274,-9.313171562536096,-9.117386189430837,0.09789268655262959,False,-9.21998818397522,0.07501392946548499,-9.372980101787109,-9.066996266163331,0.15299191781188837,False,-0.0035202196240425067,8.825530757483058e-05,-0.0037002175105572245,-0.003340221737527789,0.00017999788651471775,False,"pointwise paired, finite-window; not joint with primary family"
R64_H1024_alpha1_4_L100_zero_base,R64_H1024_alpha1_4,64,1024,1/4,100,zero,base,WHITTLE_K,WHITTLE_P,32,-1.0922743034362792,0.08646116449713763,-1.268613011019283,-0.9159355958532752,0.17633870758300393,False,-0.9819494347764556,0.014309588946374395,-1.0111340338449917,-0.9527648357079196,0.02918459906853599,False,-1.0922743034362794,0.08646116449713764,-1.2686130110192835,-0.9159355958532754,0.17633870758300396,False,0.004471689015626906,2.1171485330124004e-05,0.004428509486615934,0.004514868544637878,4.317952901097221e-05,False,"pointwise paired, finite-window; not joint with primary family"
R64_H1024_alpha1_4_L100_zero_base,R64_H1024_alpha1_4,64,1024,1/4,100,zero,base,WHITTLE_K,LAGRANGIAN_K,32,-3.740172791481018,0.12026365982364855,-3.9854521428041925,-3.4948934401578433,0.2452793513231747,False,-3.66976141656288,0.05306969797306902,-3.7779977791751507,-3.5615250539506094,0.10823636261227047,False,-3.740172791481018,0.1202636598236485,-3.9854521428041925,-3.4948934401578433,0.2452793513231746,False,0.018883786797523498,0.0002708641398898668,0.018331355742071516,0.01943621785297548,0.000552431055451981,False,"pointwise paired, finite-window; not joint with primary family"
R64_H1024_alpha1_4_L100_zero_base,R64_H1024_alpha1_4,64,1024,1/4,100,zero,base,WHITTLE_K,LAGRANGIAN_NI,32,-0.07848053932189969,0.08922375141162539,-0.2604535800638402,0.1034925014200408,0.18197304074194048,False,-0.09453572850467584,0.011203369454894077,-0.1173851511528791,-0.07168630585647258,0.022849422648203267,False,-0.0784805393218994,0.08922375141162549,-0.26045358006384006,0.10349250142004128,0.18197304074194068,False,0.0005317148566246046,5.3551833952040265e-06,0.0005207928880821672,0.0005426368251670419,1.0921968542437383e-05,False,"pointwise paired, finite-window; not joint with primary family"
R64_H1024_alpha1_4_L100_zero_base,R64_H1024_alpha1_4,64,1024,1/4,100,zero,base,WHITTLE_K,LAGRANGIAN_FC,32,0.20152902603149325,0.09533082507024968,0.007100526444655225,0.3959575256183313,0.19442849958683803,False,0.10376205672702861,0.016611583833878535,0.06988250813189215,0.13764160532216507,0.03387954859513647,False,0.20152902603149414,0.09533082507024968,0.007100526444656113,0.3959575256183322,0.19442849958683803,False,-0.0013675895333290092,5.584264276094591e-06,-0.0013789787154083353,-0.001356200351249683,1.1389182079326023e-05,False,"pointwise paired, finite-window; not joint with primary family"
R64_H1024_alpha1_4_L100_zero_base,R64_H1024_alpha1_4,64,1024,1/4,100,zero,base,WHITTLE_K,MYOPIC_K,32,-26.36695475578308,0.19188927291260002,-26.758315508107557,-25.975594003458603,0.3913607523244778,False,-26.346605843785785,0.038120888392918106,-26.424353908251717,-26.268857779319852,0.07774806446593324,False,-26.36695475578308,0.1918892729126001,-26.758315508107557,-25.975594003458603,0.391360752324478,False,-0.001167498528957366,5.766518370267791e-06,-0.001179259420712419,-0.001155737637202313,1.1760891755053062e-05,False,"pointwise paired, finite-window; not joint with primary family"
R64_H1024_alpha1_4_L100_zero_base,R64_H1024_alpha1_4,64,1024,1/4,100,zero,base,WHITTLE_P,LAGRANGIAN_K,32,-2.6478984880447385,0.11816969109008384,-2.8889071619794744,-2.4068898141100026,0.24100867393473582,False,-2.6878119817864246,0.055289762196789334,-2.8005761952348363,-2.575047768338013,0.11276421344841166,False,-2.647898488044739,0.11816969109008374,-2.8889071619794744,-2.4068898141100035,0.24100867393473563,False,0.014412097781896591,0.00026786197689461695,0.013865789678241695,0.014958405885551487,0.0005463081036548952,False,"pointwise paired, finite-window; not joint with primary family"
R64_H1024_alpha1_4_L100_zero_base,R64_H1024_alpha1_4,64,1024,1/4,100,zero,base,WHITTLE_P,LAGRANGIAN_NI,32,1.0137937641143795,0.10593641303856975,0.7977350252592127,1.2298525029695462,0.2160587388551668,False,0.8874137062717797,0.014781630438203446,0.8572663722334014,0.9175610403101581,0.03014733403837836,False,1.01379376411438,0.10593641303856981,0.797735025259213,1.2298525029695468,0.2160587388551669,False,-0.0039399741590023015,2.0605382773316454e-05,-0.003981999114236625,-0.0038979492037679777,4.202495523432382e-05,False,"pointwise paired, finite-window; not joint with primary family"
R64_H1024_alpha1_4_L100_zero_base,R64_H1024_alpha1_4,64,1024,1/4,100,zero,base,WHITTLE_P,LAGRANGIAN_FC,32,1.2938033294677724,0.12406380477701616,1.040773531413949,1.5468331275215959,0.2530297980538234,False,1.0857114915034842,0.018809697337726094,1.0473488608605452,1.1240741221464232,0.03836263064293909,False,1.2938033294677735,0.12406380477701606,1.0407735314139503,1.5468331275215967,0.2530297980538232,False,-0.005839278548955915,2.0538211264564123e-05,-0.005881166506994924,-0.005797390590916907,4.188795803900871e-05,False,"pointwise paired, finite-window; not joint with primary family"
R64_H1024_alpha1_4_L100_zero_base,R64_H1024_alpha1_4,64,1024,1/4,100,zero,base,WHITTLE_P,MYOPIC_K,32,-25.274680452346804,0.19547363312226587,-25.673351555515623,-24.876009349177984,0.39867110316881954,False,-25.364656409009328,0.0411459900110469,-25.44857420890215,-25.280738609116504,0.08391779989282244,False,-25.2746804523468,0.19547363312226598,-25.67335155551562,-24.87600934917798,0.39867110316881976,False,-0.005639187544584272,2.0464613705355533e-05,-0.005680925399411653,-0.005597449689756891,4.1737854827380834e-05,False,"pointwise paired, finite-window; not joint with primary family"
R64_H1024_alpha1_4_L100_zero_base,R64_H1024_alpha1_4,64,1024,1/4,100,zero,base,LAGRANGIAN_K,LAGRANGIAN_NI,32,3.661692252159118,0.13100197396234547,3.394511964758442,3.928872539559794,0.26718028740067573,False,3.5752256880582043,0.05044308588341896,3.4723463361212423,3.6781050399951662,0.10287935193696181,False,3.6616922521591184,0.13100197396234567,3.3945119647584425,3.9288725395597943,0.2671802874006761,False,-0.01835207194089889,0.00026882551180397056,-0.018900345186957487,-0.017803798694840296,0.0005482732460585943,False,"pointwise paired, finite-window; not joint with primary family"
R64_H1024_alpha1_4_L100_zero_base,R64_H1024_alpha1_4,64,1024,1/4,100,zero,base,LAGRANGIAN_K,LAGRANGIAN_FC,32,3.941701817512511,0.11538755789107077,3.7063673416468284,4.177036293378194,0.23533447586568282,False,3.7735234732899086,0.049842610588911845,3.6718687987903227,3.8751781477894944,0.1016546744995857,False,3.941701817512512,0.11538755789107069,3.7063673416468292,4.177036293378195,0.23533447586568265,False,-0.020251376330852507,0.00026855559250742606,-0.020799099072876356,-0.019703653588828658,0.00054772274202385,False,"pointwise paired, finite-window; not joint with primary family"
R64_H1024_alpha1_4_L100_zero_base,R64_H1024_alpha1_4,64,1024,1/4,100,zero,base,LAGRANGIAN_K,MYOPIC_K,32,-22.626781964302065,0.16637491244118272,-22.966105835368882,-22.287458093235248,0.3393238710668172,False,-22.676844427222903,0.06980066688488071,-22.819203825902054,-22.534485028543752,0.1423593986791507,False,-22.62678196430206,0.1663749124411829,-22.96610583536888,-22.287458093235244,0.3393238710668176,False,-0.020051285326480865,0.0002682593329768154,-0.02059840384320841,-0.01950416680975332,0.0005471185167275465,False,"pointwise paired, finite-window; not joint with primary family"
R64_H1024_alpha1_4_L100_zero_base,R64_H1024_alpha1_4,64,1024,1/4,100,zero,base,LAGRANGIAN_NI,LAGRANGIAN_FC,32,0.28000956535339294,0.13335780655140905,0.008024525709863173,0.5519946049969227,0.27198503964352977,False,0.19829778523170444,0.017384152009292553,0.16284257345455314,0.23375299700885574,0.0354552117771513,False,0.28000956535339355,0.13335780655140914,0.008024525709863617,0.5519946049969235,0.27198503964352994,False,-0.0018993043899536138,6.750173831849159e-06,-0.0019130714602491833,-0.0018855373196580442,1.3767070295569527e-05,False,"pointwise paired, finite-window; not joint with primary family"
R64_H1024_alpha1_4_L100_zero_base,R64_H1024_alpha1_4,64,1024,1/4,100,zero,base,LAGRANGIAN_NI,MYOPIC_K,32,-26.288474216461182,0.19890332671393288,-26.694140225827226,-25.882808207095138,0.405666009366044,False,-26.25207011528111,0.03809184881082861,-26.329758953128895,-26.174381277433326,0.07768883784778398,False,-26.288474216461182,0.19890332671393315,-26.694140225827226,-25.882808207095138,0.4056660093660446,False,-0.0016992133855819706,6.918079015925357e-06,-0.0017133229007581833,-0.001685103870405758,1.4109515176212596e-05,False,"pointwise paired, finite-window; not joint with primary family"
R64_H1024_alpha1_4_L100_zero_base,R64_H1024_alpha1_4,64,1024,1/4,100,zero,base,LAGRANGIAN_FC,MYOPIC_K,32,-26.568483781814574,0.1905035697993379,-26.95701837400684,-26.17994918962231,0.3885345921922664,False,-26.450367900512813,0.03728583951535162,-26.526412871564553,-26.374322929461073,0.07604497105173816,False,-26.568483781814574,0.19050356979933797,-26.95701837400684,-26.17994918962231,0.3885345921922665,False,0.00020009100437164314,7.626001283969804e-07,0.00019853567115555386,0.0002016463375877324,1.5553332160892688e-06,False,"pointwise paired, finite-window; not joint with primary family"
R64_H1024_alpha1_2_L100_zero_base,R64_H1024_alpha1_2,64,1024,1/2,100,zero,base,WHITTLE_K,WHITTLE_P,32,-0.223206815719604,0.031125082550320957,-0.2866868401011818,-0.1597267913380262,0.06348002438157781,False,-0.2274486916192544,0.006466145526352227,-0.24063648236660576,-0.21426090087190305,0.013187790747351347,False,-0.22320681571960452,0.031125082550321006,-0.2866868401011824,-0.1597267913380266,0.0634800243815779,False,0.004504066407680512,1.520930065677263e-05,0.0044730468344807385,0.004535085980880285,3.10195731997735e-05,False,"pointwise paired, finite-window; not joint with primary family"
R64_H1024_alpha1_2_L100_zero_base,R64_H1024_alpha1_2,64,1024,1/2,100,zero,base,WHITTLE_K,LAGRANGIAN_K,32,-0.371200189590454,0.01637918991684918,-0.40460576766694833,-0.3377946115139596,0.033405578076494365,False,-0.37397213692186965,0.006281074865350631,-0.3867824735675748,-0.3611618002761645,0.01281033664570512,False,-0.3712001895904541,0.016379189916849172,-0.40460576766694845,-0.33779461151395973,0.03340557807649435,False,0.028084038645029064,0.0004377567849401166,0.027191227795892434,0.028976849494165693,0.0008928108491366285,False,"pointwise paired, finite-window; not joint with primary family"
R64_H1024_alpha1_2_L100_zero_base,R64_H1024_alpha1_2,64,1024,1/2,100,zero,base,WHITTLE_K,LAGRANGIAN_NI,32,-0.008027873039245348,0.014574578161230395,-0.03775292117463018,0.02169717509613948,0.02972504813538483,False,-0.007535836897774678,0.003279912665838396,-0.014225262882757977,-0.0008464109127913804,0.006689425984983298,False,-0.008027873039245632,0.014574578161230436,-0.03775292117463054,0.02169717509613928,0.029725048135384912,False,0.0008088384568691251,1.5077376266711309e-05,0.0007780879452367893,0.0008395889685014608,3.075051163233579e-05,False,"pointwise paired, finite-window; not joint with primary family"
R64_H1024_alpha1_2_L100_zero_base,R64_H1024_alpha1_2,64,1024,1/2,100,zero,base,WHITTLE_K,LAGRANGIAN_FC,32,0.006355080604553531,0.03762392780458704,-0.07037942605914943,0.08308958726825649,0.07673450666370296,False,0.014234264791871412,0.005737159948978861,0.0025332499318020934,0.02593527965194073,0.011701014860069319,False,0.006355080604553195,0.03762392780458696,-0.0703794260591496,0.083089587268256,0.0767345066637028,False,-0.0009804850816726666,4.136236621551285e-06,-0.0009889209918797976,-0.0009720491714655355,8.435910207131096e-06,False,"pointwise paired, finite-window; not joint with primary family"
R64_H1024_alpha1_2_L100_zero_base,R64_H1024_alpha1_2,64,1024,1/2,100,zero,base,WHITTLE_K,MYOPIC_K,32,-21.314432258605958,0.13816493906383787,-21.596221509647197,-21.03264300756472,0.2817892510412377,False,-21.473935169680257,0.06361327847923515,-21.603675306508016,-21.344195032852497,0.12974013682775934,False,-21.314432258605958,0.1381649390638379,-21.596221509647197,-21.03264300756472,0.28178925104123775,False,-0.0004890663921833082,4.7077708020568425e-06,-0.0004986679540366555,-0.00047946483032996085,9.601561853347334e-06,False,"pointwise paired, finite-window; not joint with primary family"
R64_H1024_alpha1_2_L100_zero_base,R64_H1024_alpha1_2,64,1024,1/2,100,zero,base,WHITTLE_P,LAGRANGIAN_K,32,-0.14799337387085,0.031133956000655584,-0.2114914957737012,-0.08449525196799879,0.0634981219028512,False,-0.14652344530261524,0.010384979958070412,-0.16770375156765704,-0.12534313903757344,0.02118030626504181,False,-0.14799337387084957,0.03113395600065564,-0.21149149577370088,-0.08449525196799826,0.06349812190285131,False,0.023579972237348555,0.0004428558184641116,0.022676761840776112,0.024483182633920998,0.0009032103965724424,False,"pointwise paired, finite-window; not joint with primary family"
R64_H1024_alpha1_2_L100_zero_base,R64_H1024_alpha1_2,64,1024,1/2,100,zero,base,WHITTLE_P,LAGRANGIAN_NI,32,0.21517894268035864,0.0319246287866787,0.15006823299871358,0.2802896523620037,0.06511070968164505,False,0.21991285472147973,0.007498659440380414,0.2046192379628765,0.23520647148008295,0.01529361675860322,False,0.2151789426803589,0.031924628786678746,0.15006823299871375,0.28028965236200404,0.06511070968164516,False,-0.003695227950811387,2.421082695165481e-05,-0.0037446062579276633,-0.0036458496436951103,4.937830711627655e-05,False,"pointwise paired, finite-window; not joint with primary family"
R64_H1024_alpha1_2_L100_zero_base,R64_H1024_alpha1_2,64,1024,1/2,100,zero,base,WHITTLE_P,LAGRANGIAN_FC,32,0.22956189632415752,0.04743452311294484,0.1328185486119053,0.3263052440364097,0.09674334771225221,False,0.2416829564111258,0.008598193388864712,0.22414682537981953,0.2592190874424321,0.01753613103130628,False,0.22956189632415772,0.047434523112944785,0.13281854861190562,0.3263052440364098,0.0967433477122521,False,-0.0054845514893531785,1.5090232073683048e-05,-0.005515328220576697,-0.0054537747581296595,3.077673122351893e-05,False,"pointwise paired, finite-window; not joint with primary family"
R64_H1024_alpha1_2_L100_zero_base,R64_H1024_alpha1_2,64,1024,1/2,100,zero,base,WHITTLE_P,MYOPIC_K,32,-21.091225442886355,0.13337682964309341,-21.36324928038117,-20.81920160539154,0.27202383749481207,False,-21.246486478061,0.060846145731864594,-21.370583010442534,-21.12238994567947,0.12409653238153326,False,-21.09122544288635,0.13337682964309344,-21.363249280381165,-20.819201605391537,0.2720238374948121,False,-0.00499313279986382,1.5499255703945416e-05,-0.005024743740281153,-0.004961521859446487,3.1610940417332905e-05,False,"pointwise paired, finite-window; not joint with primary family"
R64_H1024_alpha1_2_L100_zero_base,R64_H1024_alpha1_2,64,1024,1/2,100,zero,base,LAGRANGIAN_K,LAGRANGIAN_NI,32,0.36317231655120863,0.0073582676172779604,0.34816503080358696,0.3781796022988303,0.01500728574762166,False,0.36643630002409494,0.004920070674474336,0.3564017497262839,0.37647085032190597,0.010034550297811053,False,0.36317231655120846,0.007358267617278025,0.3481650308035867,0.37817960229883024,0.015007285747621791,False,-0.02727520018815994,0.00042296851101622,-0.028137850153779786,-0.02641255022254009,0.0008626499656198479,False,"pointwise paired, finite-window; not joint with primary family"
R64_H1024_alpha1_2_L100_zero_base,R64_H1024_alpha1_2,64,1024,1/2,100,zero,base,LAGRANGIAN_K,LAGRANGIAN_FC,32,0.3775552701950075,0.03911501173440492,0.2977796778067354,0.4573308625832796,0.07977559238827212,False,0.38820640171374104,0.006307771990367588,0.3753416159225837,0.4010711875048984,0.01286478579115733,False,0.3775552701950073,0.039115011734404966,0.2977796778067351,0.4573308625832795,0.07977559238827221,False,-0.029064523726701732,0.0004386418566101211,-0.02995913969141036,-0.028169907761993105,0.0008946159647086272,False,"pointwise paired, finite-window; not joint with primary family"
R64_H1024_alpha1_2_L100_zero_base,R64_H1024_alpha1_2,64,1024,1/2,100,zero,base,LAGRANGIAN_K,MYOPIC_K,32,-20.943232069015504,0.14430144827210312,-21.237536813100935,-20.648927324930074,0.29430474408543006,False,-21.099963032758385,0.06723604843292076,-21.237091857619887,-20.962834207896883,0.13712882486150205,False,-20.9432320690155,0.14430144827210326,-21.23753681310093,-20.64892732493007,0.29430474408543034,False,-0.028573105037212373,0.0004378761420237097,-0.02946615931672591,-0.027680050757698835,0.0008930542795135393,False,"pointwise paired, finite-window; not joint with primary family"
R64_H1024_alpha1_2_L100_zero_base,R64_H1024_alpha1_2,64,1024,1/2,100,zero,base,LAGRANGIAN_NI,LAGRANGIAN_FC,32,0.01438295364379888,0.03782825147684054,-0.06276827389688219,0.09153418118447995,0.07715122754068107,False,0.02177010168964609,0.004188352958088241,0.013227899513370951,0.03031230386592123,0.008542202176275139,False,0.014382953643798827,0.03782825147684047,-0.0627682738968821,0.09153418118447974,0.07715122754068092,False,-0.0017893235385417917,1.629482239509581e-05,-0.001822557047923231,-0.0017560900291603524,3.323350938143923e-05,False,"pointwise paired, finite-window; not joint with primary family"
R64_H1024_alpha1_2_L100_zero_base,R64_H1024_alpha1_2,64,1024,1/2,100,zero,base,LAGRANGIAN_NI,MYOPIC_K,32,-21.30640438556671,0.14094363959994682,-21.593860833714853,-21.01894793741857,0.2874564481481408,False,-21.466399332782483,0.06375765344819259,-21.596433924300754,-21.336364741264212,0.1300345915182711,False,-21.30640438556671,0.14094363959994688,-21.593860833714853,-21.01894793741857,0.2874564481481409,False,-0.0012979048490524333,1.5736261348031744e-05,-0.0013299991656677522,-0.0012658105324371144,3.209431661531881e-05,False,"pointwise paired, finite-window; not joint with primary family"
R64_H1024_alpha1_2_L100_zero_base,R64_H1024_alpha1_2,64,1024,1/2,100,zero,base,LAGRANGIAN_FC,MYOPIC_K,32,-21.32078733921051,0.13749719063046179,-21.60121470834307,-21.040359970077954,0.28042736913255706,False,-21.488169434472127,0.0629865928649537,-21.616631437562894,-21.35970743138136,0.12846200309076913,False,-21.32078733921051,0.13749719063046179,-21.60121470834307,-21.040359970077954,0.28042736913255706,False,0.0004914186894893584,1.592717771754113e-06,0.00048817032017755137,0.0004946670588011654,3.248369311807039e-06,False,"pointwise paired, finite-window; not joint with primary family"
R64_H1024_alpha4_5_L100_zero_base,R64_H1024_alpha4_5,64,1024,4/5,100,zero,base,WHITTLE_K,WHITTLE_P,32,-0.01957498073577879,0.002269148014560414,-0.024202938623338468,-0.014947022848219114,0.004627957887559677,False,-0.018671914244568905,0.000607911513154814,-0.019911757949867336,-0.017432070539270473,0.0012398437052984301,False,-0.01957498073577881,0.0022691480145604517,-0.024202938623338565,-0.014947022848219058,0.004627957887559754,False,0.003768600672483448,8.932497561919985e-06,0.003750382723596009,0.0037868186213708866,1.821794888743894e-05,False,"pointwise paired, finite-window; not joint with primary family"
R64_H1024_alpha4_5_L100_zero_base,R64_H1024_alpha4_5,64,1024,4/5,100,zero,base,WHITTLE_K,LAGRANGIAN_K,32,-0.08094412803649914,0.0015614833182448894,-0.08412879426038328,-0.077759461812615,0.003184666223884134,False,-0.08002633059635825,0.0008005538575093933,-0.08165907095331316,-0.07839359023940333,0.001632740356954922,False,-0.08094412803649902,0.0015614833182449094,-0.0841287942603832,-0.07775946181261484,0.0031846662238841747,False,0.03631912887096406,0.0003373049792240421,0.03563119083030016,0.03700706691162795,0.0006879380406638949,False,"pointwise paired, finite-window; not joint with primary family"
R64_H1024_alpha4_5_L100_zero_base,R64_H1024_alpha4_5,64,1024,4/5,100,zero,base,WHITTLE_K,LAGRANGIAN_NI,32,-0.0017929315567017934,0.001424899627640235,-0.004699033507039287,0.001113170393635701,0.0029061019503374944,False,-0.0010966715884856582,0.0004942211151419375,-0.0021046421983106673,-8.87009786606492e-05,0.001007970609825009,False,-0.001792931556701663,0.0014248996276402385,-0.004699033507039164,0.0011131703936358382,0.0029061019503375013,False,0.0007539206743240462,1.109639503637377e-05,0.0007312894274408355,0.0007765519212072569,2.2631246883210667e-05,False,"pointwise paired, finite-window; not joint with primary family"
R64_H1024_alpha4_5_L100_zero_base,R64_H1024_alpha4_5,64,1024,4/5,100,zero,base,WHITTLE_K,LAGRANGIAN_FC,32,0.0011893796920776634,0.0015079131438992535,-0.0018860294409027462,0.0042647888250580725,0.0030754091329804095,False,0.0015618246156583835,0.0004885263889547187,0.0005654684764657531,0.002558180754851014,0.0009963561391926304,False,0.0011893796920776395,0.0015079131438992567,-0.0018860294409027765,0.004264788825058055,0.003075409132980416,False,-0.001417268067598336,4.985428392936556e-06,-0.0014274359158417765,-0.0014071002193548955,1.0167848243440543e-05,False,"pointwise paired, finite-window; not joint with primary family"
R64_H1024_alpha4_5_L100_zero_base,R64_H1024_alpha4_5,64,1024,4/5,100,zero,base,WHITTLE_K,MYOPIC_K,32,-9.213703870773315,0.0747275274587229,-9.366111667841338,-9.061296073705293,0.15240779706802215,False,-9.209880991707974,0.04794074115181198,-9.307656777917305,-9.112105205498644,0.09777578620933017,False,-9.213703870773315,0.07472752745872288,-9.366111667841338,-9.061296073705293,0.15240779706802213,False,-0.004937487691640843,8.823762957469507e-05,-0.005117449523636579,-0.004757525859645106,0.00017996183199573597,False,"pointwise paired, finite-window; not joint with primary family"
R64_H1024_alpha4_5_L100_zero_base,R64_H1024_alpha4_5,64,1024,4/5,100,zero,base,WHITTLE_P,LAGRANGIAN_K,32,-0.06136914730072035,0.002799501137666284,-0.06707876751419278,-0.055659527087247924,0.005709620213472428,False,-0.06135441635178935,0.0011088743668391425,-0.06361598053332208,-0.059092852170256616,0.002261564181532735,False,-0.061369147300720205,0.002799501137666306,-0.06707876751419267,-0.05565952708724773,0.0057096202134724735,False,0.032550528198480616,0.0003423160481747046,0.03185237001531103,0.033248686381650204,0.0006981581831695907,False,"pointwise paired, finite-window; not joint with primary family"
R64_H1024_alpha4_5_L100_zero_base,R64_H1024_alpha4_5,64,1024,4/5,100,zero,base,WHITTLE_P,LAGRANGIAN_NI,32,0.017782049179076997,0.002665372510005093,0.012345986105266264,0.02321811225288773,0.005436063073810732,False,0.017575242656083245,0.0007478964533929995,0.01604989778287604,0.01910058752929045,0.0015253448732072072,False,0.017782049179077147,0.0026653725100051237,0.012345986105266351,0.023218112252887942,0.005436063073810795,False,-0.0030146799981594016,1.5186983363271706e-05,-0.0030456540549389927,-0.0029837059413798106,3.097405677959119e-05,False,"pointwise paired, finite-window; not joint with primary family"
R64_H1024_alpha4_5_L100_zero_base,R64_H1024_alpha4_5,64,1024,4/5,100,zero,base,WHITTLE_P,LAGRANGIAN_FC,32,0.020764360427856454,0.0027848250976029907,0.015084672195432965,0.026444048660279943,0.00567968823242349,False,0.020233738860227286,0.0007531728114969562,0.018697632783719057,0.021769844936735516,0.0015361060765082294,False,0.02076436042785645,0.002784825097603027,0.015084672195432887,0.026444048660280016,0.0056796882324235635,False,-0.005185868740081784,1.0509294696405837e-05,-0.0052073025879272455,-0.005164434892236322,2.1433847845462162e-05,False,"pointwise paired, finite-window; not joint with primary family"
R64_H1024_alpha4_5_L100_zero_base,R64_H1024_alpha4_5,64,1024,4/5,100,zero,base,WHITTLE_P,MYOPIC_K,32,-9.194128890037536,0.07450530516910649,-9.346083461757797,-9.042174318317276,0.1519545717202605,False,-9.191209077463405,0.04772006088632824,-9.288534783303927,-9.093883371622884,0.09732570584052175,False,-9.194128890037536,0.07450530516910643,-9.346083461757797,-9.042174318317276,0.1519545717202604,False,-0.00870608836412429,8.231883351533624e-05,-0.008873978731970485,-0.008538197996278096,0.00016789036784619558,False,"pointwise paired, finite-window; not joint with primary family"
R64_H1024_alpha4_5_L100_zero_base,R64_H1024_alpha4_5,64,1024,4/5,100,zero,base,LAGRANGIAN_K,LAGRANGIAN_NI,32,0.07915119647979735,0.0006573376833419753,0.07781054743579832,0.08049184552379637,0.0013406490439990227,False,0.07892965900787259,0.0006765082746546492,0.077549911285116,0.08030940673062918,0.0013797477227565915,False,0.07915119647979735,0.000657337683341972,0.07781054743579834,0.08049184552379636,0.0013406490439990162,False,-0.03556520819664001,0.00032834414510918584,-0.03623487049563573,-0.03489554589764429,0.000669662298995718,False,"pointwise paired, finite-window; not joint with primary family"
R64_H1024_alpha4_5_L100_zero_base,R64_H1024_alpha4_5,64,1024,4/5,100,zero,base,LAGRANGIAN_K,LAGRANGIAN_FC,32,0.0821335077285768,0.0007464498685972677,0.08061111318451185,0.08365590227264176,0.0015223945440649596,False,0.08158815521201664,0.0006765549314227284,0.08020831233215418,0.08296799809187909,0.0013798428798624544,False,0.08213350772857665,0.000746449868597219,0.08061111318451179,0.08365590227264151,0.0015223945440648603,False,-0.0377363969385624,0.00033677589751856325,-0.03842325590997373,-0.03704953796715107,0.0006868589714113285,False,"pointwise paired, finite-window; not joint with primary family"
R64_H1024_alpha4_5_L100_zero_base,R64_H1024_alpha4_5,64,1024,4/5,100,zero,base,LAGRANGIAN_K,MYOPIC_K,32,-9.132759742736816,0.07518051640488407,-9.286091416851603,-8.97942806862203,0.15333167411478682,False,-9.129854661111617,0.048494832139151796,-9.228760523340153,-9.030948798883081,0.09890586222853678,False,-9.132759742736816,0.07518051640488405,-9.286091416851603,-8.97942806862203,0.15333167411478676,False,-0.0412566165626049,0.0004110289076513828,-0.042094915546617526,-0.04041831757859228,0.0008382989840126227,False,"pointwise paired, finite-window; not joint with primary family"
R64_H1024_alpha4_5_L100_zero_base,R64_H1024_alpha4_5,64,1024,4/5,100,zero,base,LAGRANGIAN_NI,LAGRANGIAN_FC,32,0.0029823112487794567,0.00037793295089300365,0.0022115119135969023,0.003753110583962011,0.0007707993351825543,False,0.0026584962041440417,5.625307103751432e-05,0.002543767309361939,0.0027732250989261444,0.00011472889478210281,False,0.0029823112487793024,0.00037793295089300283,0.0022115119135967497,0.003753110583961855,0.0007707993351825527,False,-0.002171188741922382,1.0880130344648014e-05,-0.0021933789140588375,-0.002148998569785927,2.2190172136455212e-05,False,"pointwise paired, finite-window; not joint with primary family"
R64_H1024_alpha4_5_L100_zero_base,R64_H1024_alpha4_5,64,1024,4/5,100,zero,base,LAGRANGIAN_NI,MYOPIC_K,32,-9.211910939216613,0.07500922449142834,-9.364893261170648,-9.058928617262579,0.15298232195403488,False,-9.20878432011949,0.04798089971210098,-9.306642010252517,-9.110926629986462,0.0978576901330275,False,-9.211910939216613,0.07500922449142823,-9.364893261170648,-9.058928617262579,0.15298232195403466,False,-0.005691408365964889,9.390767082053139e-05,-0.00588293432332313,-0.005499882408606648,0.00019152595735824138,False,"pointwise paired, finite-window; not joint with primary family"
R64_H1024_alpha4_5_L100_zero_base,R64_H1024_alpha4_5,64,1024,4/5,100,zero,base,LAGRANGIAN_FC,MYOPIC_K,32,-9.214893250465394,0.0750570936895995,-9.367973202292767,-9.061813298638022,0.15307995182737316,False,-9.211442816323633,0.04797441453601269,-9.309287279852827,-9.113598352794439,0.09784446352919318,False,-9.214893250465392,0.07505709368959945,-9.367973202292765,-9.06181329863802,0.15307995182737308,False,-0.0035202196240425067,8.825530757483058e-05,-0.0037002175105572245,-0.003340221737527789,0.00017999788651471775,False,"pointwise paired, finite-window; not joint with primary family"
R16_H2048_alpha1_2_L100_cap_base,R16_H2048_alpha1_2,16,2048,1/2,100,cap,base,WHITTLE_K,WHITTLE_P,32,-0.0694723510742187,0.0085258166315677,-0.08686086873581116,-0.05208383341262625,0.017388517661592454,False,-0.06956795674314971,0.001417532503427514,-0.07245903334459408,-0.06667688014170534,0.0028910766014443776,False,-0.06947235107421874,0.008525816631567696,-0.0868608687358112,-0.0520838334126263,0.017388517661592447,False,0.004418215155601502,1.1983364978069238e-05,0.0043937749215956536,0.00444265538960735,2.444023400584801e-05,False,"pointwise paired, finite-window; not joint with primary family"
R16_H2048_alpha1_2_L100_cap_base,R16_H2048_alpha1_2,16,2048,1/2,100,cap,base,WHITTLE_K,LAGRANGIAN_K,32,-0.34157831192016597,0.00898403743814973,-0.3599013770782011,-0.32325524676213085,0.018323065158035116,False,-0.3394161371016139,0.005315085017620597,-0.3502563244637912,-0.3285759497394366,0.010840187362177296,False,-0.341578311920166,0.008984037438149727,-0.35990137707820113,-0.3232552467621309,0.01832306515803511,False,0.029229007959365845,0.000586399618279654,0.02803303805292277,0.03042497786580892,0.0011959699064430752,False,"pointwise paired, finite-window; not joint with primary family"
R16_H2048_alpha1_2_L100_cap_base,R16_H2048_alpha1_2,16,2048,1/2,100,cap,base,WHITTLE_K,LAGRANGIAN_NI,32,-0.007159614562988248,0.0049064882231768725,-0.0171664632687431,0.0028472341427666047,0.010006848705754853,False,-0.004523633993745949,0.0007662379208755088,-0.006086386536510377,-0.002960881450981522,0.0015627525427644273,False,-0.0071596145629882835,0.004906488223176863,-0.017166463268743118,0.00284723414276655,0.010006848705754834,False,0.0003794986009597826,8.328593033420276e-06,0.0003625123234785585,0.00039648487844100674,1.69862774812241e-05,False,"pointwise paired, finite-window; not joint with primary family"
R16_H2048_alpha1_2_L100_cap_base,R16_H2048_alpha1_2,16,2048,1/2,100,cap,base,WHITTLE_K,LAGRANGIAN_FC,32,0.0018202781677245927,0.009202856528102321,-0.016949071466597056,0.02058962780204624,0.01876934963432165,False,0.002060425805253535,0.0013661283528951253,-0.0007258113399794507,0.004846662950486521,0.002786237145232986,False,0.0018202781677246042,0.009202856528102326,-0.016949071466597056,0.020589627802046262,0.01876934963432166,False,-0.0012278401851654065,3.331236424100093e-06,-0.0012346342866454841,-0.0012210460836853288,6.794101480077627e-06,False,"pointwise paired, finite-window; not joint with primary family"
R16_H2048_alpha1_2_L100_cap_base,R16_H2048_alpha1_2,16,2048,1/2,100,cap,base,WHITTLE_K,MYOPIC_K,32,-4.563495540618897,0.03629258901046598,-4.63751476391028,-4.489476317327513,0.07401922329138388,False,-4.54925008994563,0.013000231475151657,-4.575764236845468,-4.5227359430457925,0.026514146899837616,False,-4.563495540618897,0.036292589010466,-4.637514763910281,-4.4894763173275125,0.07401922329138393,False,-0.0006995719671249352,4.3508896214145266e-06,-0.0007084456650115967,-0.0006906982692382737,8.873697886661505e-06,False,"pointwise paired, finite-window; not joint with primary family"
R16_H2048_alpha1_2_L100_cap_base,R16_H2048_alpha1_2,16,2048,1/2,100,cap,base,WHITTLE_P,LAGRANGIAN_K,32,-0.2721059608459473,0.010804323742219237,-0.29414152439742336,-0.2500703972944712,0.022035563551476095,False,-0.2698481803584642,0.0060099277859935645,-0.28210550888986946,-0.25759085182705893,0.01225732853140527,False,-0.27210596084594724,0.010804323742219249,-0.29414152439742336,-0.2500703972944711,0.02203556355147612,False,0.024810792803764345,0.0005912302060343555,0.02360497084864156,0.02601661475888713,0.0012058219551227868,False,"pointwise paired, finite-window; not joint with primary family"
R16_H2048_alpha1_2_L100_cap_base,R16_H2048_alpha1_2,16,2048,1/2,100,cap,base,WHITTLE_P,LAGRANGIAN_NI,32,0.062312736511230454,0.006777512125485471,0.04848990939818813,0.07613556362427278,0.01382282711304232,False,0.06504432274940376,0.0012096616367825955,0.06257720157559576,0.06751144392321176,0.0024671211738079915,False,0.06231273651123047,0.006777512125485467,0.04848990939818816,0.07613556362427278,0.013822827113042311,False,-0.004038716554641719,1.6171392116363686e-05,-0.0040716983263099915,-0.004005734782973447,3.2981771668272604e-05,False,"pointwise paired, finite-window; not joint with primary family"
R16_H2048_alpha1_2_L100_cap_base,R16_H2048_alpha1_2,16,2048,1/2,100,cap,base,WHITTLE_P,LAGRANGIAN_FC,32,0.0712926292419433,0.011252227270594814,0.048343560421656814,0.09424169806222978,0.022949068820286477,False,0.07162838254840324,0.0019222385148099665,0.06770795125026725,0.07554881384653923,0.0039204312981359875,False,0.07129262924194335,0.011252227270594833,0.04834356042165683,0.09424169806222987,0.02294906882028652,False,-0.005646055340766908,1.1334008079918508e-05,-0.005669171202647468,-0.0056229394788863485,2.311586188055933e-05,False,"pointwise paired, finite-window; not joint with primary family"
R16_H2048_alpha1_2_L100_cap_base,R16_H2048_alpha1_2,16,2048,1/2,100,cap,base,WHITTLE_P,MYOPIC_K,32,-4.494023189544678,0.036384217285664974,-4.568229289935401,-4.419817089153955,0.07420610039072234,False,-4.4796821332024805,0.012430562232500416,-4.505034432021932,-4.454329834383029,0.025352298819451953,False,-4.494023189544678,0.036384217285664995,-4.568229289935401,-4.419817089153955,0.07420610039072238,False,-0.005117787122726437,1.13128496157392e-05,-0.005140859831634798,-0.005094714413818076,2.3072708908360537e-05,False,"pointwise paired, finite-window; not joint with primary family"
R16_H2048_alpha1_2_L100_cap_base,R16_H2048_alpha1_2,16,2048,1/2,100,cap,base,LAGRANGIAN_K,LAGRANGIAN_NI,32,0.3344186973571778,0.008132991291514383,0.3178313522587093,0.35100604245564626,0.016587345098468473,False,0.33489250310786794,0.005629813159121077,0.32341042346914106,0.34637458274659483,0.01148207963872688,False,0.3344186973571777,0.008132991291514386,0.31783135225870923,0.3510060424556462,0.01658734509846848,False,-0.028849509358406064,0.0005798934170987418,-0.030032209780055708,-0.02766680893675642,0.0011827004216496447,False,"pointwise paired, finite-window; not joint with primary family"
R16_H2048_alpha1_2_L100_cap_base,R16_H2048_alpha1_2,16,2048,1/2,100,cap,base,LAGRANGIAN_K,LAGRANGIAN_FC,32,0.3433985900878906,0.013460723835003905,0.3159452628281715,0.3708519173476097,0.027453327259719093,False,0.34147656290686745,0.0057821554377894295,0.3296837791423418,0.3532693466713931,0.011792783764525652,False,0.3433985900878906,0.013460723835003905,0.3159452628281715,0.3708519173476097,0.027453327259719093,False,-0.030456848144531253,0.0005867024207704041,-0.03165343562072582,-0.02926026066833669,0.0011965874761945626,False,"pointwise paired, finite-window; not joint with primary family"
R16_H2048_alpha1_2_L100_cap_base,R16_H2048_alpha1_2,16,2048,1/2,100,cap,base,LAGRANGIAN_K,MYOPIC_K,32,-4.2219172286987305,0.0349596345269437,-4.293217873397536,-4.150616583999925,0.07130064469880582,False,-4.209833952844017,0.01737871608205669,-4.2452780779744765,-4.174389827713557,0.03544412513046012,False,-4.2219172286987305,0.03495963452694373,-4.293217873397537,-4.150616583999924,0.07130064469880587,False,-0.029928579926490784,0.0005861239900427729,-0.031123987685438535,-0.028733172167543033,0.0011954077589477498,False,"pointwise paired, finite-window; not joint with primary family"
R16_H2048_alpha1_2_L100_cap_base,R16_H2048_alpha1_2,16,2048,1/2,100,cap,base,LAGRANGIAN_NI,LAGRANGIAN_FC,32,0.00897989273071284,0.008347180309424973,-0.008044293749854721,0.026004079211280402,0.01702418648056756,False,0.006584059798999484,0.0015412881183406641,0.0034405819568726816,0.009727537641126287,0.0031434778421268027,False,0.008979892730712888,0.008347180309424981,-0.008044293749854691,0.026004079211280465,0.01702418648056758,False,-0.001607338786125189,9.30018343733792e-06,-0.001626306635299593,-0.0015883709369507852,1.8967849174403856e-05,False,"pointwise paired, finite-window; not joint with primary family"
R16_H2048_alpha1_2_L100_cap_base,R16_H2048_alpha1_2,16,2048,1/2,100,cap,base,LAGRANGIAN_NI,MYOPIC_K,32,-4.556335926055908,0.03575056730001572,-4.62924968878059,-4.483422163331227,0.0729137627246818,False,-4.544726455951885,0.01271908983111821,-4.570667210688375,-4.518785701215395,0.02594075473648941,False,-4.556335926055908,0.035750567300015725,-4.62924968878059,-4.483422163331227,0.07291376272468181,False,-0.0010790705680847178,9.679113233696455e-06,-0.0010988112496740352,-0.0010593298864954004,1.9740681589317342e-05,False,"pointwise paired, finite-window; not joint with primary family"
R16_H2048_alpha1_2_L100_cap_base,R16_H2048_alpha1_2,16,2048,1/2,100,cap,base,LAGRANGIAN_FC,MYOPIC_K,32,-4.565315818786621,0.037462853088367436,-4.6417218114007195,-4.488909826172522,0.0764059926140986,False,-4.551310515750884,0.012828119522875834,-4.577473638009769,-4.525147393491999,0.02616312225888554,False,-4.565315818786621,0.03746285308836743,-4.6417218114007195,-4.488909826172522,0.07640599261409858,False,0.0005282682180404712,2.571155899665949e-06,0.0005230243110103211,0.0005335121250706214,5.243907030150157e-06,False,"pointwise paired, finite-window; not joint with primary family"
R64_H2048_alpha1_2_L100_cap_base,R64_H2048_alpha1_2,64,2048,1/2,100,cap,base,WHITTLE_K,WHITTLE_P,32,-0.22338885784149165,0.031160110413135322,-0.28694032202027786,-0.15983739366270544,0.06355146417878622,False,-0.22766989646648517,0.00649340560355239,-0.24091328450783606,-0.21442650842513428,0.013243388041350885,False,-0.2233888578414917,0.031160110413135354,-0.28694032202027797,-0.1598373936627054,0.0635514641787863,False,0.004504158496856691,1.5235212891129425e-05,0.00447308607530652,0.004535230918406861,3.107242155017036e-05,False,"pointwise paired, finite-window; not joint with primary family"
R64_H2048_alpha1_2_L100_cap_base,R64_H2048_alpha1_2,64,2048,1/2,100,cap,base,WHITTLE_K,LAGRANGIAN_K,32,-0.37129621028900156,0.016394916599496014,-0.40473386314622134,-0.3378585574317818,0.0334376528572198,False,-0.3739756883561459,0.006281903518837631,-0.38678771505178017,-0.36116366166051167,0.012812026695634261,False,-0.3712962102890015,0.016394916599495973,-0.40473386314622123,-0.3378585574317818,0.03343765285721971,False,0.028084021210670468,0.0004377619475830913,0.027191199832254074,0.028976842589086862,0.0008928213784163944,False,"pointwise paired, finite-window; not joint with primary family"
R64_H2048_alpha1_2_L100_cap_base,R64_H2048_alpha1_2,64,2048,1/2,100,cap,base,WHITTLE_K,LAGRANGIAN_NI,32,-0.008121757507324023,0.014589752735861381,-0.03787775439171209,0.02163423937706405,0.029755996884388073,False,-0.00752935587992503,0.003280546689283559,-0.014220074964250068,-0.0008386367955999915,0.006690719084325039,False,-0.008121757507324245,0.014589752735861388,-0.03787775439171233,0.02163423937706384,0.029755996884388087,False,0.0008088849484920498,1.5079862969468364e-05,0.0007781293651960039,0.0008396405317880958,3.0755583296046e-05,False,"pointwise paired, finite-window; not joint with primary family"
R64_H2048_alpha1_2_L100_cap_base,R64_H2048_alpha1_2,64,2048,1/2,100,cap,base,WHITTLE_K,LAGRANGIAN_FC,32,0.006212458610534877,0.03763011597197747,-0.07053466890376942,0.08295958612483917,0.07674712751430429,False,0.014246875847380887,0.0057384256121927775,0.002543279650168177,0.025950472044593595,0.01170359619721271,False,0.006212458610534679,0.03763011597197747,-0.07053466890376961,0.08295958612483897,0.07674712751430429,False,-0.0009804385900497418,4.134328937699494e-06,-0.0009888706095100058,-0.000972006570589478,8.432019460263895e-06,False,"pointwise paired, finite-window; not joint with primary family"
R64_H2048_alpha1_2_L100_cap_base,R64_H2048_alpha1_2,64,2048,1/2,100,cap,base,WHITTLE_K,MYOPIC_K,32,-21.331813960075376,0.13797506873357923,-21.613215968024978,-21.050411952125774,0.28140200794960346,False,-21.489406652744574,0.06370137284772368,-21.619326459221416,-21.359486846267732,0.12991980647684348,False,-21.33181396007538,0.13797506873357923,-21.61321596802498,-21.050411952125778,0.28140200794960346,False,-0.0004890199005603835,4.707665363047713e-06,-0.0004986212473694539,-0.00047941855375131304,9.60134680907044e-06,False,"pointwise paired, finite-window; not joint with primary family"
R64_H2048_alpha1_2_L100_cap_base,R64_H2048_alpha1_2,64,2048,1/2,100,cap,base,WHITTLE_P,LAGRANGIAN_K,32,-0.1479073524475099,0.031215290561382742,-0.2115713572806209,-0.08424334761439892,0.063664004833111,False,-0.14630579188966075,0.010418951056382157,-0.16755538266649822,-0.12505620111282328,0.02124959077683747,False,-0.1479073524475098,0.031215290561382784,-0.21157135728062088,-0.08424334761439872,0.06366400483311108,False,0.02357986271381378,0.000442808754496155,0.022676748304836826,0.024482977122790732,0.0009031144089769541,False,"pointwise paired, finite-window; not joint with primary family"
R64_H2048_alpha1_2_L100_cap_base,R64_H2048_alpha1_2,64,2048,1/2,100,cap,base,WHITTLE_P,LAGRANGIAN_NI,32,0.21526710033416763,0.03200991414653622,0.1499824500143124,0.2805517506540228,0.06528465031985523,False,0.22014054058656013,0.007525513531174677,0.20479215454869126,0.235488926624429,0.01534838603786887,False,0.21526710033416746,0.032009914146536235,0.1499824500143122,0.2805517506540227,0.06528465031985525,False,-0.003695273548364641,2.4202216316403124e-05,-0.0037446342939745393,-0.0036459128027547423,4.936074560989872e-05,False,"pointwise paired, finite-window; not joint with primary family"
R64_H2048_alpha1_2_L100_cap_base,R64_H2048_alpha1_2,64,2048,1/2,100,cap,base,WHITTLE_P,LAGRANGIAN_FC,32,0.22960131645202653,0.047531869939270346,0.13265942857851942,0.32654320432553363,0.0969418878735071,False,0.24191677231386605,0.00862563375057098,0.22432467629588584,0.2595088683318462,0.017592096017980195,False,0.2296013164520264,0.047531869939270395,0.1326594285785192,0.3265432043255336,0.0969418878735072,False,-0.0054845970869064325,1.50804031488836e-05,-0.005515353771905659,-0.005453840401907206,3.075668499922684e-05,False,"pointwise paired, finite-window; not joint with primary family"
R64_H2048_alpha1_2_L100_cap_base,R64_H2048_alpha1_2,64,2048,1/2,100,cap,base,WHITTLE_P,MYOPIC_K,32,-21.108425102233888,0.13338279447772472,-21.380461105089136,-20.83638909937864,0.27203600285524815,False,-21.26173675627809,0.0609152426064563,-21.385974212664458,-21.137499299891722,0.12423745638636702,False,-21.108425102233888,0.13338279447772472,-21.380461105089136,-20.83638909937864,0.27203600285524815,False,-0.004993178397417074,1.5481050788568053e-05,-0.005024752208664704,-0.004961604586169444,3.157381124763026e-05,False,"pointwise paired, finite-window; not joint with primary family"
R64_H2048_alpha1_2_L100_cap_base,R64_H2048_alpha1_2,64,2048,1/2,100,cap,base,LAGRANGIAN_K,LAGRANGIAN_NI,32,0.36317445278167754,0.007358218143719951,0.3481672679360427,0.3781816376273124,0.015007184845634857,False,0.3664463324762209,0.00492051936067478,0.3564108670768708,0.37648179787557096,0.01003546539935007,False,0.36317445278167726,0.00735821814371991,0.34816726793604247,0.37818163762731205,0.015007184845634774,False,-0.027275136262178416,0.0004229709091415632,-0.028137791118807147,-0.026412481405549686,0.0008626548566287316,False,"pointwise paired, finite-window; not joint with primary family"
R64_H2048_alpha1_2_L100_cap_base,R64_H2048_alpha1_2,64,2048,1/2,100,cap,base,LAGRANGIAN_K,LAGRANGIAN_FC,32,0.37750866889953644,0.03912353736790983,0.297715688367092,0.45730164943198087,0.07979298053244444,False,0.3882225642035268,0.006309282173585324,0.37535469837339036,0.40109043003366324,0.012867865830136426,False,0.3775086688995362,0.039123537367909765,0.2977156883670919,0.45730164943198054,0.07979298053244431,False,-0.02906445980072021,0.00043864422236535505,-0.029959080590418446,-0.028169839011021974,0.0008946207896982377,False,"pointwise paired, finite-window; not joint with primary family"
R64_H2048_alpha1_2_L100_cap_base,R64_H2048_alpha1_2,64,2048,1/2,100,cap,base,LAGRANGIAN_K,MYOPIC_K,32,-20.960517749786376,0.14413026958616088,-21.254473372640092,-20.66656212693266,0.2939556228537144,False,-21.11543096438843,0.06732519086707263,-21.25274159644303,-20.97812033233383,0.13731063205459929,False,-20.960517749786376,0.14413026958616096,-21.254473372640092,-20.66656212693266,0.29395562285371457,False,-0.02857304111123085,0.00043787852192084335,-0.029466100244576597,-0.027679981977885106,0.0008930591333457444,False,"pointwise paired, finite-window; not joint with primary family"
R64_H2048_alpha1_2_L100_cap_base,R64_H2048_alpha1_2,64,2048,1/2,100,cap,base,LAGRANGIAN_NI,LAGRANGIAN_FC,32,0.0143342161178589,0.03783593776335347,-0.06283268770751814,0.09150111994323594,0.07716690382537704,False,0.021776231727305917,0.00419060034572077,0.01322944597373497,0.030323017480876863,0.008546785753570946,False,0.014334216117858924,0.03783593776335342,-0.06283268770751801,0.09150111994323587,0.07716690382537694,False,-0.0017893235385417917,1.629482239509581e-05,-0.001822557047923231,-0.0017560900291603524,3.323350938143923e-05,False,"pointwise paired, finite-window; not joint with primary family"
R64_H2048_alpha1_2_L100_cap_base,R64_H2048_alpha1_2,64,2048,1/2,100,cap,base,LAGRANGIAN_NI,MYOPIC_K,32,-21.323692202568054,0.14077411376094384,-21.610802900488036,-21.036581504648073,0.2871106979199826,False,-21.48187729686465,0.06384705618480452,-21.612094226466386,-21.351660367262912,0.13021692960173578,False,-21.323692202568054,0.1407741137609439,-21.610802900488036,-21.036581504648073,0.2871106979199827,False,-0.0012979048490524333,1.5736261348031744e-05,-0.0013299991656677522,-0.0012658105324371144,3.209431661531881e-05,False,"pointwise paired, finite-window; not joint with primary family"
R64_H2048_alpha1_2_L100_cap_base,R64_H2048_alpha1_2,64,2048,1/2,100,cap,base,LAGRANGIAN_FC,MYOPIC_K,32,-21.338026418685914,0.13725058208654975,-21.617950826377164,-21.058102010994663,0.2799244076912522,False,-21.503653528591958,0.06307535306437377,-21.632296559302947,-21.375010497880968,0.1286430307109912,False,-21.338026418685914,0.13725058208654983,-21.617950826377164,-21.058102010994663,0.2799244076912524,False,0.0004914186894893584,1.592717771754113e-06,0.00048817032017755137,0.0004946670588011654,3.248369311807039e-06,False,"pointwise paired, finite-window; not joint with primary family"
R64_H2048_alpha1_4_L100_cap_base,R64_H2048_alpha1_4,64,2048,1/4,100,cap,base,WHITTLE_K,WHITTLE_P,32,-1.105914645195007,0.08267649134372379,-1.274534460991408,-0.9372948293986061,0.16861981579640092,False,-0.9840204631438538,0.013779448694929669,-1.0121238340410923,-0.9559170922466154,0.028103370897238498,False,-1.1059146451950073,0.08267649134372379,-1.2745344609914082,-0.9372948293986063,0.16861981579640092,False,0.004468414485454558,2.115989870028085e-05,0.00442525858753095,0.004511570383378166,4.315589792360867e-05,False,"pointwise paired, finite-window; not joint with primary family"
R64_H2048_alpha1_4_L100_cap_base,R64_H2048_alpha1_4,64,2048,1/4,100,cap,base,WHITTLE_K,LAGRANGIAN_K,32,-3.7371448040008537,0.11762592026242019,-3.9770444500208115,-3.497245157980896,0.2398996460199577,False,-3.673793216927488,0.05335912268348637,-3.782619865128374,-3.564966568726602,0.10882664820088604,False,-3.7371448040008546,0.11762592026242016,-3.9770444500208124,-3.4972451579808967,0.23989964601995764,False,0.018887781500816346,0.0002734815721161897,0.01833001215714375,0.019445550844488943,0.0005577693436725979,False,"pointwise paired, finite-window; not joint with primary family"
R64_H2048_alpha1_4_L100_cap_base,R64_H2048_alpha1_4,64,2048,1/4,100,cap,base,WHITTLE_K,LAGRANGIAN_NI,32,-0.07903044700622597,0.08902144207813797,-0.2605908751421874,0.10252998112973544,0.1815604281359614,False,-0.09498133153109468,0.010859111570426759,-0.11712863559489887,-0.0728340274672905,0.02214730406380419,False,-0.07903044700622558,0.0890214420781378,-0.2605908751421866,0.10252998112973546,0.18156042813596104,False,0.000529496669769286,5.338963289640088e-06,0.0005186077823502482,0.0005403855571883238,1.0888887419037761e-05,False,"pointwise paired, finite-window; not joint with primary family"
R64_H2048_alpha1_4_L100_cap_base,R64_H2048_alpha1_4,64,2048,1/4,100,cap,base,WHITTLE_K,LAGRANGIAN_FC,32,0.2017339277267456,0.09521231801536507,0.007547124871837535,0.39592073058165367,0.19418680285490805,False,0.10274854445146059,0.01648860578626054,0.0691198112380526,0.13637727766486857,0.033628733213407994,False,0.20173392772674564,0.09521231801536498,0.007547124871837785,0.3959207305816535,0.19418680285490786,False,-0.0013658192753791812,5.523756208077089e-06,-0.00137708505044017,-0.0013545535003181924,1.1265775060988859e-05,False,"pointwise paired, finite-window; not joint with primary family"
R64_H2048_alpha1_4_L100_cap_base,R64_H2048_alpha1_4,64,2048,1/4,100,cap,base,WHITTLE_K,MYOPIC_K,32,-26.468256616592406,0.19314817943702525,-26.862184925701204,-26.074328307483608,0.3939283091087992,False,-26.440377471200478,0.03843906194517336,-26.518774454904523,-26.36198048749643,0.07839698370404555,False,-26.468256616592406,0.1931481794370252,-26.862184925701204,-26.074328307483608,0.3939283091087991,False,-0.0011657381057739256,5.714064076308124e-06,-0.0011773920162911266,-0.0011540841952567245,1.165391051720109e-05,False,"pointwise paired, finite-window; not joint with primary family"
R64_H2048_alpha1_4_L100_cap_base,R64_H2048_alpha1_4,64,2048,1/4,100,cap,base,WHITTLE_P,LAGRANGIAN_K,32,-2.6312301588058467,0.11666352852677588,-2.869166993940257,-2.393293323671436,0.23793683513441036,False,-2.6897727537836342,0.055845429406632646,-2.803670257978243,-2.5758752495890254,0.11389750419460867,False,-2.631230158805847,0.11666352852677592,-2.8691669939402575,-2.3932933236714367,0.23793683513441044,False,0.014419367015361787,0.0002709740717951837,0.013866711752310724,0.01497202227841285,0.0005526552630510628,False,"pointwise paired, finite-window; not joint with primary family"
R64_H2048_alpha1_4_L100_cap_base,R64_H2048_alpha1_4,64,2048,1/4,100,cap,base,WHITTLE_P,LAGRANGIAN_NI,32,1.026884198188781,0.104951650022051,0.8128338967473182,1.240934499630244,0.2140503014414629,False,0.889039131612759,0.014574505131588133,0.8593142324223116,0.9187640308032065,0.02972489919044745,False,1.0268841981887817,0.10495165002205094,0.812833896747319,1.2409344996302445,0.21405030144146278,False,-0.003938917815685272,2.0650489689354167e-05,-0.003981034767081381,-0.003896800864289164,4.211695139610821e-05,False,"pointwise paired, finite-window; not joint with primary family"
R64_H2048_alpha1_4_L100_cap_base,R64_H2048_alpha1_4,64,2048,1/4,100,cap,base,WHITTLE_P,LAGRANGIAN_FC,32,1.3076485729217526,0.12287749747754631,1.0570382645567562,1.558258881286749,0.2506103083649964,False,1.0867690075953145,0.01899732072380843,1.048023716533602,1.125514298657027,0.03874529106171244,False,1.3076485729217528,0.12287749747754642,1.0570382645567562,1.5582588812867495,0.25061030836499665,False,-0.005834233760833739,2.0547031732114662e-05,-0.005876139708334921,-0.0057923278133325574,4.190594750118154e-05,False,"pointwise paired, finite-window; not joint with primary family"
R64_H2048_alpha1_4_L100_cap_base,R64_H2048_alpha1_4,64,2048,1/4,100,cap,base,WHITTLE_P,MYOPIC_K,32,-25.3623419713974,0.1978449888245999,-25.76584948640732,-24.95883445638748,0.4035075150099186,False,-25.45635700805662,0.04162213974660979,-25.541245921737623,-25.37146809437562,0.08488891368100106,False,-25.3623419713974,0.19784498882460017,-25.76584948640732,-24.95883445638748,0.40350751500991916,False,-0.005634152591228484,2.0475763949577334e-05,-0.005675913187128886,-0.005592391995328082,4.17605959004018e-05,False,"pointwise paired, finite-window; not joint with primary family"
R64_H2048_alpha1_4_L100_cap_base,R64_H2048_alpha1_4,64,2048,1/4,100,cap,base,LAGRANGIAN_K,LAGRANGIAN_NI,32,3.658114356994628,0.12848510750398204,3.3960672525785687,3.920161461410687,0.26204710441605944,False,3.5788118853963935,0.05100824096460381,3.474779892072056,3.682843878720731,0.10403199332433756,False,3.658114356994629,0.12848510750398198,3.3960672525785696,3.920161461410688,0.2620471044160593,False,-0.01835828483104706,0.000271243194651459,-0.01891148897378223,-0.01780508068831189,0.000553204142735169,False,"pointwise paired, finite-window; not joint with primary family"
R64_H2048_alpha1_4_L100_cap_base,R64_H2048_alpha1_4,64,2048,1/4,100,cap,base,LAGRANGIAN_K,LAGRANGIAN_FC,32,3.9388787317275993,0.11350007611739094,3.7073938003191644,4.170363663136034,0.23148493140843465,False,3.7765417613789487,0.050144104571327876,3.674272185848218,3.8788113369096795,0.10226957553073081,False,3.9388787317276,0.11350007611739096,3.7073938003191653,4.170363663136035,0.2314849314084347,False,-0.020253600776195528,0.0002712639910075035,-0.020806847333378484,-0.019700354219012572,0.0005532465571829577,False,"pointwise paired, finite-window; not joint with primary family"
R64_H2048_alpha1_4_L100_cap_base,R64_H2048_alpha1_4,64,2048,1/4,100,cap,base,LAGRANGIAN_K,MYOPIC_K,32,-22.731111812591553,0.16849152944316262,-23.07475255249478,-22.387471072688328,0.34364073990322647,False,-22.76658425427299,0.07057673008397648,-22.91052644428195,-22.622642064264028,0.14394219000895994,False,-22.731111812591553,0.16849152944316284,-23.07475255249478,-22.387471072688328,0.3436407399032269,False,-0.02005351960659027,0.0002709677026053782,-0.02060616187959308,-0.01950087733358746,0.000552642273002812,False,"pointwise paired, finite-window; not joint with primary family"
R64_H2048_alpha1_4_L100_cap_base,R64_H2048_alpha1_4,64,2048,1/4,100,cap,base,LAGRANGIAN_NI,LAGRANGIAN_FC,32,0.28076437473297156,0.13426557315143095,0.006927932902507539,0.5546008165634355,0.273836441830464,False,0.19772987598255526,0.017373049532567613,0.1622973078559728,0.23316244410913772,0.03543256812658248,False,0.2807643747329712,0.13426557315143095,0.006927932902507206,0.5546008165634353,0.273836441830464,False,-0.0018953159451484672,6.763102390975696e-06,-0.0019091093834142177,-0.0018815225068827166,1.3793438265750629e-05,False,"pointwise paired, finite-window; not joint with primary family"
R64_H2048_alpha1_4_L100_cap_base,R64_H2048_alpha1_4,64,2048,1/4,100,cap,base,LAGRANGIAN_NI,MYOPIC_K,32,-26.38922616958618,0.20035188288200703,-26.797846528734873,-25.98060581043749,0.4086203591486917,False,-26.345396139669383,0.038558894953364245,-26.424037524404955,-26.26675475493381,0.07864138473557299,False,-26.38922616958618,0.20035188288200712,-26.797846528734873,-25.98060581043749,0.4086203591486919,False,-0.0016952347755432116,6.921035728753925e-06,-0.0017093503209749952,-0.001681119230111428,1.4115545431783594e-05,False,"pointwise paired, finite-window; not joint with primary family"
R64_H2048_alpha1_4_L100_cap_base,R64_H2048_alpha1_4,64,2048,1/4,100,cap,base,LAGRANGIAN_FC,MYOPIC_K,32,-26.669990544319152,0.19259273202943072,-27.062786010971397,-26.277195077666907,0.3927954666522442,False,-26.543126015651936,0.03759227393931183,-26.61979596383178,-26.46645606747209,0.07666994817984375,False,-26.669990544319152,0.19259273202943075,-27.062786010971397,-26.277195077666907,0.39279546665224424,False,0.00020008116960525558,7.621587236333985e-07,0.00019852673664011694,0.00020163560257039422,1.5544329651386402e-06,False,"pointwise paired, finite-window; not joint with primary family"
R1_H2048_alpha1_2_L50_zero_base,R1_H2048_alpha1_2,1,2048,1/2,50,zero,base,WHITTLE_K,WHITTLE_P,32,-0.031898307800292965,0.0008223033757805871,-0.033575406592214634,-0.0302212090083713,0.001677098791921666,False,-0.032047200265565914,0.00011864315814533676,-0.03228917458192626,-0.03180522594920557,0.00024197431636034986,False,-0.031898307800292965,0.0008223033757805853,-0.03357540659221463,-0.030221209008371303,0.0016770987919216623,False,0.009212568998336787,1.5077955732296067e-05,0.0091818173048766,0.009243320691796975,3.075169346018763e-05,False,"pointwise paired, finite-window; not joint with primary family"
R1_H2048_alpha1_2_L50_zero_base,R1_H2048_alpha1_2,1,2048,1/2,50,zero,base,WHITTLE_K,LAGRANGIAN_K,32,-0.12024391174316404,0.0008567994438210038,-0.12199136572970194,-0.11849645775662614,0.0017474539865379012,False,-0.12022104879248474,0.0004504682765006972,-0.12113978489958292,-0.11930231268538656,0.0009187361070981871,False,-0.12024391174316407,0.0008567994438210026,-0.12199136572970197,-0.11849645775662616,0.0017474539865378988,False,0.03688748002052307,0.00014414202651605258,0.03659350041925275,0.03718145962179339,0.00029397960127031683,False,"pointwise paired, finite-window; not joint with primary family"
R1_H2048_alpha1_2_L50_zero_base,R1_H2048_alpha1_2,1,2048,1/2,50,zero,base,WHITTLE_K,LAGRANGIAN_NI,32,-0.004887351989746075,0.0006609041093935844,-0.0062352748076329335,-0.0035394291718592167,0.0013479228178868582,False,-0.004750594228817611,9.647857412489265e-05,-0.004947363578034482,-0.00455382487960074,0.00019676934921687115,False,-0.004887351989746093,0.0006609041093935843,-0.006235274807632951,-0.0035394291718592354,0.001347922817886858,False,0.0015681588649749684,5.494888803928898e-06,0.0015569519653729023,0.0015793657645770346,1.1206899602066064e-05,False,"pointwise paired, finite-window; not joint with primary family"
R1_H2048_alpha1_2_L50_zero_base,R1_H2048_alpha1_2,1,2048,1/2,50,zero,base,WHITTLE_K,LAGRANGIAN_FC,32,0.0037722015380859467,0.0008656843508766118,0.002006626664138151,0.0055377764120337425,0.0017655748739477959,False,0.0035185039724896323,9.728646664053434e-05,0.003320086915623867,0.0037169210293553977,0.00019841705686576537,False,0.003772201538085937,0.0008656843508766153,0.002006626664138134,0.00553777641203374,0.0017655748739478032,False,-0.003053294420242306,3.4302589417442743e-06,-0.003060290479478615,-0.003046298361005997,6.996059236308961e-06,False,"pointwise paired, finite-window; not joint with primary family"
R1_H2048_alpha1_2_L50_zero_base,R1_H2048_alpha1_2,1,2048,1/2,50,zero,base,WHITTLE_K,MYOPIC_K,32,0.0020996475219726835,0.0007325769249747012,0.0006055470329670476,0.0035937480109783193,0.0014941004890056358,False,0.002953945935427488,7.560891384071825e-05,0.0027997405389819157,0.0031081513318730603,0.00015420539644557237,False,0.002099647521972656,0.0007325769249747015,0.0006055470329670196,0.003593748010978293,0.0014941004890056365,False,-0.0014870488643646297,3.3257984440226055e-06,-0.0014938318750112181,-0.0014802658537180413,6.783010646588356e-06,False,"pointwise paired, finite-window; not joint with primary family"
R1_H2048_alpha1_2_L50_zero_base,R1_H2048_alpha1_2,1,2048,1/2,50,zero,base,WHITTLE_P,LAGRANGIAN_K,32,-0.08834560394287108,0.0007629760974266963,-0.08990170395285188,-0.08678950393289028,0.0015561000099808032,False,-0.08817384852691883,0.0004490470129241772,-0.08908968594784183,-0.08725801110599582,0.0009158374209230011,False,-0.0883456039428711,0.0007629760974266968,-0.0899017039528519,-0.0867895039328903,0.001556100009980804,False,0.027674911022186284,0.000143062924325222,0.0273831322643442,0.027966689780028368,0.0002917787578420821,False,"pointwise paired, finite-window; not joint with primary family"
R1_H2048_alpha1_2_L50_zero_base,R1_H2048_alpha1_2,1,2048,1/2,50,zero,base,WHITTLE_P,LAGRANGIAN_NI,32,0.02701095581054689,0.0005838262318083623,0.02582023436041479,0.02820167726067899,0.0011907214501321014,False,0.0272966060367483,8.644346076765267e-05,0.02712030343615963,0.02747290863733697,0.000176302600588668,False,0.027010955810546876,0.0005838262318083623,0.025820234360414775,0.028201677260678976,0.0011907214501321014,False,-0.007644410133361819,1.437476315316741e-05,-0.007673727656101467,-0.00761509261062217,2.9317522739648565e-05,False,"pointwise paired, finite-window; not joint with primary family"
R1_H2048_alpha1_2_L50_zero_base,R1_H2048_alpha1_2,1,2048,1/2,50,zero,base,WHITTLE_P,LAGRANGIAN_FC,32,0.03567050933837891,0.0011136719318712402,0.03339916045845325,0.03794185821830457,0.002271348879925659,False,0.035565704238055544,0.00017269901072959544,0.03521348228349318,0.03591792619261791,0.00035222195456236746,False,0.035670509338378904,0.0011136719318712437,0.03339916045845324,0.03794185821830457,0.002271348879925666,False,-0.012265863418579093,1.3895728908756267e-05,-0.01229420394453598,-0.012237522892622206,2.8340525956887695e-05,False,"pointwise paired, finite-window; not joint with primary family"
R1_H2048_alpha1_2_L50_zero_base,R1_H2048_alpha1_2,1,2048,1/2,50,zero,base,WHITTLE_P,MYOPIC_K,32,0.03399795532226565,0.000980834390842363,0.03199753039345462,0.03599838025107668,0.002000424928811029,False,0.0350011462009934,0.00014514380078630855,0.03470512346762864,0.03529716893435816,0.00029602273336475787,False,0.03399795532226563,0.000980834390842364,0.0319975303934546,0.035998380251076656,0.0020004249288110313,False,-0.010699617862701417,1.5161868656250647e-05,-0.010730540697698337,-0.010668695027704497,3.092283499691943e-05,False,"pointwise paired, finite-window; not joint with primary family"
R1_H2048_alpha1_2_L50_zero_base,R1_H2048_alpha1_2,1,2048,1/2,50,zero,base,LAGRANGIAN_K,LAGRANGIAN_NI,32,0.11535655975341796,0.0007273776495335249,0.11387306325658612,0.1168400562502498,0.0014834964968318382,False,0.11547045456366713,0.0004323843014915713,0.11458860096676435,0.1163523081605699,0.0008818535969027782,False,0.11535655975341796,0.0007273776495335249,0.11387306325658612,0.1168400562502498,0.0014834964968318382,False,-0.0353193211555481,0.0001419970718707314,-0.035608926092977375,-0.03502971621811883,0.00028960493742927386,False,"pointwise paired, finite-window; not joint with primary family"
R1_H2048_alpha1_2_L50_zero_base,R1_H2048_alpha1_2,1,2048,1/2,50,zero,base,LAGRANGIAN_K,LAGRANGIAN_FC,32,0.12401611328124998,0.001068523679769847,0.12183684486856641,0.12619538169393354,0.002179268412683573,False,0.12373955276497436,0.00047367809104952404,0.12277347992901548,0.12470562560093325,0.0009660728359588864,False,0.12401611328125,0.0010685236797698516,0.12183684486856643,0.1261953816939336,0.002179268412683582,False,-0.039940774440765374,0.0001430679435810053,-0.040232563435447115,-0.03964898544608363,0.000291788994681743,False,"pointwise paired, finite-window; not joint with primary family"
R1_H2048_alpha1_2_L50_zero_base,R1_H2048_alpha1_2,1,2048,1/2,50,zero,base,LAGRANGIAN_K,MYOPIC_K,32,0.12234355926513672,0.0009688248734248333,0.12036762790858348,0.12431949062168997,0.0019759313565532455,False,0.12317499472791223,0.00046377405642229795,0.12222912130374915,0.1241208681520753,0.0009458734241630832,False,0.12234355926513672,0.0009688248734248291,0.12036762790858349,0.12431949062168995,0.0019759313565532372,False,-0.038374528884887696,0.00014284614967168053,-0.038665865527909044,-0.03808319224186635,0.0002913366430213463,False,"pointwise paired, finite-window; not joint with primary family"
R1_H2048_alpha1_2_L50_zero_base,R1_H2048_alpha1_2,1,2048,1/2,50,zero,base,LAGRANGIAN_NI,LAGRANGIAN_FC,32,0.008659553527832022,0.00090351487828827,0.0068168227845438805,0.010502284271120162,0.001842730743288141,False,0.008269098201307242,0.0001374739771555756,0.007988718176368854,0.00854947822624563,0.0002803800249383891,False,0.00865955352783203,0.0009035148782882746,0.00681682278454388,0.01050228427112018,0.00184273074328815,False,-0.0046214532852172745,5.461169786210651e-06,-0.004632591414429305,-0.004610315156005244,1.1138129212030421e-05,False,"pointwise paired, finite-window; not joint with primary family"
R1_H2048_alpha1_2_L50_zero_base,R1_H2048_alpha1_2,1,2048,1/2,50,zero,base,LAGRANGIAN_NI,MYOPIC_K,32,0.006986999511718758,0.0007328385941643876,0.005492365344882249,0.008481633678555266,0.001494634166836509,False,0.007704540164245099,0.00011214889362930346,0.007475810987689653,0.007933269340800544,0.00022872917655544488,False,0.006986999511718749,0.000732838594164384,0.005492365344882247,0.00848163367855525,0.0014946341668365015,False,-0.003055207729339598,5.5126582548093655e-06,-0.00306645086997567,-0.003043964588703526,1.1243140636071858e-05,False,"pointwise paired, finite-window; not joint with primary family"
R1_H2048_alpha1_2_L50_zero_base,R1_H2048_alpha1_2,1,2048,1/2,50,zero,base,LAGRANGIAN_FC,MYOPIC_K,32,-0.0016725540161132632,0.0005802394857274131,-0.002855960249384459,-0.0004891477828420673,0.0011834062332711959,False,-0.0005645580370621441,6.814771272684043e-05,-0.0007035462135096948,-0.00042556986061459336,0.0001389881764475507,False,-0.0016725540161132814,0.0005802394857274171,-0.0028559602493844856,-0.0004891477828420773,0.0011834062332712041,False,0.0015662455558776763,2.9223932726364596e-06,0.0015602852955024758,0.0015722058162528768,5.960260375200464e-06,False,"pointwise paired, finite-window; not joint with primary family"
R1_H2048_alpha1_2_L200_zero_base,R1_H2048_alpha1_2,1,2048,1/2,200,zero,base,WHITTLE_K,WHITTLE_P,32,-0.012757349014282243,0.0002734222592699439,-0.01331499738860738,-0.012199700639957107,0.0005576483743251356,False,-0.012508534604796416,1.930340265921684e-05,-0.012547904154081094,-0.012469165055511738,3.936954928467693e-05,False,-0.012757349014282226,0.00027342225926994606,-0.013314997388607365,-0.012199700639957086,0.00055764837432514,False,0.0038917118310928325,3.7072583710329537e-06,0.003884150827795845,0.00389927283438982,7.5610032969873535e-06,False,"pointwise paired, finite-window; not joint with primary family"
R1_H2048_alpha1_2_L200_zero_base,R1_H2048_alpha1_2,1,2048,1/2,200,zero,base,WHITTLE_K,LAGRANGIAN_K,32,-0.07044491767883301,0.0003664208849555411,-0.07119223800074032,-0.06969759735692571,0.0007473203219072974,False,-0.06959016787885784,0.00024242728317006363,-0.07008460158265653,-0.06909573417505915,0.0004944337037986944,False,-0.07044491767883301,0.00036642088495554483,-0.07119223800074032,-0.06969759735692571,0.0007473203219073051,False,0.020886965990066526,7.654206232117071e-05,0.020730857424747586,0.021043074555385465,0.00015610856531893955,False,"pointwise paired, finite-window; not joint with primary family"
R1_H2048_alpha1_2_L200_zero_base,R1_H2048_alpha1_2,1,2048,1/2,200,zero,base,WHITTLE_K,LAGRANGIAN_NI,32,-0.005791368484497059,0.00024908927406302534,-0.006299389408301719,-0.005283347560692399,0.0005080209238046602,False,-0.005535593856625733,1.6088543285391605e-05,-0.00556840665698922,-0.005502781056262247,3.281280036348683e-05,False,-0.00579136848449707,0.0002490892740630262,-0.006299389408301732,-0.005283347560692408,0.000508020923804662,False,0.0018938237428665228,1.4559185030592968e-06,0.001890854377502676,0.0018967931082303697,2.969365363846766e-06,False,"pointwise paired, finite-window; not joint with primary family"
R1_H2048_alpha1_2_L200_zero_base,R1_H2048_alpha1_2,1,2048,1/2,200,zero,base,WHITTLE_K,LAGRANGIAN_FC,32,-0.004421701431274419,0.0003893514350717481,-0.005215788918476988,-0.0036276139440718507,0.0007940874872025684,False,-0.0040052890799497165,3.107893348691142e-05,-0.004068674982695932,-0.003941903177203501,6.338590274621546e-05,False,-0.004421701431274414,0.00038935143507175046,-0.005215788918476987,-0.0036276139440718407,0.0007940874872025732,False,-0.0008663776516914367,9.913774119303607e-07,-0.0008683995792535224,-0.000864355724129351,2.0219275620856417e-06,False,"pointwise paired, finite-window; not joint with primary family"
R1_H2048_alpha1_2_L200_zero_base,R1_H2048_alpha1_2,1,2048,1/2,200,zero,base,WHITTLE_K,MYOPIC_K,32,-0.0036115932464599806,0.00037030541207395647,-0.004366836113658177,-0.0028563503792617836,0.0007552428671981971,False,-0.0038771738419786745,3.0431487314265493e-05,-0.003939239269549961,-0.0038151084144073884,6.20654275712862e-05,False,-0.0036115932464599607,0.00037030541207395837,-0.004366836113658162,-0.0028563503792617597,0.000755242867198201,False,0.0006546056270599326,1.7502963006580003e-06,0.0006510358742195627,0.0006581753799003024,3.569752840369882e-06,False,"pointwise paired, finite-window; not joint with primary family"
R1_H2048_alpha1_2_L200_zero_base,R1_H2048_alpha1_2,1,2048,1/2,200,zero,base,WHITTLE_P,LAGRANGIAN_K,32,-0.05768756866455077,0.0003355537627003924,-0.05837193507556713,-0.05700320225353441,0.0006843664110163599,False,-0.057081633274061426,0.00024352614138488905,-0.05757830811396494,-0.05658495843415791,0.000496674839903514,False,-0.057687568664550784,0.00033555376270039486,-0.05837193507556715,-0.05700320225353442,0.0006843664110163649,False,0.016995254158973693,7.535541074734542e-05,0.016841565785495758,0.01714894253245163,0.0001536883734779354,False,"pointwise paired, finite-window; not joint with primary family"
R1_H2048_alpha1_2_L200_zero_base,R1_H2048_alpha1_2,1,2048,1/2,200,zero,base,WHITTLE_P,LAGRANGIAN_NI,32,0.0069659805297851846,0.00013578495937733434,0.006689045279316721,0.007242915780253648,0.0002769352504684634,False,0.006972940748170684,1.662892080092151e-05,0.006939025840598144,0.007006855655743224,3.391490757254035e-05,False,0.006965980529785157,0.00013578495937733654,0.006689045279316689,0.007242915780253625,0.0002769352504684679,False,-0.0019978880882263097,3.662673532768801e-06,-0.002005358160146152,-0.0019904180163064673,7.470071919842206e-06,False,"pointwise paired, finite-window; not joint with primary family"
R1_H2048_alpha1_2_L200_zero_base,R1_H2048_alpha1_2,1,2048,1/2,200,zero,base,WHITTLE_P,LAGRANGIAN_FC,32,0.008335647583007824,0.00045118883762533177,0.007415441881806995,0.009255853284208655,0.0009202057012008298,False,0.0085032455248467,3.3361060323250967e-05,0.008435205193731388,0.008571285855962013,6.804033111531205e-05,False,0.008335647583007812,0.00045118883762533405,0.007415441881806977,0.009255853284208646,0.0009202057012008345,False,-0.004758089482784269,3.937895122050854e-06,-0.004766120872836191,-0.0047500580927323476,8.031390051921543e-06,False,"pointwise paired, finite-window; not joint with primary family"
R1_H2048_alpha1_2_L200_zero_base,R1_H2048_alpha1_2,1,2048,1/2,200,zero,base,WHITTLE_P,MYOPIC_K,32,0.009145755767822263,0.0004611296006420438,0.008205275746781409,0.010086235788863116,0.0009404800210408541,False,0.008631360762817742,3.3545385021695866e-05,0.008562944499001449,0.008699777026634036,6.841626381629339e-05,False,0.009145755767822266,0.0004611296006420478,0.008205275746781404,0.010086235788863128,0.0009404800210408624,False,-0.0032371062040329,4.311991765503623e-06,-0.003245900569219395,-0.003228311838846405,8.794365186495228e-06,False,"pointwise paired, finite-window; not joint with primary family"
R1_H2048_alpha1_2_L200_zero_base,R1_H2048_alpha1_2,1,2048,1/2,200,zero,base,LAGRANGIAN_K,LAGRANGIAN_NI,32,0.06465354919433595,0.0003442381822498189,0.06395147079287439,0.06535562759579752,0.000702078401461563,False,0.06405457402223211,0.00024580306145007306,0.06355325537323928,0.06455589267122494,0.0005013186489928267,False,0.06465354919433594,0.0003442381822498206,0.06395147079287437,0.06535562759579751,0.0007020784014615665,False,-0.0189931422472,7.643588207352125e-05,-0.019149034256476117,-0.018837250237923885,0.00015589200927611674,False,"pointwise paired, finite-window; not joint with primary family"
R1_H2048_alpha1_2_L200_zero_base,R1_H2048_alpha1_2,1,2048,1/2,200,zero,base,LAGRANGIAN_K,LAGRANGIAN_FC,32,0.0660232162475586,0.00036437468844018744,0.06528006917095833,0.06676636332415886,0.0007431470766002642,False,0.06558487879890812,0.0002449897499239653,0.0650852189097089,0.06608453868810733,0.0004996598891992206,False,0.0660232162475586,0.00036437468844018734,0.06528006917095833,0.06676636332415886,0.000743147076600264,False,-0.02175334364175796,7.680397636893463e-05,-0.021909986384299116,-0.021596700899216805,0.00015664274254115416,False,"pointwise paired, finite-window; not joint with primary family"
R1_H2048_alpha1_2_L200_zero_base,R1_H2048_alpha1_2,1,2048,1/2,200,zero,base,LAGRANGIAN_K,MYOPIC_K,32,0.06683332443237303,0.00046207041983164354,0.06589092559794435,0.0677757232668017,0.0009423988344286706,False,0.06571299403687916,0.00024291182748934775,0.06521757209842591,0.06620841597533242,0.0004954219384532494,False,0.06683332443237305,0.00046207041983164853,0.06589092559794438,0.06777572326680173,0.0009423988344286808,False,-0.020232360363006595,7.633598944432025e-05,-0.02038804863992226,-0.02007667208609093,0.00015568827691566544,False,"pointwise paired, finite-window; not joint with primary family"
R1_H2048_alpha1_2_L200_zero_base,R1_H2048_alpha1_2,1,2048,1/2,200,zero,base,LAGRANGIAN_NI,LAGRANGIAN_FC,32,0.0013696670532226396,0.0004261886146552835,0.0005004496429321315,0.0022388844635131476,0.0008692174102905081,False,0.0015303047766760162,2.9595300959447187e-05,0.001469944762419075,0.0015906647909329572,6.036001425694106e-05,False,0.0013696670532226563,0.00042618861465528786,0.0005004496429321394,0.002238884463513173,0.0008692174102905169,False,-0.0027602013945579595,1.6707552847757345e-06,-0.0027636089224268973,-0.0027567938666890218,3.4075278689379707e-06,False,"pointwise paired, finite-window; not joint with primary family"
R1_H2048_alpha1_2_L200_zero_base,R1_H2048_alpha1_2,1,2048,1/2,200,zero,base,LAGRANGIAN_NI,MYOPIC_K,32,0.002179775238037078,0.00044011441235852105,0.0012821559760790207,0.0030773944999951354,0.0008976192619580572,False,0.0016584200146470586,3.060678282987036e-05,0.0015959970695146033,0.0017208429597795139,6.242294513245531e-05,False,0.0021797752380371097,0.00044011441235852604,0.0012821559760790423,0.003077394499995177,0.0008976192619580674,False,-0.0012392181158065903,2.3128152966517814e-06,-0.0012439351337031428,-0.0012345010979100378,4.717017896552606e-06,False,"pointwise paired, finite-window; not joint with primary family"
R1_H2048_alpha1_2_L200_zero_base,R1_H2048_alpha1_2,1,2048,1/2,200,zero,base,LAGRANGIAN_FC,MYOPIC_K,32,0.0008101081848144384,0.0002413630968136445,0.00031784490339913237,0.0013023714662297446,0.000492263281415306,False,0.00012811523797104233,1.8609302564836457e-05,9.01613151619992e-05,0.00016606916078008545,3.795392280904312e-05,False,0.0008101081848144533,0.0002413630968136456,0.00031784490339914506,0.0013023714662297615,0.0004922632814153082,False,0.0015209832787513693,1.5345021170610328e-06,0.0015178536410500995,0.001524112916452639,3.1296377012697316e-06,False,"pointwise paired, finite-window; not joint with primary family"
R1_H2048_alpha1_2_L400_zero_base,R1_H2048_alpha1_2,1,2048,1/2,400,zero,base,WHITTLE_K,WHITTLE_P,32,-0.0058888244628906156,0.0001346201106816371,-0.006163383988781187,-0.005614264937000044,0.0002745595258905716,False,-0.005881806874834807,9.846707367405854e-06,-0.005901889366913362,-0.005861724382756252,2.008249207855482e-05,False,-0.005888824462890625,0.00013462011068164151,-0.006163383988781206,-0.005614264937000044,0.0002745595258905806,False,0.0018555530905723545,2.6082431408929833e-06,0.001850233543615032,0.001860872637529677,5.3195469573224405e-06,False,"pointwise paired, finite-window; not joint with primary family"
R1_H2048_alpha1_2_L400_zero_base,R1_H2048_alpha1_2,1,2048,1/2,400,zero,base,WHITTLE_K,LAGRANGIAN_K,32,-0.05253383636474609,0.00021790086650954414,-0.052978248111973734,-0.05208942461751844,0.00044441174722764404,False,-0.05230630553808942,0.0001531796020150047,-0.05261871739611267,-0.05199389368006616,0.0003124118580232524,False,-0.052533836364746095,0.00021790086650954701,-0.05297824811197374,-0.05208942461751845,0.0004444117472276499,False,0.015595558583736423,4.696469753644677e-05,0.015499773451604899,0.015691343715867945,9.578513213152345e-05,False,"pointwise paired, finite-window; not joint with primary family"
R1_H2048_alpha1_2_L400_zero_base,R1_H2048_alpha1_2,1,2048,1/2,400,zero,base,WHITTLE_K,LAGRANGIAN_NI,32,-0.0026447153091430364,0.00011827823943680944,-0.002885945368890503,-0.0024034852493955696,0.0002412300597474668,False,-0.00270362130774105,6.497974511884269e-06,-0.002716874014132379,-0.0026903686013497207,1.3252706391329104e-05,False,-0.0026447153091430664,0.00011827823943681323,-0.002885945368890541,-0.0024034852493955918,0.0002412300597474745,False,0.0009453262388706279,9.833718323814307e-07,0.0009433206387956786,0.0009473318389455773,2.0056000749494028e-06,False,"pointwise paired, finite-window; not joint with primary family"
R1_H2048_alpha1_2_L400_zero_base,R1_H2048_alpha1_2,1,2048,1/2,400,zero,base,WHITTLE_K,LAGRANGIAN_FC,32,-0.0009900617599487294,0.00015679740399616424,-0.0013098521737589562,-0.0006702713461385025,0.0003197904138102269,False,-0.0007929476002992858,7.496472721419602e-06,-0.000808236757215165,-0.0007776584433834066,1.5289156915879154e-05,False,-0.0009900617599487304,0.00015679740399616776,-0.0013098521737589645,-0.0006702713461384964,0.00031979041381023404,False,-0.00013956069946288556,4.3339041351423493e-07,-0.00014044460503878715,-0.00013867679388698397,8.839055759015818e-07,False,"pointwise paired, finite-window; not joint with primary family"
R1_H2048_alpha1_2_L400_zero_base,R1_H2048_alpha1_2,1,2048,1/2,400,zero,base,WHITTLE_K,MYOPIC_K,32,-0.003782677650451635,0.00023058406000596508,-0.004252956941358477,-0.003312398359544793,0.00047027929090684206,False,-0.003682176083761102,1.291348019000292e-05,-0.0037085133002483866,-0.0036558388672738172,2.63372164872846e-05,False,-0.0037826776504516603,0.0002305840600059656,-0.004252956941358504,-0.0033123983595448173,0.0004702792909068431,False,0.000511989891529091,9.845706102244082e-07,0.0005099818465306116,0.0005139979365275704,2.0080449984793974e-06,False,"pointwise paired, finite-window; not joint with primary family"
R1_H2048_alpha1_2_L400_zero_base,R1_H2048_alpha1_2,1,2048,1/2,400,zero,base,WHITTLE_P,LAGRANGIAN_K,32,-0.04664501190185547,0.00021422423815646598,-0.04708192511611961,-0.046208098687591334,0.00043691321426413886,False,-0.046424498663254606,0.0001514447630207868,-0.046733372293821816,-0.046115625032687395,0.0003088736305672122,False,-0.04664501190185547,0.00021422423815646658,-0.04708192511611961,-0.046208098687591334,0.0004369132142641401,False,0.013740005493164068,4.5963994172024734e-05,0.013646261309000138,0.013833749677327999,9.374418416393058e-05,False,"pointwise paired, finite-window; not joint with primary family"
R1_H2048_alpha1_2_L400_zero_base,R1_H2048_alpha1_2,1,2048,1/2,400,zero,base,WHITTLE_P,LAGRANGIAN_NI,32,0.003244109153747579,6.0328950212829226e-05,0.0031210674485815347,0.0033671508589136236,0.00012304170516604465,False,0.003178185567093757,7.269598402131221e-06,0.0031633591234027083,0.0031930120107848056,1.482644369104847e-05,False,0.0032441091537475583,6.03289502128295e-05,0.003121067448581513,0.0033671508589136036,0.00012304170516604522,False,-0.0009102268517017266,2.40044142472318e-06,-0.0009151225842647365,-0.0009053311191387167,4.895732563009877e-06,False,"pointwise paired, finite-window; not joint with primary family"
R1_H2048_alpha1_2_L400_zero_base,R1_H2048_alpha1_2,1,2048,1/2,400,zero,base,WHITTLE_P,LAGRANGIAN_FC,32,0.004898762702941886,0.00014246122007013378,0.0046082111290188105,0.005189314276864962,0.0002905515739230757,False,0.005088859274535521,1.1696156278225352e-05,0.005065004806534927,0.0051127137425361156,2.3854468000594376e-05,False,0.004898762702941895,0.00014246122007013603,0.004608211129018815,0.005189314276864975,0.0002905515739230803,False,-0.00199511379003524,2.6501354501264128e-06,-0.0020005187769205446,-0.0019897088031499356,5.4049868853046164e-06,False,"pointwise paired, finite-window; not joint with primary family"
R1_H2048_alpha1_2_L400_zero_base,R1_H2048_alpha1_2,1,2048,1/2,400,zero,base,WHITTLE_P,MYOPIC_K,32,0.0021061468124389804,0.00023074974226521013,0.0016355296103365787,0.002576764014541382,0.00047061720210240165,False,0.002199630791073705,1.634709342517946e-05,0.0021662906742235533,0.0022329709079238567,3.3340116850151824e-05,False,0.0021061468124389648,0.00023074974226521534,0.0016355296103365525,0.0025767640145413773,0.0004706172021024123,False,-0.0013435631990432635,2.5580940777808574e-06,-0.0013487804663120447,-0.0013383459317744823,5.217267268781078e-06,False,"pointwise paired, finite-window; not joint with primary family"
R1_H2048_alpha1_2_L400_zero_base,R1_H2048_alpha1_2,1,2048,1/2,400,zero,base,LAGRANGIAN_K,LAGRANGIAN_NI,32,0.04988912105560305,0.0002260774000418945,0.049428033158291265,0.05035020895291484,0.00046108789731178374,False,0.049602684230348366,0.00015290334998927142,0.04929083579204619,0.04991453266865054,0.00031184843830217514,False,0.04988912105560303,0.0002260774000418922,0.04942803315829125,0.05035020895291481,0.000461087897311779,False,-0.014650232344865795,4.6670461226901566e-05,-0.014745417378087582,-0.014555047311644007,9.518503322178796e-05,False,"pointwise paired, finite-window; not joint with primary family"
R1_H2048_alpha1_2_L400_zero_base,R1_H2048_alpha1_2,1,2048,1/2,400,zero,base,LAGRANGIAN_K,LAGRANGIAN_FC,32,0.05154377460479736,0.00022801276374509498,0.05107873950718923,0.052008809702405484,0.00046503509760812865,False,0.051513357937790126,0.00015369981364388852,0.05119988510115479,0.05182683077442546,0.00031347283663533276,False,0.051543774604797366,0.0002280127637450971,0.05107873950718923,0.0520088097024055,0.000465035097608133,False,-0.01573511928319931,4.689537112662797e-05,-0.01583076302318582,-0.0156394755432128,9.564373998650762e-05,False,"pointwise paired, finite-window; not joint with primary family"
R1_H2048_alpha1_2_L400_zero_base,R1_H2048_alpha1_2,1,2048,1/2,400,zero,base,LAGRANGIAN_K,MYOPIC_K,32,0.04875115871429445,0.00023632253477571123,0.04826917572693291,0.049233141701656,0.0004819829873615458,False,0.04862412945432831,0.0001546251074229763,0.04830876946858866,0.048939489440067964,0.0003153599857396492,False,0.04875115871429443,0.00023632253477571272,0.048269175726932886,0.04923314170165598,0.00048198298736154885,False,-0.015083568692207332,4.6605639090685956e-05,-0.015178621519810684,-0.01498851586460398,9.505282760335207e-05,False,"pointwise paired, finite-window; not joint with primary family"
R1_H2048_alpha1_2_L400_zero_base,R1_H2048_alpha1_2,1,2048,1/2,400,zero,base,LAGRANGIAN_NI,LAGRANGIAN_FC,32,0.001654653549194307,0.0001490749095140214,0.0013506132667201326,0.0019586938316684815,0.00030404028247417447,False,0.001910673707441764,7.81287214499183e-06,0.0018947392496470772,0.0019266081652364506,1.5934457794686786e-05,False,0.001654653549194336,0.0001490749095140199,0.0013506132667201645,0.001958693831668507,0.0003040402824741714,False,-0.0010848869383335135,9.381943138540963e-07,-0.0010868003982519516,-0.0010829734784150754,1.9134599184380817e-06,False,"pointwise paired, finite-window; not joint with primary family"
R1_H2048_alpha1_2_L400_zero_base,R1_H2048_alpha1_2,1,2048,1/2,400,zero,base,LAGRANGIAN_NI,MYOPIC_K,32,-0.0011379623413085987,0.00023800539325257664,-0.0016233775411620937,-0.0006525471414551038,0.00048541519985349503,False,-0.000978554776020052,1.526586670592243e-05,-0.0010096897164376761,-0.000947419835602428,3.113494041762404e-05,False,-0.0011379623413085938,0.0002380053932525788,-0.0016233775411620933,-0.0006525471414550942,0.00048541519985349947,False,-0.0004333363473415369,1.1283998600610694e-06,-0.0004356377340290433,-0.00043103496065403056,2.3013866875063764e-06,False,"pointwise paired, finite-window; not joint with primary family"
R1_H2048_alpha1_2_L400_zero_base,R1_H2048_alpha1_2,1,2048,1/2,400,zero,base,LAGRANGIAN_FC,MYOPIC_K,32,-0.002792615890502906,0.0002048270478157099,-0.003210363408708726,-0.0023748683722970856,0.0004177475182058204,False,-0.002889228483461816,1.4700531595553237e-05,-0.002919210415320122,-0.00285924655160351,2.998193185830607e-05,False,-0.0027926158905029297,0.00020482704781571188,-0.0032103634087087543,-0.002374868372297105,0.00041774751820582444,False,0.0006515505909919766,8.072379744795418e-07,0.0006499042182885838,0.0006531969636953694,1.646372703392826e-06,False,"pointwise paired, finite-window; not joint with primary family"
R1_H2048_alpha1_2_L800_zero_base,R1_H2048_alpha1_2,1,2048,1/2,800,zero,base,WHITTLE_K,WHITTLE_P,32,-0.0027957463264465313,6.464151877972341e-05,-0.002927583573193263,-0.0026639090796997996,0.00013183724674673184,False,-0.0028500388704233762,5.952442505304826e-06,-0.002862178956951847,-0.0028378987838949053,1.2140086528470716e-05,False,-0.002795746326446533,6.464151877972535e-05,-0.002927583573193269,-0.002663909079699797,0.00013183724674673577,False,0.0009087650477886088,1.2600180217500742e-06,0.0009061952240905477,0.0009113348714866698,2.5698236980610784e-06,False,"pointwise paired, finite-window; not joint with primary family"
R1_H2048_alpha1_2_L800_zero_base,R1_H2048_alpha1_2,1,2048,1/2,800,zero,base,WHITTLE_K,LAGRANGIAN_K,32,-0.039463939666748056,0.00012516172840975245,-0.03971920869481396,-0.03920867063868215,0.0002552690280659055,False,-0.03957959321187686,0.00010634574534400936,-0.039796486789473014,-0.039362699634280705,0.0002168935775961553,False,-0.03946393966674805,0.00012516172840974825,-0.03971920869481395,-0.03920867063868215,0.0002552690280658969,False,0.011759920343756667,3.2881792906864514e-05,0.011692857484981495,0.01182698320253184,6.706285877517222e-05,False,"pointwise paired, finite-window; not joint with primary family"
R1_H2048_alpha1_2_L800_zero_base,R1_H2048_alpha1_2,1,2048,1/2,800,zero,base,WHITTLE_K,LAGRANGIAN_NI,32,-0.0014246058464050318,7.0594600101102e-05,-0.0015685844825542065,-0.001280627210255857,0.00014397863614917477,False,-0.0014466686222214299,3.3758341051412142e-06,-0.001453553681271669,-0.0014397835631711907,6.885059050239093e-06,False,-0.0014246058464050292,7.059460010110742e-05,-0.001568584482554215,-0.0012806272102558434,0.00014397863614918583,False,0.0005086690932512294,5.525039153653538e-07,0.0005075422540866552,0.0005097959324158037,1.1268391645743022e-06,False,"pointwise paired, finite-window; not joint with primary family"
R1_H2048_alpha1_2_L800_zero_base,R1_H2048_alpha1_2,1,2048,1/2,800,zero,base,WHITTLE_K,LAGRANGIAN_FC,32,-0.00036167383193969754,0.00010091957539156043,-0.0005675006629554012,-0.00015584700092399398,0.00020582683101570356,False,-0.0003165043589394833,4.739431390567979e-06,-0.0003261704929888199,-0.0003068382248901467,9.66613404933662e-06,False,-0.0003616738319396972,0.0001009195753915608,-0.0005675006629554016,-0.0001558470009239929,0.00020582683101570432,False,-8.056059479713551e-05,2.3037051404714652e-07,-8.103043855818792e-05,-8.00907510360831e-05,4.6984376105240795e-07,False,"pointwise paired, finite-window; not joint with primary family"
R1_H2048_alpha1_2_L800_zero_base,R1_H2048_alpha1_2,1,2048,1/2,800,zero,base,WHITTLE_K,MYOPIC_K,32,-0.0026074957847595434,0.00012952085068748318,-0.002871655301325367,-0.00234333626819372,0.0002641595165658234,False,-0.002623943629543992,8.505331381959294e-06,-0.0026412903672635556,-0.0026065968918244286,1.7346737719563324e-05,False,-0.0026074957847595213,0.00012952085068748169,-0.0028716553013253417,-0.002343336268193701,0.00026415951656582037,False,0.00020524688065052046,4.1193984698466584e-07,0.00020440672379348876,0.00020608703750755217,8.401568570317049e-07,False,"pointwise paired, finite-window; not joint with primary family"
R1_H2048_alpha1_2_L800_zero_base,R1_H2048_alpha1_2,1,2048,1/2,800,zero,base,WHITTLE_P,LAGRANGIAN_K,32,-0.036668193340301525,0.00012038013190839626,-0.03691371023800767,-0.03642267644259538,0.00024551689770614747,False,-0.03672955434145348,0.00010838598993395771,-0.03695060902532477,-0.03650849965758219,0.00022105468387129248,False,-0.03666819334030151,0.00012038013190839681,-0.03691371023800766,-0.036422676442595364,0.0002455168977061486,False,0.010851155295968059,3.319291471152186e-05,0.010783457900088821,0.010918852691847296,6.769739587923799e-05,False,"pointwise paired, finite-window; not joint with primary family"
R1_H2048_alpha1_2_L800_zero_base,R1_H2048_alpha1_2,1,2048,1/2,800,zero,base,WHITTLE_P,LAGRANGIAN_NI,32,0.0013711404800414995,3.9173718452039735e-05,0.0012912451545132174,0.0014510358055697815,7.989532552828213e-05,False,0.0014033702482019463,5.33914179671299e-06,0.001392480996715333,0.0014142594996885596,1.088925148661322e-05,False,0.0013711404800415038,3.9173718452039105e-05,0.0012912451545132229,0.0014510358055697847,7.989532552828084e-05,False,-0.0004000959545373793,1.2808782982276555e-06,-0.00040270832304981194,-0.0003974835860249467,2.612368512432652e-06,False,"pointwise paired, finite-window; not joint with primary family"
R1_H2048_alpha1_2_L800_zero_base,R1_H2048_alpha1_2,1,2048,1/2,800,zero,base,WHITTLE_P,LAGRANGIAN_FC,32,0.0024340724945068337,0.00010473632857935077,0.0022204613440430553,0.002647683644970612,0.00021361115046377832,False,0.002533534511483893,8.495589863055076e-06,0.0025162076417231233,0.0025508613812446628,1.7326869760769845e-05,False,0.002434072494506836,0.00010473632857935152,0.002220461344043056,0.0026476836449706156,0.00021361115046377983,False,-0.0009893256425857443,1.270714028819533e-06,-0.0009919172809340464,-0.0009867340042374422,2.5916383483019906e-06,False,"pointwise paired, finite-window; not joint with primary family"
R1_H2048_alpha1_2_L800_zero_base,R1_H2048_alpha1_2,1,2048,1/2,800,zero,base,WHITTLE_P,MYOPIC_K,32,0.00018825054168698785,0.00013479097613225158,-8.665746658763655e-05,0.00046315854996161225,0.0002749080082746244,False,0.00022609524087938382,1.0257881254526874e-05,0.0002051741541292386,0.00024701632762952905,2.0921086750145216e-05,False,0.00018825054168701176,0.00013479097613225196,-8.665746658761346e-05,0.00046315854996163697,0.0002749080082746252,False,-0.0007035181671380883,1.293718844123154e-06,-0.0007061567241165339,-0.0007008796101596427,2.6385569784455915e-06,False,"pointwise paired, finite-window; not joint with primary family"
R1_H2048_alpha1_2_L800_zero_base,R1_H2048_alpha1_2,1,2048,1/2,800,zero,base,LAGRANGIAN_K,LAGRANGIAN_NI,32,0.038039333820343024,0.00011503050523397258,0.03780472755817257,0.03827394008251348,0.0002346062621704595,False,0.038132924589655434,0.00010599437435161244,0.037916747637922944,0.038349101541387924,0.00021617695173248815,False,0.03803933382034302,0.00011503050523397318,0.03780472755817256,0.038273940082513475,0.0002346062621704607,False,-0.011251251250505438,3.276094085026161e-05,-0.011318067629886144,-0.011184434871124731,6.681637938070593e-05,False,"pointwise paired, finite-window; not joint with primary family"
R1_H2048_alpha1_2_L800_zero_base,R1_H2048_alpha1_2,1,2048,1/2,800,zero,base,LAGRANGIAN_K,LAGRANGIAN_FC,32,0.03910226583480836,0.0001160657545647821,0.03886554816770734,0.039338983501909376,0.0002367176671010184,False,0.039263088852937375,0.00010603380980966318,0.039046831472057925,0.039479346233816826,0.00021625738087944742,False,0.03910226583480835,0.00011606575456478131,0.038865548167707334,0.03933898350190937,0.0002367176671010168,False,-0.011840480938553803,3.276073546905373e-05,-0.011907296899056773,-0.011773664978050833,6.681596050297082e-05,False,"pointwise paired, finite-window; not joint with primary family"
R1_H2048_alpha1_2_L800_zero_base,R1_H2048_alpha1_2,1,2048,1/2,800,zero,base,LAGRANGIAN_K,MYOPIC_K,32,0.03685644388198851,0.00014079235304009435,0.03656929598481345,0.03714359177916358,0.00028714789717506267,False,0.03695564958233287,0.00010629958336612859,0.03673885015271131,0.03717244901195443,0.00021679942962155523,False,0.036856443881988527,0.00014079235304009503,0.03656929598481346,0.03714359177916359,0.000287147897175064,False,-0.011554673463106147,3.275189314482812e-05,-0.011621471389569963,-0.011487875536642331,6.67979264638153e-05,False,"pointwise paired, finite-window; not joint with primary family"
R1_H2048_alpha1_2_L800_zero_base,R1_H2048_alpha1_2,1,2048,1/2,800,zero,base,LAGRANGIAN_NI,LAGRANGIAN_FC,32,0.0010629320144653343,0.00011301795162402235,0.0008324303824439619,0.0012934336464867067,0.00023050163202137237,False,0.0011301642632819465,6.26233965389332e-06,0.0011173921373519296,0.0011429363892119634,1.2772125930016854e-05,False,0.001062932014465332,0.00011301795162402171,0.000832430382443961,0.0012934336464867032,0.00023050163202137106,False,-0.000589229688048365,4.980540180967801e-07,-0.0005902454759153051,-0.0005882139001814248,1.015787866940143e-06,False,"pointwise paired, finite-window; not joint with primary family"
R1_H2048_alpha1_2_L800_zero_base,R1_H2048_alpha1_2,1,2048,1/2,800,zero,base,LAGRANGIAN_NI,MYOPIC_K,32,-0.0011828899383545116,0.0001422082679968309,-0.0014729256131227923,-0.000892854263586231,0.0002900356747682806,False,-0.0011772750073225625,8.921791452886842e-06,-0.0011954711209566696,-0.0011590788936884553,1.819611363410726e-05,False,-0.001182889938354492,0.00014220826799683398,-0.001472925613122779,-0.0008928542635862052,0.00029003567476828694,False,-0.000303422212600709,6.176359408987896e-07,-0.00030468188940714977,-0.0003021625357942682,1.2596768064407787e-06,False,"pointwise paired, finite-window; not joint with primary family"
R1_H2048_alpha1_2_L800_zero_base,R1_H2048_alpha1_2,1,2048,1/2,800,zero,base,LAGRANGIAN_FC,MYOPIC_K,32,-0.002245821952819846,0.00013061711611878006,-0.0025122173174736188,-0.001979426588166073,0.00026639536465377294,False,-0.002307439270604509,8.957585239028672e-06,-0.00232570838614675,-0.002289170155062268,1.826911554224096e-05,False,-0.002245821952819824,0.00013061711611878231,-0.002512217317473602,-0.0019794265881660465,0.00026639536465377755,False,0.000285807475447656,3.32393635302189e-07,0.0002851295541589606,0.00028648539673635135,6.779212886953983e-07,False,"pointwise paired, finite-window; not joint with primary family"
R1_H2048_alpha1_2_L1600_zero_base,R1_H2048_alpha1_2,1,2048,1/2,1600,zero,base,WHITTLE_K,WHITTLE_P,32,-0.0013374352455139057,3.112640451663961e-05,-0.0014009179660635662,-0.0012739525249642453,6.348272054966038e-05,False,-0.0013087498896126634,3.4912131380167083e-06,-0.0013158702657518843,-0.0013016295134734425,7.120376139220876e-06,False,-0.001337435245513916,3.1126404516640955e-05,-0.001400917966063579,-0.001273952524964253,6.348272054966312e-05,False,0.00041892919689417475,7.612462083053451e-07,0.00041737662501631774,0.00042048176877203177,1.5525718778570325e-06,False,"pointwise paired, finite-window; not joint with primary family"
R1_H2048_alpha1_2_L1600_zero_base,R1_H2048_alpha1_2,1,2048,1/2,1600,zero,base,WHITTLE_K,LAGRANGIAN_K,32,-0.030749067068099975,0.00012804818745212686,-0.031010223068195276,-0.030487911068004674,0.0002611560000953006,False,-0.030735203090657335,0.00010956486298587292,-0.030958662101969604,-0.030511744079345066,0.00022345901131226792,False,-0.030749067068099975,0.0001280481874521256,-0.031010223068195272,-0.030487911068004678,0.000261156000095298,False,0.009119063280522827,3.338555631690654e-05,0.009050972989499072,0.009187153571546583,6.809029102375544e-05,False,"pointwise paired, finite-window; not joint with primary family"
R1_H2048_alpha1_2_L1600_zero_base,R1_H2048_alpha1_2,1,2048,1/2,1600,zero,base,WHITTLE_K,LAGRANGIAN_NI,32,-0.0007503151893615556,2.6383130922218655e-05,-0.0008041239396354575,-0.0006965064390876538,5.3808750273901814e-05,False,-0.0007239295413580195,1.4217045038451686e-06,-0.0007268291268104141,-0.0007210299559056249,2.8995854523945555e-06,False,-0.0007503151893615723,2.6383130922216388e-05,-0.0008041239396354695,-0.0006965064390876751,5.380875027389719e-05,False,0.000253860913217073,2.3421865580426743e-07,0.00025338322111916327,0.0002543386053149827,4.776920979096955e-07,False,"pointwise paired, finite-window; not joint with primary family"
R1_H2048_alpha1_2_L1600_zero_base,R1_H2048_alpha1_2,1,2048,1/2,1600,zero,base,WHITTLE_K,LAGRANGIAN_FC,32,-0.00013975024223326915,4.3717406748750284e-05,-0.00022891248113892645,-5.0588003327611865e-05,8.916223890565729e-05,False,-0.00013655225597169365,2.1725571943894964e-06,-0.00014098321558271627,-0.00013212129636067102,4.430959611022633e-06,False,-0.00013975024223327636,4.371740674874668e-05,-0.0002289124811389263,-5.0588003327626434e-05,8.916223890564993e-05,False,-3.1969249248501794e-05,6.71509090832745e-08,-3.2106204430514875e-05,-3.183229406648871e-05,1.3695518201308104e-07,False,"pointwise paired, finite-window; not joint with primary family"
R1_H2048_alpha1_2_L1600_zero_base,R1_H2048_alpha1_2,1,2048,1/2,1600,zero,base,WHITTLE_K,MYOPIC_K,32,-0.002183573246002213,0.00011240971876629605,-0.0024128343789317124,-0.0019543121130727132,0.00022926113292949947,False,-0.0019939993812286842,5.243631858746826e-06,-0.002004693838912551,-0.0019833049235448174,1.0694457683866742e-05,False,-0.002183573246002197,0.00011240971876628754,-0.0024128343789316794,-0.001954312113072715,0.0002292611329294821,False,0.0001124415546655648,2.3674985040567673e-07,0.00011195870016223007,0.00011292440916889952,4.828545033347159e-07,False,"pointwise paired, finite-window; not joint with primary family"
R1_H2048_alpha1_2_L1600_zero_base,R1_H2048_alpha1_2,1,2048,1/2,1600,zero,base,WHITTLE_P,LAGRANGIAN_K,32,-0.02941163182258607,0.00013111095651946884,-0.02967903438137742,-0.02914422926379472,0.00026740255879135154,False,-0.029426453201044672,0.00011135421619630677,-0.02965356162228997,-0.029199344779799373,0.00022710842124530034,False,-0.02941163182258606,0.00013111095651946895,-0.029679034381377412,-0.029144229263794705,0.00026740255879135176,False,0.008700134083628653,3.373238215694443e-05,0.008631336436640583,0.008768931730616722,6.879764698807044e-05,False,"pointwise paired, finite-window; not joint with primary family"
R1_H2048_alpha1_2_L1600_zero_base,R1_H2048_alpha1_2,1,2048,1/2,1600,zero,base,WHITTLE_P,LAGRANGIAN_NI,32,0.0005871200561523501,1.5853164306282368e-05,0.0005547873143817557,0.0006194527979229446,3.233274177059447e-05,False,0.0005848203482546439,2.8910604308437668e-06,0.0005789239916315934,0.0005907167048776943,5.896356623050455e-06,False,0.0005871200561523437,1.5853164306281284e-05,0.0005547873143817515,0.000619452797922936,3.2332741770592264e-05,False,-0.00016506828367710176,7.263086055250504e-07,-0.00016654959984430354,-0.00016358696750989998,1.481316167201765e-06,False,"pointwise paired, finite-window; not joint with primary family"
R1_H2048_alpha1_2_L1600_zero_base,R1_H2048_alpha1_2,1,2048,1/2,1600,zero,base,WHITTLE_P,LAGRANGIAN_FC,32,0.0011976850032806366,4.292944491426816e-05,0.0011101298231316527,0.0012852401834296204,8.755518014898382e-05,False,0.0011721976336409698,3.8475994420584145e-06,0.0011643504028425445,0.0011800448644393952,7.847230798425454e-06,False,0.0011976850032806396,4.292944491426632e-05,0.0011101298231316597,0.0012852401834296196,8.755518014898005e-05,False,-0.00045089844614267655,7.555051804515424e-07,-0.0004524393091170296,-0.0004493575831683235,1.5408629743530657e-06,False,"pointwise paired, finite-window; not joint with primary family"
R1_H2048_alpha1_2_L1600_zero_base,R1_H2048_alpha1_2,1,2048,1/2,1600,zero,base,WHITTLE_P,MYOPIC_K,32,-0.0008461380004883071,0.00012361369684119644,-0.0010982497973546965,-0.0005940262036219177,0.00025211179686638935,False,-0.0006852494916160206,6.2726463833217125e-06,-0.0006980426382592951,-0.0006724563449727462,1.279314664327443e-05,False,-0.0008461380004882813,0.00012361369684119318,-0.001098249797354664,-0.0005940262036218985,0.00025211179686638273,False,-0.00030648764222860995,8.273776707212362e-07,-0.00030817509011329405,-0.00030480019434392586,1.687447884684101e-06,False,"pointwise paired, finite-window; not joint with primary family"
R1_H2048_alpha1_2_L1600_zero_base,R1_H2048_alpha1_2,1,2048,1/2,1600,zero,base,LAGRANGIAN_K,LAGRANGIAN_NI,32,0.02999875187873842,0.00012697242999053994,0.029739789900451088,0.03025771385702575,0.00025896197828733275,False,0.030011273549299316,0.00010973497008043004,0.029787467602280373,0.03023507949631826,0.00022380594701894462,False,0.029998751878738402,0.00012697242999054208,0.029739789900451064,0.03025771385702574,0.00025896197828733714,False,-0.008865202367305754,3.33258839737051e-05,-0.008933170955783172,-0.008797233778828337,6.79685884774181e-05,False,"pointwise paired, finite-window; not joint with primary family"
R1_H2048_alpha1_2_L1600_zero_base,R1_H2048_alpha1_2,1,2048,1/2,1600,zero,base,LAGRANGIAN_K,LAGRANGIAN_FC,32,0.030609316825866706,0.00011997661712343266,0.03036462290199031,0.030854010749743102,0.0002446939238763945,False,0.03059865083468564,0.0001095397892628514,0.030375242961568627,0.030822058707802656,0.00022340787311701433,False,0.0306093168258667,0.000119976617123431,0.030364622901990306,0.03085401074974309,0.00024469392387639106,False,-0.00915103252977133,3.334949750024762e-05,-0.009219049278353647,-0.009083015781189011,6.801674858231841e-05,False,"pointwise paired, finite-window; not joint with primary family"
R1_H2048_alpha1_2_L1600_zero_base,R1_H2048_alpha1_2,1,2048,1/2,1600,zero,base,LAGRANGIAN_K,MYOPIC_K,32,0.028565493822097762,0.0001359551357362292,0.028288211494657073,0.02884277614953845,0.0002772823274406883,False,0.02874120370942865,0.00010887757674962731,0.02851914642763673,0.028963260991220572,0.00022205728179192183,False,0.028565493822097776,0.00013595513573622821,0.02828821149465709,0.028842776149538462,0.0002772823274406863,False,-0.009006621725857263,3.330626081285414e-05,-0.009074550292634265,-0.00893869315908026,6.792856677700177e-05,False,"pointwise paired, finite-window; not joint with primary family"
R1_H2048_alpha1_2_L1600_zero_base,R1_H2048_alpha1_2,1,2048,1/2,1600,zero,base,LAGRANGIAN_NI,LAGRANGIAN_FC,32,0.0006105649471282865,4.1888352420770344e-05,0.0005251330891187338,0.0006959968051378392,8.543185800955265e-05,False,0.0005873772853863259,2.409041157039103e-06,0.0005824640135536223,0.0005922905572190296,4.913271832703612e-06,False,0.0006105649471282959,4.188835242076734e-05,0.0005251330891187494,0.0006959968051378424,8.543185800954652e-05,False,-0.0002858301624655748,2.3144950796970998e-07,-0.00028630220684924086,-0.0002853581180819087,4.7204438366605615e-07,False,"pointwise paired, finite-window; not joint with primary family"
R1_H2048_alpha1_2_L1600_zero_base,R1_H2048_alpha1_2,1,2048,1/2,1600,zero,base,LAGRANGIAN_NI,MYOPIC_K,32,-0.0014332580566406572,0.00011712823870498589,-0.0016721426744322043,-0.0011943734388491101,0.00023888461779154695,False,-0.0012700698398706645,5.342904347260239e-06,-0.0012809667651297117,-0.0012591729146116174,1.0896925259047082e-05,False,-0.0014332580566406249,0.00011712823870498454,-0.0016721426744321691,-0.0011943734388490806,0.00023888461779154418,False,-0.0001414193585515082,3.4017696625142725e-07,-0.00014211315404833233,-0.00014072556305468406,6.93795496824123e-07,False,"pointwise paired, finite-window; not joint with primary family"
R1_H2048_alpha1_2_L1600_zero_base,R1_H2048_alpha1_2,1,2048,1/2,1600,zero,base,LAGRANGIAN_FC,MYOPIC_K,32,-0.0020438230037689437,0.00011083205992940554,-0.002269866480286779,-0.0018177795272511085,0.00022604347651783514,False,-0.0018574471252569905,5.584897778528577e-06,-0.001868837599373049,-0.001846056651140932,1.1390474116058463e-05,False,-0.0020438230037689207,0.00011083205992940234,-0.0022698664802867493,-0.001817779527251092,0.00022604347651782863,False,0.0001444108039140666,2.203153100756055e-07,0.0001439614678767204,0.00014486013995141278,4.493360373461915e-07,False,"pointwise paired, finite-window; not joint with primary family"
R16_H2048_alpha1_2_L50_zero_base,R16_H2048_alpha1_2,16,2048,1/2,50,zero,base,WHITTLE_K,WHITTLE_P,32,-0.15611495971679673,0.017333784925478043,-0.19146744714925257,-0.1207624722843409,0.03535248743245583,False,-0.16333829749020293,0.0039019724352990716,-0.17129642273946352,-0.15538017224094233,0.007958125249260595,False,-0.15611495971679687,0.017333784925478043,-0.1914674471492527,-0.12076247228434103,0.03535248743245583,False,0.00938978791236878,3.9724436557884096e-05,0.009308769389858454,0.009470806434879105,8.101852251032566e-05,False,"pointwise paired, finite-window; not joint with primary family"
R16_H2048_alpha1_2_L50_zero_base,R16_H2048_alpha1_2,16,2048,1/2,50,zero,base,WHITTLE_K,LAGRANGIAN_K,32,-0.42900100708007805,0.011586240012280789,-0.4526312993783008,-0.40537071478185527,0.023630292298222753,False,-0.4094408845547799,0.00647998567535311,-0.4226569024721187,-0.3962248666374411,0.013216017917338778,False,-0.4290010070800781,0.011586240012280771,-0.4526312993783008,-0.4053707147818554,0.023630292298222718,False,0.03972588658332825,0.0006575659745375498,0.038384771936366156,0.04106700123029034,0.001341114646962091,False,"pointwise paired, finite-window; not joint with primary family"
R16_H2048_alpha1_2_L50_zero_base,R16_H2048_alpha1_2,16,2048,1/2,50,zero,base,WHITTLE_K,LAGRANGIAN_NI,32,-0.02020481109619135,0.009871920560022254,-0.0403387258201139,-7.089637226880344e-05,0.020133914723922546,False,-0.008646362880534214,0.002128816502246956,-0.01298811276177745,-0.004304612999290978,0.004341749881243236,False,-0.0202048110961914,0.00987192056002225,-0.04033872582011394,-7.089637226886242e-05,0.02013391472392254,False,0.0009260094165801994,2.0410305179187774e-05,0.0008843823247221916,0.0009676365084382071,4.162709185800772e-05,False,"pointwise paired, finite-window; not joint with primary family"
R16_H2048_alpha1_2_L50_zero_base,R16_H2048_alpha1_2,16,2048,1/2,50,zero,base,WHITTLE_K,LAGRANGIAN_FC,32,-0.00633213043212888,0.016019792755919453,-0.03900471316631038,0.02634045230205262,0.0326725827341815,False,0.0037637667615049632,0.002859643668987895,-0.0020685149532982073,0.009596048476308135,0.005832281714803171,False,-0.006332130432128917,0.016019792755919467,-0.03900471316631044,0.02634045230205261,0.03267258273418153,False,-0.001164203882217404,9.559451625046067e-06,-0.0011837005123468615,-0.0011447072520879467,1.949663012945745e-05,False,"pointwise paired, finite-window; not joint with primary family"
R16_H2048_alpha1_2_L50_zero_base,R16_H2048_alpha1_2,16,2048,1/2,50,zero,base,WHITTLE_K,MYOPIC_K,32,-4.393789710998535,0.045524721331448637,-4.4866379922974735,-4.300941429699596,0.09284828129893889,False,-4.428419130793666,0.015671234092114166,-4.460380823446158,-4.396457438141173,0.03196169265249265,False,-4.3937897109985355,0.04552472133144863,-4.486637992297474,-4.300941429699597,0.09284828129893888,False,-0.0009143006801605232,1.622605361400211e-05,-0.0009473939346882295,-0.0008812074256328169,3.3093254527706335e-05,False,"pointwise paired, finite-window; not joint with primary family"
R16_H2048_alpha1_2_L50_zero_base,R16_H2048_alpha1_2,16,2048,1/2,50,zero,base,WHITTLE_P,LAGRANGIAN_K,32,-0.27288604736328137,0.018604562164104877,-0.31083030206129114,-0.2349417926652716,0.03794425469800976,False,-0.24610258706457697,0.007919372575482132,-0.26225425391929574,-0.2299509202098582,0.016151666854718763,False,-0.27288604736328126,0.018604562164104863,-0.310830302061291,-0.23494179266527154,0.03794425469800973,False,0.030336098670959474,0.0006657464726795181,0.02897829978803862,0.03169389755388033,0.0013577988829208561,False,"pointwise paired, finite-window; not joint with primary family"
R16_H2048_alpha1_2_L50_zero_base,R16_H2048_alpha1_2,16,2048,1/2,50,zero,base,WHITTLE_P,LAGRANGIAN_NI,32,0.13591014862060538,0.01807510775654752,0.0990457233060627,0.17277457393514806,0.03686442531454268,False,0.1546919346096687,0.00421091648171093,0.14610371382356702,0.1632801553957704,0.008588220786101696,False,0.13591014862060546,0.018075107756547526,0.09904572330606276,0.17277457393514817,0.0368644253145427,False,-0.00846377849578858,4.4664107128264563e-05,-0.008554871542847965,-0.008372685448729196,9.109304705938524e-05,False,"pointwise paired, finite-window; not joint with primary family"
R16_H2048_alpha1_2_L50_zero_base,R16_H2048_alpha1_2,16,2048,1/2,50,zero,base,WHITTLE_P,LAGRANGIAN_FC,32,0.14978282928466785,0.019556557879777604,0.10989696652363179,0.1896686920457039,0.039885862761036055,False,0.1671020642517079,0.004266341602254699,0.15840080318698904,0.17580332531642676,0.008701261064718855,False,0.14978282928466796,0.019556557879777614,0.10989696652363189,0.18966869204570402,0.039885862761036076,False,-0.010553991794586184,3.68106393279853e-05,-0.010629067588466058,-0.01047891600070631,7.507579387987447e-05,False,"pointwise paired, finite-window; not joint with primary family"
R16_H2048_alpha1_2_L50_zero_base,R16_H2048_alpha1_2,16,2048,1/2,50,zero,base,WHITTLE_P,MYOPIC_K,32,-4.237674751281738,0.04666818330214354,-4.332855138645352,-4.142494363918124,0.09518038736361409,False,-4.265080833303462,0.015431089795848826,-4.296552748434646,-4.233608918172278,0.03147191513118409,False,-4.237674751281738,0.04666818330214354,-4.332855138645352,-4.142494363918124,0.09518038736361409,False,-0.010304088592529303,4.075575790264092e-05,-0.010387210508789815,-0.01022096667626879,8.312191626051283e-05,False,"pointwise paired, finite-window; not joint with primary family"
R16_H2048_alpha1_2_L50_zero_base,R16_H2048_alpha1_2,16,2048,1/2,50,zero,base,LAGRANGIAN_K,LAGRANGIAN_NI,32,0.4087961959838867,0.00904445803852843,0.3903499021989399,0.42724248976883356,0.01844629378494682,False,0.4007945216742457,0.005821999937594944,0.3889204745166017,0.4126685688318896,0.011874047157643938,False,0.4087961959838867,0.009044458038528434,0.3903499021989399,0.42724248976883356,0.018446293784946825,False,-0.038799877166748056,0.0006415678352838476,-0.0401083633935849,-0.03749139093991121,0.0013084862268368431,False,"pointwise paired, finite-window; not joint with primary family"
R16_H2048_alpha1_2_L50_zero_base,R16_H2048_alpha1_2,16,2048,1/2,50,zero,base,LAGRANGIAN_K,LAGRANGIAN_FC,32,0.42266887664794917,0.016142741894242467,0.38974553749293506,0.4555922158029633,0.032923339155014136,False,0.41320465131628487,0.006236780910354297,0.4004846527873889,0.42592464984518086,0.01271999852889602,False,0.4226688766479492,0.01614274189424247,0.38974553749293506,0.4555922158029634,0.03292333915501414,False,-0.040890090465545655,0.0006556453303499204,-0.04222728793286133,-0.03955289299822998,0.0013371974673156777,False,"pointwise paired, finite-window; not joint with primary family"
R16_H2048_alpha1_2_L50_zero_base,R16_H2048_alpha1_2,16,2048,1/2,50,zero,base,LAGRANGIAN_K,MYOPIC_K,32,-3.964788703918457,0.04486318749550012,-4.056287778063733,-3.873289629773181,0.0914990741452757,False,-4.018978246238886,0.019903382895618205,-4.059571463283276,-3.9783850291944964,0.04059321704438961,False,-3.9647887039184573,0.04486318749550011,-4.056287778063733,-3.873289629773182,0.09149907414527568,False,-0.040640187263488774,0.0006610681742566442,-0.04198844469386993,-0.03929192983310762,0.0013482574303811496,False,"pointwise paired, finite-window; not joint with primary family"
R16_H2048_alpha1_2_L50_zero_base,R16_H2048_alpha1_2,16,2048,1/2,50,zero,base,LAGRANGIAN_NI,LAGRANGIAN_FC,32,0.01387268066406247,0.01292621933561236,-0.012490517481988185,0.040235878810113125,0.026363198146050655,False,0.012410129642039178,0.002357948533630108,0.007601061901789879,0.017219197382288477,0.004809067740249299,False,0.013872680664062486,0.012926219335612363,-0.012490517481988176,0.040235878810113146,0.026363198146050662,False,-0.0020902132987976035,2.0402258808880555e-05,-0.002131823979975175,-0.002048602617620032,4.161068117757146e-05,False,"pointwise paired, finite-window; not joint with primary family"
R16_H2048_alpha1_2_L50_zero_base,R16_H2048_alpha1_2,16,2048,1/2,50,zero,base,LAGRANGIAN_NI,MYOPIC_K,32,-4.373584899902344,0.04571872321786667,-4.466828850657259,-4.280340949147429,0.09324395075491475,False,-4.419772767913131,0.015823896738872543,-4.45204581808645,-4.3874997177398125,0.03227305017331883,False,-4.373584899902344,0.045718723217866686,-4.466828850657259,-4.280340949147429,0.09324395075491478,False,-0.0018403100967407226,2.7907046954476744e-05,-0.0018972268942535938,-0.0017833932992278514,5.691679751287125e-05,False,"pointwise paired, finite-window; not joint with primary family"
R16_H2048_alpha1_2_L50_zero_base,R16_H2048_alpha1_2,16,2048,1/2,50,zero,base,LAGRANGIAN_FC,MYOPIC_K,32,-4.387457580566406,0.04842576707634415,-4.486222583670671,-4.288692577462141,0.09876500310426437,False,-4.43218289755517,0.016661718161292544,-4.466164695785193,-4.398201099325147,0.03398179823002338,False,-4.387457580566406,0.04842576707634416,-4.486222583670671,-4.288692577462141,0.09876500310426439,False,0.0002499032020568809,1.3747964995392566e-05,0.0002218640425881906,0.00027794236152557113,2.8039159468690274e-05,False,"pointwise paired, finite-window; not joint with primary family"
R16_H2048_alpha1_2_L200_zero_base,R16_H2048_alpha1_2,16,2048,1/2,200,zero,base,WHITTLE_K,WHITTLE_P,32,-0.0414180278778076,0.004620025029520197,-0.05084063104820201,-0.03199542470741319,0.009422603170394405,False,-0.035681048475215346,0.000566087608840412,-0.036835591765283754,-0.03452650518514694,0.0011545432900684103,False,-0.041418027877807614,0.00462002502952021,-0.050840631048202044,-0.031995424707413185,0.009422603170394431,False,0.0023086228966712977,5.805530154573167e-06,0.002296782439857586,0.0023204633534850095,1.1840456813711793e-05,False,"pointwise paired, finite-window; not joint with primary family"
R16_H2048_alpha1_2_L200_zero_base,R16_H2048_alpha1_2,16,2048,1/2,200,zero,base,WHITTLE_K,LAGRANGIAN_K,32,-0.2772506427764893,0.0056331096777301115,-0.2887394457092456,-0.265761839843733,0.0114888029327563,False,-0.2747237440277755,0.004059632117221605,-0.2830034183182717,-0.2664440697372793,0.008279674290496183,False,-0.27725064277648925,0.005633109677730101,-0.28873944570924553,-0.26576183984373297,0.01148880293275628,False,0.02106421977281571,0.0003524004012304498,0.020345494415990716,0.021782945129640702,0.0007187253568249917,False,"pointwise paired, finite-window; not joint with primary family"
R16_H2048_alpha1_2_L200_zero_base,R16_H2048_alpha1_2,16,2048,1/2,200,zero,base,WHITTLE_K,LAGRANGIAN_NI,32,-0.0070424365997315,0.003836209735495783,-0.014866437938471958,0.0007815647390089584,0.007824001338740458,False,-0.004430051521994077,0.0003906633693805439,-0.005226814716860224,-0.0036332883271279312,0.0007967631948661461,False,-0.007042436599731447,0.003836209735495806,-0.014866437938471953,0.0007815647390090582,0.007824001338740505,False,0.0003007006645202731,1.5740418333718988e-06,0.00029749038503592065,0.00030391094400462556,3.210279484352442e-06,False,"pointwise paired, finite-window; not joint with primary family"
R16_H2048_alpha1_2_L200_zero_base,R16_H2048_alpha1_2,16,2048,1/2,200,zero,base,WHITTLE_K,LAGRANGIAN_FC,32,0.005188207626342756,0.004957367317675432,-0.004922409676782383,0.015298824929467894,0.010110617303125138,False,0.0023715727849744975,0.000558871799759152,0.001231746234553946,0.0035113993353950487,0.0011398265504205514,False,0.005188207626342774,0.004957367317675438,-0.004922409676782377,0.015298824929467925,0.01011061730312515,False,-0.001117298305034634,1.955680704692926e-06,-0.0011212869421287131,-0.0011133096679405547,3.988637094079226e-06,False,"pointwise paired, finite-window; not joint with primary family"
R16_H2048_alpha1_2_L200_zero_base,R16_H2048_alpha1_2,16,2048,1/2,200,zero,base,WHITTLE_K,MYOPIC_K,32,-4.571042051315308,0.021944901388606584,-4.615798972777214,-4.5262851298534015,0.04475692146190634,False,-4.598796894926219,0.009630778613457179,-4.618438997407631,-4.579154792444806,0.019642102481412873,False,-4.571042051315308,0.021944901388606605,-4.615798972777214,-4.5262851298534015,0.04475692146190638,False,-0.0005986556410789469,2.5933411733722773e-06,-0.0006039447952731331,-0.0005933664868847607,5.289154194186199e-06,False,"pointwise paired, finite-window; not joint with primary family"
R16_H2048_alpha1_2_L200_zero_base,R16_H2048_alpha1_2,16,2048,1/2,200,zero,base,WHITTLE_P,LAGRANGIAN_K,32,-0.2358326148986817,0.004832022571189363,-0.24568758990591336,-0.22597763989145006,0.009854975007231651,False,-0.23904269555256014,0.004196482208448814,-0.24760147744425479,-0.23048391366086549,0.008558781891694652,False,-0.23583261489868165,0.004832022571189361,-0.2456875899059133,-0.22597763989145,0.009854975007231646,False,0.018755596876144413,0.0003536220748953352,0.01803437989945278,0.019476813852836047,0.0007212169766916339,False,"pointwise paired, finite-window; not joint with primary family"
R16_H2048_alpha1_2_L200_zero_base,R16_H2048_alpha1_2,16,2048,1/2,200,zero,base,WHITTLE_P,LAGRANGIAN_NI,32,0.0343755912780761,0.00367927519240686,0.02687166005016958,0.041879522505982626,0.007503931227906523,False,0.03125099695322127,0.0005468570525777765,0.030135674641232187,0.03236631926521035,0.0011153223119890828,False,0.03437559127807617,0.0036792751924068757,0.026871660050169617,0.04187952250598272,0.007503931227906555,False,-0.0020079222321510246,5.79278687156796e-06,-0.002019736698867696,-0.001996107765434353,1.1814466716671438e-05,False,"pointwise paired, finite-window; not joint with primary family"
R16_H2048_alpha1_2_L200_zero_base,R16_H2048_alpha1_2,16,2048,1/2,200,zero,base,WHITTLE_P,LAGRANGIAN_FC,32,0.046606235504150356,0.005511109249114989,0.035366254086020725,0.05784621692227999,0.011239981418129633,False,0.038052621260189844,0.0008178763210590499,0.036384551505900684,0.039720691014479004,0.0016680697542891581,False,0.04660623550415039,0.0055111092491149875,0.03536625408602076,0.05784621692228002,0.01123998141812963,False,-0.0034259212017059316,6.305804681172105e-06,-0.0034387819751435316,-0.0034130604282683317,1.2860773437599923e-05,False,"pointwise paired, finite-window; not joint with primary family"
R16_H2048_alpha1_2_L200_zero_base,R16_H2048_alpha1_2,16,2048,1/2,200,zero,base,WHITTLE_P,MYOPIC_K,32,-4.5296240234375,0.023389446372453115,-4.577327113817886,-4.481920933057114,0.04770309038038582,False,-4.563115846451003,0.00945077551566309,-4.582390830194072,-4.543840862707935,0.01927498374306882,False,-4.5296240234375,0.023389446372453097,-4.577327113817886,-4.481920933057114,0.04770309038038578,False,-0.0029072785377502446,6.992885429771516e-06,-0.002921540621613373,-0.0028930164538871163,1.4262083863128532e-05,False,"pointwise paired, finite-window; not joint with primary family"
R16_H2048_alpha1_2_L200_zero_base,R16_H2048_alpha1_2,16,2048,1/2,200,zero,base,LAGRANGIAN_K,LAGRANGIAN_NI,32,0.2702082061767578,0.0050221760033798465,0.2599654106876952,0.2804510016658204,0.01024279548906257,False,0.2702936925057814,0.003984630028166544,0.26216698598442084,0.27842039902714194,0.008126706521360565,False,0.27020820617675784,0.005022176003379833,0.2599654106876953,0.2804510016658204,0.010242795489062541,False,-0.020763519108295436,0.00035185550126157406,-0.021481133134306964,-0.020045905082283908,0.0007176140260115286,False,"pointwise paired, finite-window; not joint with primary family"
R16_H2048_alpha1_2_L200_zero_base,R16_H2048_alpha1_2,16,2048,1/2,200,zero,base,LAGRANGIAN_K,LAGRANGIAN_FC,32,0.28243885040283206,0.007182491173485358,0.26779006307588515,0.297087637729779,0.014648787326946905,False,0.27709531681274996,0.0038764861186211053,0.26918917124905317,0.28500146237644675,0.007906145563696766,False,0.282438850402832,0.007182491173485336,0.26779006307588515,0.29708763772977886,0.01464878732694686,False,-0.022181518077850345,0.00035202945432859207,-0.022899486883481097,-0.021463549272219593,0.0007179688056307538,False,"pointwise paired, finite-window; not joint with primary family"
R16_H2048_alpha1_2_L200_zero_base,R16_H2048_alpha1_2,16,2048,1/2,200,zero,base,LAGRANGIAN_K,MYOPIC_K,32,-4.2937914085388185,0.024379033880796843,-4.343512775948858,-4.244070041128779,0.04972136741003877,False,-4.324073150898443,0.012895236759959211,-4.350373159664845,-4.2977731421320415,0.026300008766402063,False,-4.2937914085388185,0.024379033880796815,-4.343512775948857,-4.24407004112878,0.049721367410038714,False,-0.02166287541389466,0.0003510245019390034,-0.022378794605613858,-0.02094695622217546,0.0007159191917191995,False,"pointwise paired, finite-window; not joint with primary family"
R16_H2048_alpha1_2_L200_zero_base,R16_H2048_alpha1_2,16,2048,1/2,200,zero,base,LAGRANGIAN_NI,LAGRANGIAN_FC,32,0.012230644226074255,0.005290652585732188,0.0014402871372615322,0.023021001314886977,0.010790357088812723,False,0.006801624306968575,0.0005665418724043736,0.005646154540253257,0.007957094073683894,0.001155469766715318,False,0.01223064422607422,0.005290652585732193,0.0014402871372614888,0.023021001314886953,0.010790357088812732,False,-0.001417998969554907,2.37655998595369e-06,-0.0014228459956024272,-0.0014131519435073869,4.847026047520209e-06,False,"pointwise paired, finite-window; not joint with primary family"
R16_H2048_alpha1_2_L200_zero_base,R16_H2048_alpha1_2,16,2048,1/2,200,zero,base,LAGRANGIAN_NI,MYOPIC_K,32,-4.563999614715576,0.02237884788716992,-4.609641575896319,-4.518357653534833,0.0456419611807429,False,-4.594366843404225,0.009668855168416061,-4.614086603531469,-4.5746470832769806,0.019719760127243965,False,-4.563999614715576,0.022378847887169935,-4.609641575896319,-4.518357653534833,0.04564196118074293,False,-0.00089935630559922,2.6785507894756075e-06,-0.0009048192459512112,-0.0008938933652472288,5.462940351991216e-06,False,"pointwise paired, finite-window; not joint with primary family"
R16_H2048_alpha1_2_L200_zero_base,R16_H2048_alpha1_2,16,2048,1/2,200,zero,base,LAGRANGIAN_FC,MYOPIC_K,32,-4.57623025894165,0.022319396543524675,-4.621750968307622,-4.530709549575678,0.04552070936597209,False,-4.601168467711193,0.009743335959323826,-4.6210401324129915,-4.581296803009394,0.01987166470179859,False,-4.57623025894165,0.02231939654352465,-4.621750968307622,-4.530709549575678,0.045520709365972044,False,0.000518642663955687,1.462114559838451e-06,0.0005156606616507246,0.0005216246662606495,2.9820023049624864e-06,False,"pointwise paired, finite-window; not joint with primary family"
R16_H2048_alpha1_2_L400_zero_base,R16_H2048_alpha1_2,16,2048,1/2,400,zero,base,WHITTLE_K,WHITTLE_P,32,-0.024660730361938527,0.002520410907751201,-0.029801142298741277,-0.019520318425135776,0.005140411936802751,False,-0.02670836649954661,0.00027811507940214274,-0.027275585943632885,-0.026141147055460334,0.0005672194440862749,False,-0.024660730361938474,0.0025204109077512056,-0.029801142298741236,-0.019520318425135713,0.005140411936802761,False,0.0017159923911094707,4.110588060144797e-06,0.001707608791488209,0.0017243759907307325,8.383599621261842e-06,False,"pointwise paired, finite-window; not joint with primary family"
R16_H2048_alpha1_2_L400_zero_base,R16_H2048_alpha1_2,16,2048,1/2,400,zero,base,WHITTLE_K,LAGRANGIAN_K,32,-0.21681421279907237,0.004700830929828976,-0.2264016206896947,-0.20722680490845005,0.009587407890622329,False,-0.21790929387075447,0.0033563445308008723,-0.2247546036720619,-0.21106398406944704,0.006845309801307422,False,-0.21681421279907226,0.004700830929828979,-0.2264016206896946,-0.2072268049084499,0.009587407890622334,False,0.015241361707448962,0.0002735967086806615,0.014683357541204952,0.01579936587369297,0.0005580041662440101,False,"pointwise paired, finite-window; not joint with primary family"
R16_H2048_alpha1_2_L400_zero_base,R16_H2048_alpha1_2,16,2048,1/2,400,zero,base,WHITTLE_K,LAGRANGIAN_NI,32,-0.008482561111450238,0.002755867690592326,-0.014103190322902703,-0.0028619318999977723,0.005620629211452465,False,-0.009120403369530588,0.0002552671441620242,-0.009641024142472246,-0.00859978259658893,0.0005206207729416588,False,-0.008482561111450194,0.002755867690592343,-0.014103190322902692,-0.002861931899997695,0.005620629211452499,False,0.0005903340876102486,2.765117742922278e-06,0.0005846945927926893,0.0005959735824278079,5.639494817559273e-06,False,"pointwise paired, finite-window; not joint with primary family"
R16_H2048_alpha1_2_L400_zero_base,R16_H2048_alpha1_2,16,2048,1/2,400,zero,base,WHITTLE_K,LAGRANGIAN_FC,32,0.0023189258575438965,0.0037334046007362624,-0.005295403026495924,0.009933254741583717,0.007614328884039821,False,-0.0032306412014995213,0.000308196486306419,-0.0038592120794535894,-0.002602070323545453,0.0006285708779540681,False,0.0023189258575439446,0.0037334046007362737,-0.0052954030264959,0.009933254741583788,0.007614328884039844,False,-0.000674250572919843,1.199009290408462e-06,-0.0006766959684899853,-0.0006718051773497007,2.445395570142274e-06,False,"pointwise paired, finite-window; not joint with primary family"
R16_H2048_alpha1_2_L400_zero_base,R16_H2048_alpha1_2,16,2048,1/2,400,zero,base,WHITTLE_K,MYOPIC_K,32,-4.601996517181396,0.01765656048283392,-4.638007309703247,-4.565985724659545,0.036010792521851236,False,-4.61986101607336,0.00648088636564394,-4.633078870960658,-4.606643161186062,0.013217854887297965,False,-4.601996517181396,0.017656560482833938,-4.638007309703247,-4.565985724659545,0.03601079252185127,False,-0.0004730553925037361,1.2503562089244682e-06,-0.0004756055108046228,-0.0004705052742028494,2.5501183008866896e-06,False,"pointwise paired, finite-window; not joint with primary family"
R16_H2048_alpha1_2_L400_zero_base,R16_H2048_alpha1_2,16,2048,1/2,400,zero,base,WHITTLE_P,LAGRANGIAN_K,32,-0.19215348243713384,0.0039493625013998475,-0.2002082603634326,-0.1840987045108351,0.008054777926298742,False,-0.19120092737120786,0.003500670446290796,-0.19834059181782046,-0.18406126292459526,0.007139664446612594,False,-0.1921534824371338,0.003949362501399825,-0.20020826036343248,-0.1840987045108351,0.008054777926298697,False,0.013525369316339492,0.00027618674880902844,0.012962082728426971,0.014088655904252012,0.0005632865879125207,False,"pointwise paired, finite-window; not joint with primary family"
R16_H2048_alpha1_2_L400_zero_base,R16_H2048_alpha1_2,16,2048,1/2,400,zero,base,WHITTLE_P,LAGRANGIAN_NI,32,0.01617816925048829,0.0015226501656011309,0.013072703763587065,0.01928363473738951,0.003105465486901224,False,0.017587963130016024,0.00021580042858895733,0.017147835254170737,0.01802809100586131,0.00044012787584528633,False,0.016178169250488282,0.0015226501656011176,0.013072703763587084,0.01928363473738948,0.0031054654869011973,False,-0.0011256583034992221,2.9158981296123123e-06,-0.0011316053169428885,-0.0011197112900555558,5.947013443666448e-06,False,"pointwise paired, finite-window; not joint with primary family"
R16_H2048_alpha1_2_L400_zero_base,R16_H2048_alpha1_2,16,2048,1/2,400,zero,base,WHITTLE_P,LAGRANGIAN_FC,32,0.026979656219482423,0.0039994925666590455,0.018822637351018814,0.03513667508794603,0.008157018868463607,False,0.02347772529804709,0.0003038848332138253,0.02285794809455156,0.024097502501542616,0.0006197772034955265,False,0.02697965621948242,0.003999492566659041,0.01882263735101882,0.03513667508794602,0.008157018868463598,False,-0.0023902429640293137,3.3076373575210055e-06,-0.002396988934895781,-0.0023834969931628464,6.7459708664671745e-06,False,"pointwise paired, finite-window; not joint with primary family"
R16_H2048_alpha1_2_L400_zero_base,R16_H2048_alpha1_2,16,2048,1/2,400,zero,base,WHITTLE_P,MYOPIC_K,32,-4.577335786819458,0.017381865791580083,-4.612786335824843,-4.541885237814073,0.03545054900538533,False,-4.593152649573813,0.006350309410067978,-4.606104191004425,-4.580201108143202,0.012951541430611283,False,-4.577335786819458,0.017381865791580083,-4.612786335824843,-4.541885237814073,0.03545054900538533,False,-0.002189047783613207,3.399878519455087e-06,-0.00219598188156975,-0.0021821136856566637,6.9340979565429625e-06,False,"pointwise paired, finite-window; not joint with primary family"
R16_H2048_alpha1_2_L400_zero_base,R16_H2048_alpha1_2,16,2048,1/2,400,zero,base,LAGRANGIAN_K,LAGRANGIAN_NI,32,0.20833165168762213,0.003973917487881537,0.2002267935362179,0.21643650983902638,0.00810485815140423,False,0.2087888905012239,0.0034069026009965427,0.20184046683592854,0.21573731416651926,0.006948423665295346,False,0.20833165168762208,0.0039739174878815255,0.20022679353621786,0.2164365098390263,0.008104858151404206,False,-0.014651027619838714,0.00027539460646039274,-0.015212698622779732,-0.014089356616897695,0.0005616710029410181,False,"pointwise paired, finite-window; not joint with primary family"
R16_H2048_alpha1_2_L400_zero_base,R16_H2048_alpha1_2,16,2048,1/2,400,zero,base,LAGRANGIAN_K,LAGRANGIAN_FC,32,0.21913313865661627,0.0048540283708288275,0.20923328252512122,0.22903299478811132,0.009899856131495044,False,0.21467865266925495,0.0033644034405808814,0.2078169066130879,0.221540398725422,0.006861746056167047,False,0.2191331386566162,0.0048540283708288215,0.2092332825251212,0.22903299478811123,0.009899856131495032,False,-0.015915612280368807,0.0002742266739800523,-0.016474901269311688,-0.015356323291425927,0.0005592889889428807,False,"pointwise paired, finite-window; not joint with primary family"
R16_H2048_alpha1_2_L400_zero_base,R16_H2048_alpha1_2,16,2048,1/2,400,zero,base,LAGRANGIAN_K,MYOPIC_K,32,-4.385182304382324,0.018452751111184038,-4.42281693839659,-4.3475476703680584,0.03763463401426611,False,-4.401951722202606,0.00939953190435965,-4.421122193911379,-4.382781250493832,0.019170471708773545,False,-4.385182304382324,0.018452751111184027,-4.42281693839659,-4.3475476703680584,0.03763463401426609,False,-0.0157144170999527,0.0002740152983722263,-0.016273274985501178,-0.01515555921440422,0.0005588578855484793,False,"pointwise paired, finite-window; not joint with primary family"
R16_H2048_alpha1_2_L400_zero_base,R16_H2048_alpha1_2,16,2048,1/2,400,zero,base,LAGRANGIAN_NI,LAGRANGIAN_FC,32,0.010801486968994134,0.0039007322121100228,0.002845891171604137,0.01875708276638413,0.007955595797389997,False,0.005889762168031066,0.00030714379419394245,0.00526333826979531,0.006516186066266823,0.0006264238982357567,False,0.01080148696899414,0.003900732212110028,0.0028458911716041316,0.018757082766384145,0.007955595797390008,False,-0.0012645846605300916,2.2444706829498e-06,-0.0012691622886680102,-0.001260007032392173,4.577628137918647e-06,False,"pointwise paired, finite-window; not joint with primary family"
R16_H2048_alpha1_2_L400_zero_base,R16_H2048_alpha1_2,16,2048,1/2,400,zero,base,LAGRANGIAN_NI,MYOPIC_K,32,-4.5935139560699465,0.017382590793830414,-4.62896598372717,-4.558061928412723,0.035452027657223543,False,-4.61074061270383,0.006438450530758268,-4.6238719191352695,-4.59760930627239,0.013131306431439579,False,-4.5935139560699465,0.017382590793830425,-4.62896598372717,-4.558061928412723,0.035452027657223564,False,-0.0010633894801139847,2.454393426779487e-06,-0.0010683952485106485,-0.001058383711717321,5.005768396663722e-06,False,"pointwise paired, finite-window; not joint with primary family"
R16_H2048_alpha1_2_L400_zero_base,R16_H2048_alpha1_2,16,2048,1/2,400,zero,base,LAGRANGIAN_FC,MYOPIC_K,32,-4.60431544303894,0.017906976544021645,-4.640836962484777,-4.567793923593103,0.03652151944583723,False,-4.6166303748718605,0.0064881350172769576,-4.629863013481632,-4.603397736262089,0.013232638609771747,False,-4.60431544303894,0.017906976544021663,-4.640836962484777,-4.567793923593103,0.036521519445837265,False,0.0002011951804161069,6.097616690411233e-07,0.0001999515632930004,0.0002024387975392134,1.2436171231064873e-06,False,"pointwise paired, finite-window; not joint with primary family"
R16_H2048_alpha1_2_L800_zero_base,R16_H2048_alpha1_2,16,2048,1/2,800,zero,base,WHITTLE_K,WHITTLE_P,32,-0.014665820598602303,0.0010496683363297754,-0.016806633284803425,-0.012525007912401178,0.0021408126862011243,False,-0.015334678870695229,7.932440211532342e-05,-0.015496462055436786,-0.015172895685953671,0.0001617831847415578,False,-0.014665820598602296,0.0010496683363297623,-0.016806633284803394,-0.012525007912401197,0.002140812686201098,False,0.000995926335453987,1.356249929481607e-06,0.000993160245486135,0.0009986924254218388,2.766089967851918e-06,False,"pointwise paired, finite-window; not joint with primary family"
R16_H2048_alpha1_2_L800_zero_base,R16_H2048_alpha1_2,16,2048,1/2,800,zero,base,WHITTLE_K,LAGRANGIAN_K,32,-0.16115320205688474,0.003025526052928398,-0.16732380312425485,-0.15498260098951464,0.0061706010673701185,False,-0.16191680440950396,0.002167502912546661,-0.16633745574474626,-0.15749615307426165,0.004420651335242293,False,-0.16115320205688477,0.0030255260529283884,-0.16732380312425488,-0.15498260098951466,0.0061706010673700995,False,0.010601498186588284,0.00015229783047705146,0.010290884713473336,0.010912111659703232,0.0003106134731149472,False,"pointwise paired, finite-window; not joint with primary family"
R16_H2048_alpha1_2_L800_zero_base,R16_H2048_alpha1_2,16,2048,1/2,800,zero,base,WHITTLE_K,LAGRANGIAN_NI,32,-0.006280710697174063,0.0014608796535764538,-0.009260194394210167,-0.003301227000137959,0.0029794836970361044,False,-0.006034424997275514,9.334785041637076e-05,-0.006224809193391903,-0.005844040801159125,0.0001903841961163887,False,-0.006280710697174074,0.001460879653576439,-0.009260194394210148,-0.0033012270001379997,0.002979483697036074,False,0.0004196552932262433,2.494535115255656e-06,0.0004145676553161714,0.0004247429311363152,5.087637910071925e-06,False,"pointwise paired, finite-window; not joint with primary family"
R16_H2048_alpha1_2_L800_zero_base,R16_H2048_alpha1_2,16,2048,1/2,800,zero,base,WHITTLE_K,LAGRANGIAN_FC,32,-0.005124981403350826,0.0020923136868464315,-0.009392283301753367,-0.0008576795049482847,0.004267301898402541,False,-0.005388605231842095,0.0001452663927517897,-0.005684877993168872,-0.005092332470515318,0.00029627276132677683,False,-0.005124981403350833,0.002092313686846443,-0.009392283301753398,-0.0008576795049482682,0.004267301898402564,False,-0.0001370291411876695,5.531165112656109e-07,-0.0001381572297498196,-0.00013590105262551943,1.128088562150084e-06,False,"pointwise paired, finite-window; not joint with primary family"
R16_H2048_alpha1_2_L800_zero_base,R16_H2048_alpha1_2,16,2048,1/2,800,zero,base,WHITTLE_K,MYOPIC_K,32,-4.6708457469940186,0.012805320944244324,-4.696962371245227,-4.6447291227428105,0.026116624251207848,False,-4.663814560561375,0.004291446759406669,-4.67256702393168,-4.655062097191071,0.008752463370304192,False,-4.6708457469940186,0.012805320944244292,-4.696962371245227,-4.6447291227428105,0.026116624251207785,False,-7.645301520824502e-05,6.432854073011926e-07,-7.776500444630639e-05,-7.514102597018365e-05,1.3119892380613724e-06,False,"pointwise paired, finite-window; not joint with primary family"
R16_H2048_alpha1_2_L800_zero_base,R16_H2048_alpha1_2,16,2048,1/2,800,zero,base,WHITTLE_P,LAGRANGIAN_K,32,-0.14648738145828244,0.0026399364975036293,-0.15187156744257374,-0.14110319547399114,0.00538418598429129,False,-0.14658212553880873,0.0021847243873952104,-0.15103790030357142,-0.14212635077404603,0.004455774764762687,False,-0.14648738145828247,0.002639936497503633,-0.15187156744257377,-0.14110319547399117,0.0053841859842912974,False,0.009605571851134297,0.00015175186036033174,0.00929607189141373,0.009915071810854863,0.00030949995972056666,False,"pointwise paired, finite-window; not joint with primary family"
R16_H2048_alpha1_2_L800_zero_base,R16_H2048_alpha1_2,16,2048,1/2,800,zero,base,WHITTLE_P,LAGRANGIAN_NI,32,0.00838510990142824,0.0010031758338013418,0.006339119299290474,0.010431100503566004,0.002045990602137765,False,0.009300253873419715,7.899248053587339e-05,0.009139147647202594,0.009461360099636835,0.0001611062262171203,False,0.008385109901428224,0.0010031758338013316,0.006339119299290479,0.010431100503565969,0.0020459906021377443,False,-0.0005762710422277436,1.9789769247661436e-06,-0.0005803071922759124,-0.0005722348921795748,4.036150048168763e-06,False,"pointwise paired, finite-window; not joint with primary family"
R16_H2048_alpha1_2_L800_zero_base,R16_H2048_alpha1_2,16,2048,1/2,800,zero,base,WHITTLE_P,LAGRANGIAN_FC,32,0.009540839195251477,0.0021539462813404244,0.005147836791642141,0.013933841598860814,0.004393002403609336,False,0.009946073638853133,0.00012788788000884702,0.00968524458794396,0.010206902689762307,0.0002608290509091739,False,0.009540839195251465,0.0021539462813404213,0.005147836791642135,0.013933841598860795,0.00439300240360933,False,-0.0011329554766416564,1.7082756552069593e-06,-0.0011364395278106027,-0.0011294714254727102,3.484051168946228e-06,False,"pointwise paired, finite-window; not joint with primary family"
R16_H2048_alpha1_2_L800_zero_base,R16_H2048_alpha1_2,16,2048,1/2,800,zero,base,WHITTLE_P,MYOPIC_K,32,-4.656179926395416,0.013048612907171216,-4.682792747876413,-4.629567104914419,0.02661282148099742,False,-4.64847988169068,0.00426261171161612,-4.657173535593287,-4.639786227788072,0.008693653902607885,False,-4.656179926395416,0.013048612907171206,-4.682792747876413,-4.629567104914419,0.0266128214809974,False,-0.001072379350662232,1.7564720717604808e-06,-0.0010759616990708072,-0.0010687970022536567,3.5823484085752576e-06,False,"pointwise paired, finite-window; not joint with primary family"
R16_H2048_alpha1_2_L800_zero_base,R16_H2048_alpha1_2,16,2048,1/2,800,zero,base,LAGRANGIAN_K,LAGRANGIAN_NI,32,0.15487249135971068,0.002555229500325342,0.14966106643516836,0.160083916284253,0.00521142492454231,False,0.15588237941222843,0.0021397116710638055,0.15151840868768246,0.1602463501367744,0.00436397072454596,False,0.1548724913597107,0.0025552295003253302,0.1496610664351684,0.160083916284253,0.005211424924542287,False,-0.01018184289336204,0.00015019199612959224,-0.01048816148900946,-0.00987552429771462,0.0003063185956474207,False,"pointwise paired, finite-window; not joint with primary family"
R16_H2048_alpha1_2_L800_zero_base,R16_H2048_alpha1_2,16,2048,1/2,800,zero,base,LAGRANGIAN_K,LAGRANGIAN_FC,32,0.15602822065353392,0.0033095402715507785,0.14927836876831568,0.16277807253875215,0.006749851885218233,False,0.15652819917766186,0.0022143903851841802,0.1520119202115078,0.16104447814381592,0.004516278966154057,False,0.15602822065353394,0.00330954027155078,0.1492783687683157,0.16277807253875218,0.006749851885218236,False,-0.010738527327775953,0.00015274543732497376,-0.011050053701075938,-0.01042700095447597,0.0003115263732999838,False,"pointwise paired, finite-window; not joint with primary family"
R16_H2048_alpha1_2_L800_zero_base,R16_H2048_alpha1_2,16,2048,1/2,800,zero,base,LAGRANGIAN_K,MYOPIC_K,32,-4.509692544937134,0.013117933914269355,-4.536446747544225,-4.482938342330042,0.026754202607091816,False,-4.501897756151871,0.006098434317287636,-4.514335594943945,-4.489459917359798,0.012437838792073433,False,-4.509692544937134,0.013117933914269355,-4.536446747544225,-4.482938342330042,0.026754202607091816,False,-0.010677951201796529,0.00015283746703947465,-0.010989665270936705,-0.010366237132656353,0.0003117140691401764,False,"pointwise paired, finite-window; not joint with primary family"
R16_H2048_alpha1_2_L800_zero_base,R16_H2048_alpha1_2,16,2048,1/2,800,zero,base,LAGRANGIAN_NI,LAGRANGIAN_FC,32,0.0011557292938232377,0.002267751851907107,-0.0034693811012316634,0.005780839688878139,0.004625110395054901,False,0.0006458197654334184,0.00016179746589627055,0.0003158316581451104,0.0009758078727217265,0.00032998810728830804,False,0.0011557292938232412,0.0022677518519071157,-0.0034693811012316772,0.00578083968887816,0.0046251103950549185,False,-0.0005566844344139128,2.949434276533937e-06,-0.0005626998452801662,-0.0005506690235476594,6.015410866253427e-06,False,"pointwise paired, finite-window; not joint with primary family"
R16_H2048_alpha1_2_L800_zero_base,R16_H2048_alpha1_2,16,2048,1/2,800,zero,base,LAGRANGIAN_NI,MYOPIC_K,32,-4.664565036296844,0.012757142158748591,-4.690583399267203,-4.638546673326486,0.026018362970358255,False,-4.657780135564099,0.004288765167824367,-4.666527129792314,-4.6490331413358845,0.008746994228214344,False,-4.664565036296844,0.012757142158748598,-4.690583399267203,-4.638546673326486,0.02601836297035827,False,-0.0004961083084344883,3.0263537179110573e-06,-0.0005022805975357197,-0.000489936019333257,6.172289101231364e-06,False,"pointwise paired, finite-window; not joint with primary family"
R16_H2048_alpha1_2_L800_zero_base,R16_H2048_alpha1_2,16,2048,1/2,800,zero,base,LAGRANGIAN_FC,MYOPIC_K,32,-4.665720765590668,0.01305618245471,-4.692349025265654,-4.639092505915682,0.02662825967498591,False,-4.658425955329533,0.004254719199223119,-4.66710351234699,-4.649748398312076,0.00867755701745651,False,-4.665720765590668,0.013056182454709991,-4.692349025265654,-4.639092505915682,0.02662825967498589,False,6.0576125979424494e-05,1.6914064878138232e-07,6.023116135190265e-05,6.092109060694634e-05,3.449646275218415e-07,False,"pointwise paired, finite-window; not joint with primary family"
R16_H2048_alpha1_2_L1600_zero_base,R16_H2048_alpha1_2,16,2048,1/2,1600,zero,base,WHITTLE_K,WHITTLE_P,32,-0.009140558242797858,0.0006106683076593842,-0.010386024467557311,-0.007895092018038405,0.0012454662247594528,False,-0.008532352874235313,3.729773781109903e-05,-0.008608422112021216,-0.008456283636449409,7.606923778590421e-05,False,-0.009140558242797851,0.0006106683076593974,-0.01038602446755733,-0.007895092018038372,0.0012454662247594797,False,0.0005342232808470768,6.332374617718146e-07,0.0005329317845290313,0.0005355147771651224,1.2914963180455473e-06,False,"pointwise paired, finite-window; not joint with primary family"
R16_H2048_alpha1_2_L1600_zero_base,R16_H2048_alpha1_2,16,2048,1/2,1600,zero,base,WHITTLE_K,LAGRANGIAN_K,32,-0.12245363831520079,0.0021414426474488856,-0.12682113938935952,-0.11808613724104206,0.004367501074158725,False,-0.1257382464985682,0.0016988912886792265,-0.12920315812579522,-0.1222733348713412,0.0034649116272270045,False,-0.1224536383152008,0.0021414426474488987,-0.12682113938935954,-0.11808613724104204,0.004367501074158752,False,0.007897431626915934,0.00011262874014691674,0.00766772379693561,0.008127139456896257,0.00022970782998032367,False,"pointwise paired, finite-window; not joint with primary family"
R16_H2048_alpha1_2_L1600_zero_base,R16_H2048_alpha1_2,16,2048,1/2,1600,zero,base,WHITTLE_K,LAGRANGIAN_NI,32,-0.00431866168975828,0.0005792325883637842,-0.005500014342317213,-0.0031373090371993465,0.0011813526525589334,False,-0.00407454519648796,3.0047275660779612e-05,-0.0041358270192257,-0.00401326337375022,6.128182273773953e-05,False,-0.0043186616897583005,0.0005792325883638117,-0.00550001434231729,-0.003137309037199311,0.0011813526525589896,False,0.0002584229037165646,1.1769208842676902e-06,0.00025602255774775587,0.0002608232496853733,2.400345968808705e-06,False,"pointwise paired, finite-window; not joint with primary family"
R16_H2048_alpha1_2_L1600_zero_base,R16_H2048_alpha1_2,16,2048,1/2,1600,zero,base,WHITTLE_K,LAGRANGIAN_FC,32,-0.0014896464347838867,0.0005944132633231223,-0.0027019602780477634,-0.00027733259152000977,0.001212313843263877,False,-0.0007753502862671136,3.9842235500462876e-05,-0.0008566090613047999,-0.0006940915112294273,8.125877503768636e-05,False,-0.0014896464347839357,0.0005944132633231153,-0.002701960278047798,-0.0002773325915200731,0.0012123138432638626,False,-1.9724741578099753e-05,8.867616988993757e-08,-1.9905597818965213e-05,-1.9543885337234293e-05,1.8085624086545998e-07,False,"pointwise paired, finite-window; not joint with primary family"
R16_H2048_alpha1_2_L1600_zero_base,R16_H2048_alpha1_2,16,2048,1/2,1600,zero,base,WHITTLE_K,MYOPIC_K,32,-4.673246279954911,0.008307507081766813,-4.690189552354207,-4.656303007555614,0.0169432723992968,False,-4.691525842817622,0.0030557506932539467,-4.697758087445349,-4.6852935981898955,0.006232244627726571,False,-4.673246279954911,0.00830750708176679,-4.690189552354207,-4.656303007555614,0.016943272399296754,False,2.0233802497380757e-05,1.2602380147738532e-07,1.9976775259701636e-05,2.0490829735059877e-05,2.570272376791189e-07,False,"pointwise paired, finite-window; not joint with primary family"
R16_H2048_alpha1_2_L1600_zero_base,R16_H2048_alpha1_2,16,2048,1/2,1600,zero,base,WHITTLE_P,LAGRANGIAN_K,32,-0.11331308007240293,0.0022106043236607294,-0.11782163731517102,-0.10880452282963483,0.004508557242768095,False,-0.11720589362433288,0.0017008796986843465,-0.12067486064050229,-0.11373692660816348,0.0034689670161693956,False,-0.11331308007240296,0.0022106043236607286,-0.11782163731517105,-0.10880452282963486,0.004508557242768094,False,0.007363208346068857,0.0001126282070683303,0.007133501603309478,0.007592915088828236,0.00022970674275937865,False,"pointwise paired, finite-window; not joint with primary family"
R16_H2048_alpha1_2_L1600_zero_base,R16_H2048_alpha1_2,16,2048,1/2,1600,zero,base,WHITTLE_P,LAGRANGIAN_NI,32,0.0048218965530395785,0.0005853150227513676,0.0036281386937603447,0.006015654412318812,0.0011937578592792339,False,0.004457807677747352,2.986910572706757e-05,0.004396889234985163,0.004518726120509542,6.0918442762190276e-05,False,0.004821896553039552,0.0005853150227513682,0.003628138693760317,0.006015654412318786,0.001193757859279235,False,-0.00027580037713051224,1.1827056969033662e-06,-0.0002782125213024763,-0.0002733882329585482,2.41214417196405e-06,False,"pointwise paired, finite-window; not joint with primary family"
R16_H2048_alpha1_2_L1600_zero_base,R16_H2048_alpha1_2,16,2048,1/2,1600,zero,base,WHITTLE_P,LAGRANGIAN_FC,32,0.0076509118080139715,0.0007832119876174975,0.006053540427889228,0.009248283188138714,0.0015973713801247433,False,0.007757002587968199,3.9802656083988986e-05,0.0076758245356826115,0.007838180640253786,8.117805228558735e-05,False,0.007650911808013916,0.0007832119876174912,0.0060535404278891855,0.009248283188138647,0.0015973713801247303,False,-0.0005539480224251766,6.319695927426754e-07,-0.0005552369329072889,-0.0005526591119430642,1.2889104821123483e-06,False,"pointwise paired, finite-window; not joint with primary family"
R16_H2048_alpha1_2_L1600_zero_base,R16_H2048_alpha1_2,16,2048,1/2,1600,zero,base,WHITTLE_P,MYOPIC_K,32,-4.6641057217121125,0.00818399337754573,-4.680797086250836,-4.647414357173389,0.016691364538723674,False,-4.682993489943387,0.003057059142793983,-4.689228403171544,-4.67675857671523,0.006234913228157405,False,-4.6641057217121125,0.008183993377545716,-4.680797086250836,-4.647414357173389,0.016691364538723642,False,-0.0005139894783496961,6.20140799228272e-07,-0.0005152542638483811,-0.000512724692851011,1.264785498685076e-06,False,"pointwise paired, finite-window; not joint with primary family"
R16_H2048_alpha1_2_L1600_zero_base,R16_H2048_alpha1_2,16,2048,1/2,1600,zero,base,LAGRANGIAN_K,LAGRANGIAN_NI,32,0.1181349766254425,0.0019713302869366406,0.11411442199794673,0.12215553125293828,0.004020554627495768,False,0.12166370130208023,0.0016930727364039989,0.11821065669045712,0.12511674591370336,0.0034530446116231173,False,0.1181349766254425,0.0019713302869366453,0.11411442199794673,0.12215553125293828,0.0040205546274957775,False,-0.007639008723199369,0.00011166820865086032,-0.007866757536277798,-0.00741125991012094,0.00022774881307842932,False,"pointwise paired, finite-window; not joint with primary family"
R16_H2048_alpha1_2_L1600_zero_base,R16_H2048_alpha1_2,16,2048,1/2,1600,zero,base,LAGRANGIAN_K,LAGRANGIAN_FC,32,0.1209639918804169,0.0021398371703457934,0.1165997651983978,0.12532821856243598,0.004364226682019087,False,0.12496289621230108,0.001708429097422907,0.12147853209589218,0.12844726032870998,0.003484364116408898,False,0.12096399188041687,0.0021398371703457903,0.11659976519839779,0.12532821856243595,0.004364226682019081,False,-0.007917156368494034,0.00011268238593523576,-0.008146973609780976,-0.007687339127207091,0.00022981724128694284,False,"pointwise paired, finite-window; not joint with primary family"
R16_H2048_alpha1_2_L1600_zero_base,R16_H2048_alpha1_2,16,2048,1/2,1600,zero,base,LAGRANGIAN_K,MYOPIC_K,32,-4.55079264163971,0.008265079975687092,-4.567649383385665,-4.533935899893755,0.01685674174595552,False,-4.565787596319054,0.004222346186254397,-4.574399128141261,-4.557176064496847,0.008611531822206437,False,-4.55079264163971,0.008265079975687076,-4.567649383385665,-4.533935899893755,0.01685674174595549,False,-0.007877197824418553,0.00011264952494807887,-0.008106948045280327,-0.007647447603556779,0.0002297502208617745,False,"pointwise paired, finite-window; not joint with primary family"
R16_H2048_alpha1_2_L1600_zero_base,R16_H2048_alpha1_2,16,2048,1/2,1600,zero,base,LAGRANGIAN_NI,LAGRANGIAN_FC,32,0.002829015254974393,0.0005792235600540117,0.0016476810157746388,0.004010349494174148,0.0011813342391997542,False,0.0032991949102208467,4.191490149272819e-05,0.0032137089050220465,0.003384680915419647,8.548600519880002e-05,False,0.002829015254974365,0.0005792235600540074,0.0016476810157746193,0.00401034949417411,0.0011813342391997455,False,-0.00027814764529466435,1.2111274536177647e-06,-0.00028061775602161764,-0.00027567753456771106,2.4701107269532733e-06,False,"pointwise paired, finite-window; not joint with primary family"
R16_H2048_alpha1_2_L1600_zero_base,R16_H2048_alpha1_2,16,2048,1/2,1600,zero,base,LAGRANGIAN_NI,MYOPIC_K,32,-4.668927618265152,0.008174808739461761,-4.685600250611003,-4.652254985919301,0.016672632345851136,False,-4.687451297621134,0.0030636618636657956,-4.6936996771872925,-4.681202918054976,0.00624837956615827,False,-4.668927618265152,0.008174808739461747,-4.685600250611003,-4.652254985919301,0.016672632345851104,False,-0.00023818910121918384,1.179210023563421e-06,-0.00024059411591836687,-0.0002357840865200008,2.4050146991830226e-06,False,"pointwise paired, finite-window; not joint with primary family"
R16_H2048_alpha1_2_L1600_zero_base,R16_H2048_alpha1_2,16,2048,1/2,1600,zero,base,LAGRANGIAN_FC,MYOPIC_K,32,-4.671756633520126,0.008547800802644216,-4.689189988194237,-4.654323278846015,0.01743335467411089,False,-4.690750492531356,0.0030492896681769952,-4.69696955981156,-4.684531425251151,0.006219067280204623,False,-4.671756633520126,0.008547800802644199,-4.689189988194237,-4.654323278846015,0.017433354674110856,False,3.995854407548051e-05,1.007246336169242e-07,3.9753114830835443e-05,4.0163973320125575e-05,2.0542924464506857e-07,False,"pointwise paired, finite-window; not joint with primary family"
