group,family,R,H,alpha,L,initial,window,policy,n,cost_per_project_mean,cost_per_project_standard_error,cost_per_project_lower,cost_per_project_upper,cost_per_project_zero_sample_variance,total_cost_mean,total_cost_standard_error,total_cost_lower,total_cost_upper,total_cost_zero_sample_variance,bound_per_project_mean,bound_per_project_standard_error,bound_per_project_lower,bound_per_project_upper,bound_per_project_zero_sample_variance,total_bound_gap_mean,total_bound_gap_standard_error,total_bound_gap_lower,total_bound_gap_upper,total_bound_gap_zero_sample_variance,relative_bound_gap_mean,relative_bound_gap_standard_error,relative_bound_gap_lower,relative_bound_gap_upper,relative_bound_gap_zero_sample_variance,raw_bound_gap_per_project_mean,raw_bound_gap_per_project_standard_error,raw_bound_gap_per_project_lower,raw_bound_gap_per_project_upper,raw_bound_gap_per_project_zero_sample_variance,residual_gap_per_project_mean,residual_gap_per_project_standard_error,residual_gap_per_project_lower,residual_gap_per_project_upper,residual_gap_per_project_zero_sample_variance,charged_action_slack_per_project_mean,charged_action_slack_per_project_standard_error,charged_action_slack_per_project_lower,charged_action_slack_per_project_upper,charged_action_slack_per_project_zero_sample_variance,priced_unused_capacity_per_project_mean,priced_unused_capacity_per_project_standard_error,priced_unused_capacity_per_project_lower,priced_unused_capacity_per_project_upper,priced_unused_capacity_per_project_zero_sample_variance,charged_bias_boundary_per_project_mean,charged_bias_boundary_per_project_standard_error,charged_bias_boundary_per_project_lower,charged_bias_boundary_per_project_upper,charged_bias_boundary_per_project_zero_sample_variance,martingale_per_project_mean,martingale_per_project_standard_error,martingale_per_project_lower,martingale_per_project_upper,martingale_per_project_zero_sample_variance,resource_per_project_mean,resource_per_project_standard_error,resource_per_project_lower,resource_per_project_upper,resource_per_project_zero_sample_variance,unused_budget_per_project_mean,unused_budget_per_project_standard_error,unused_budget_per_project_lower,unused_budget_per_project_upper,unused_budget_per_project_zero_sample_variance,cap_fraction_per_project_mean,cap_fraction_per_project_standard_error,cap_fraction_per_project_lower,cap_fraction_per_project_upper,cap_fraction_per_project_zero_sample_variance,top_tail_fraction_per_project_mean,top_tail_fraction_per_project_standard_error,top_tail_fraction_per_project_lower,top_tail_fraction_per_project_upper,top_tail_fraction_per_project_zero_sample_variance,top_tail_cost_per_project_mean,top_tail_cost_per_project_standard_error,top_tail_cost_per_project_lower,top_tail_cost_per_project_upper,top_tail_cost_per_project_zero_sample_variance,shadow_minus_capped_cost_per_project_mean,shadow_minus_capped_cost_per_project_standard_error,shadow_minus_capped_cost_per_project_lower,shadow_minus_capped_cost_per_project_upper,shadow_minus_capped_cost_per_project_zero_sample_variance,attainable_resource_gap_per_project_mean,attainable_resource_gap_per_project_standard_error,attainable_resource_gap_per_project_lower,attainable_resource_gap_per_project_upper,attainable_resource_gap_per_project_zero_sample_variance,nonmaximal_fraction_mean,nonmaximal_fraction_standard_error,nonmaximal_fraction_lower,nonmaximal_fraction_upper,nonmaximal_fraction_zero_sample_variance,realized_martingale_sd_scale_per_project_mean,realized_martingale_sd_scale_per_project_standard_error,realized_martingale_sd_scale_per_project_lower,realized_martingale_sd_scale_per_project_upper,realized_martingale_sd_scale_per_project_zero_sample_variance
R1_H2048_alpha1_4_L100_zero_base,R1_H2048_alpha1_4,1,2048,1/4,100,zero,base,WHITTLE_K,32,1.9398162460327149,0.0015298152909091801,1.9366961671764027,1.942936324889027,False,193.98162460327148,0.15298152909091817,193.66961671764028,194.2936324889027,False,1.9025530486250644,0.0,1.9025530486250644,1.9025530486250644,True,3.7263197407650406,0.15298152909091817,3.4143118551338296,4.038327626396251,False,0.019585891407642875,0.0008040854850353568,0.017945948248861088,0.021225834566424663,False,0.037263197407650404,0.0015298152909091819,0.034143118551338295,0.040383276263962514,False,0.03616761054970369,8.399200957410029e-05,0.035996307716787454,0.03633891338261992,False,0.018104741167745488,8.398554443013691e-05,0.0179334515205773,0.018276030814913677,False,0.018062869381958203,1.0957321910428595e-05,0.01804052177658539,0.018085216987331017,False,3.9436594656825714e-05,4.5005053238225535e-05,-5.235181657832148e-05,0.0001312250058919729,False,0.0010561502632898906,0.0014910399692968602,-0.0019848458032055436,0.004097146329785324,False,0.16137199401855468,1.632118326121405e-06,0.16136866529128244,0.16137532274582692,False,0.0026905059814453123,1.6321183261213307e-06,0.0026871772541730778,0.002693834708717547,False,0.0,0.0,0.0,0.0,True,0.0,0.0,0.0,0.0,True,0.0,0.0,0.0,0.0,True,0.0,0.0,0.0,0.0,True,0.0026905059814453123,1.6321183261213307e-06,0.0026871772541730778,0.002693834708717547,False,0.0,0.0,0.0,0.0,True,0.010106264499204404,1.983914303704045e-06,0.010102218279305502,0.010110310719103306,False
R1_H2048_alpha1_4_L100_zero_base,R1_H2048_alpha1_4,1,2048,1/4,100,zero,base,WHITTLE_P,32,1.969344711303711,0.0017158389145177698,1.9658452347657018,1.9728441878417202,False,196.9344711303711,0.17158389145177738,196.58452347657018,197.284418784172,False,1.9025530486250644,0.0,1.9025530486250644,1.9025530486250644,True,6.67916626786465,0.17158389145177738,6.329218614063728,7.029113921665572,False,0.035106333947910386,0.0009018612730708218,0.03326697575469826,0.03694569214112251,False,0.0667916626786465,0.0017158389145177735,0.06329218614063728,0.07029113921665572,False,0.06518322923632887,0.00010280430377029315,0.06497355847644193,0.06539289999621581,False,0.017769229519608704,9.016686941090728e-05,0.017585332977025688,0.01795312606219172,False,0.04741399971672016,4.559969376367146e-05,0.04732099852813759,0.04750700090530273,False,3.157551207709411e-05,4.3385298234080266e-05,-5.6909387047230935e-05,0.00012006041120141915,False,0.00157685793024054,0.0016529003555171616,-0.0017942545703901144,0.004947970430871194,False,0.15700007557868959,6.792179372440871e-06,0.15698622283752917,0.15701392831985,False,0.007062424421310425,6.792179372440991e-06,0.007048571680149995,0.007076277162470855,False,0.0,0.0,0.0,0.0,True,0.0,0.0,0.0,0.0,True,0.0,0.0,0.0,0.0,True,0.0,0.0,0.0,0.0,True,0.007062424421310425,6.792179372440991e-06,0.007048571680149995,0.007076277162470855,False,0.30030059814453125,0.0005564668613019478,0.2991656764984319,0.3014355197906306,False,0.01018241144453922,2.2601597484290087e-06,0.010177801818341296,0.010187021070737145,False
R1_H2048_alpha1_4_L100_zero_base,R1_H2048_alpha1_4,1,2048,1/4,100,zero,base,LAGRANGIAN_K,32,2.079959678649902,0.001375998411689145,2.077153311387042,2.0827660459127624,False,207.99596786499023,0.13759984116891394,207.71533113870422,208.27660459127625,False,1.9025530486250644,0.0,1.9025530486250644,1.9025530486250644,True,17.74066300248379,0.13759984116891388,17.46002627619778,18.021299728769797,False,0.0932466141498898,0.0007232378685490767,0.09177156079204088,0.09472166750773872,False,0.17740663002483792,0.0013759984116891394,0.17460026276197782,0.18021299728769802,False,0.17547125261038157,0.000512990920302231,0.1744250007305459,0.17651750449021725,False,0.014837921343549087,0.0001035125090400389,0.014626806189491698,0.015049036497606477,False,0.1606333312668325,0.0005614516811077081,0.15948824301371145,0.16177841951995353,False,2.5948970676702377e-05,4.122557839934816e-05,-5.813115080423751e-05,0.00011002909215764226,False,0.0019094284437796362,0.0017640312173915378,-0.0016883369439534305,0.005507193831512703,False,0.14013579547405244,8.362952055788251e-05,0.13996523194235896,0.14030635900574592,False,0.02392670452594757,8.362952055788226e-05,0.023756140994254084,0.024097268057641057,False,0.0,0.0,0.0,0.0,True,0.0,0.0,0.0,0.0,True,0.0,0.0,0.0,0.0,True,0.0,0.0,0.0,0.0,True,0.02392670452594757,8.362952055788226e-05,0.023756140994254084,0.024097268057641057,False,0.4070892333984375,0.0014185194849264439,0.4041961438349547,0.4099823229619203,False,0.01023621340655467,2.0907059862218215e-06,0.010231949383583308,0.01024047742952603,False
R1_H2048_alpha1_4_L100_zero_base,R1_H2048_alpha1_4,1,2048,1/4,100,zero,base,LAGRANGIAN_NI,32,1.9455805397033692,0.001598292658954641,1.9423208003341546,1.9488402790725838,False,194.5580539703369,0.15982926589546384,194.23208003341546,194.88402790725837,False,1.9025530486250644,0.0,1.9025530486250644,1.9025530486250644,True,4.30274910783047,0.15982926589546384,3.976775170909005,4.628723044751935,False,0.022615659053186337,0.0008400778417767069,0.02090230899886307,0.024329009107509604,False,0.043027491078304704,0.001598292658954638,0.039767751709090055,0.046287230447519354,False,0.041871251946887816,8.133738958747744e-05,0.041705363247129375,0.04203714064664626,False,0.017389811845878657,7.841511124334434e-05,0.017229883172097185,0.01754974051966013,False,0.024481440101009156,1.7766391329892067e-05,0.0244452053069979,0.02451767489502041,False,3.1676723141179824e-05,4.2453196826702596e-05,-5.4907142629393445e-05,0.0001182605889117531,False,0.001124562408275708,0.0015600671859701068,-0.0020572155947921307,0.0043063404113435465,False,0.16041593313217162,2.6463448929942847e-06,0.16041053587617854,0.1604213303881647,False,0.003646566867828369,2.6463448929945473e-06,0.0036411696118353043,0.0036519641238214337,False,0.0,0.0,0.0,0.0,True,0.0,0.0,0.0,0.0,True,0.0,0.0,0.0,0.0,True,0.0,0.0,0.0,0.0,True,0.003646566867828369,2.6463448929945473e-06,0.0036411696118353043,0.0036519641238214337,False,0.0,0.0,0.0,0.0,True,0.010157606425686808,2.1253369151909093e-06,0.010153271772470154,0.010161941078903463,False
R1_H2048_alpha1_4_L100_zero_base,R1_H2048_alpha1_4,1,2048,1/4,100,zero,base,LAGRANGIAN_FC,32,1.933354377746582,0.0014964459347475783,1.9303023561408592,1.9364063993523049,False,193.3354377746582,0.14964459347475811,193.0302356140859,193.6406399352305,False,1.9025530486250644,0.0,1.9025530486250644,1.9025530486250644,True,3.0801329121517593,0.14964459347475811,2.774930751579466,3.3853350727240525,False,0.01618947190133651,0.0007865462336669306,0.014585300281560354,0.017793643521112665,False,0.030801329121517593,0.001496445934747581,0.027749307515794658,0.03385335072724053,False,0.030531245928921896,7.634604926408632e-05,0.030375537134868548,0.030686954722975245,False,0.030531245928921896,7.634604926408632e-05,0.030375537134868548,0.030686954722975245,False,0.0,0.0,0.0,0.0,True,3.2991521924193896e-05,4.3538027419039094e-05,-5.580487042651184e-05,0.00012178791427489964,False,0.0002370916706715049,0.0014630456778103186,-0.002746809661914787,0.003220993003257797,False,0.1640625,0.0,0.1640625,0.1640625,True,0.0,0.0,0.0,0.0,True,0.0,0.0,0.0,0.0,True,0.0,0.0,0.0,0.0,True,0.0,0.0,0.0,0.0,True,0.0,0.0,0.0,0.0,True,0.0,0.0,0.0,0.0,True,0.0,0.0,0.0,0.0,True,0.009964834727212457,1.903655784473735e-06,0.009960952195642712,0.009968717258782202,False
R1_H2048_alpha1_4_L100_zero_base,R1_H2048_alpha1_4,1,2048,1/4,100,zero,base,MYOPIC_K,32,1.9330300521850585,0.001618145317033499,1.9297298230527453,1.9363302813173717,False,193.30300521850586,0.16181453170334967,192.97298230527454,193.63302813173718,False,1.9025530486250644,0.0,1.9025530486250644,1.9025530486250644,True,3.0477003559994156,0.16181453170334967,2.717677442768096,3.377723269230735,False,0.016019003297710544,0.0008505125879159567,0.014284371438326542,0.017753635157094546,False,0.030477003559994154,0.0016181453170334968,0.027176774427680957,0.03377723269230735,False,0.03073342490261269,8.010631197623478e-05,0.030570047002195934,0.03089680280302945,False,0.025432619076263065,8.140985400777218e-05,0.025266582584345044,0.025598655568181087,False,0.0053008058263496255,8.165571172049342e-06,0.005284152034146724,0.005317459618552527,False,5.208541372986607e-05,4.5853375568117265e-05,-4.143316230397364e-05,0.0001456039897637058,False,-0.00030850675634840085,0.0015845633760650558,-0.0035402450685003703,0.002923231555803569,False,0.16327293276786806,1.2162806260590316e-06,0.16327045214717661,0.1632754133885595,False,0.000789567232131958,1.216280626059335e-06,0.0007870866114405185,0.0007920478528233974,False,0.0,0.0,0.0,0.0,True,0.0,0.0,0.0,0.0,True,0.0,0.0,0.0,0.0,True,0.0,0.0,0.0,0.0,True,0.000789567232131958,1.216280626059335e-06,0.0007870866114405185,0.0007920478528233974,False,0.0,0.0,0.0,0.0,True,0.010004676546708644,2.0731372242986715e-06,0.010000448355463463,0.010008904737953826,False
R1_H2048_alpha1_2_L100_zero_base,R1_H2048_alpha1_2,1,2048,1/2,100,zero,base,WHITTLE_K,32,1.1292489051818848,0.0012642983834693987,1.1266703516285417,1.131827458735228,False,112.92489051818848,0.12642983834694002,112.66703516285416,113.18274587352279,False,1.10285446261056,0.0,1.10285446261056,1.10285446261056,True,2.6394442571324594,0.12642983834694002,2.381588901798151,2.897299612466768,False,0.023932842878330897,0.0011463873306335334,0.02159477050272532,0.026270915253936475,False,0.026394442571324592,0.0012642983834694002,0.02381588901798151,0.028972996124667676,False,0.025910549663715032,8.226325923903137e-05,0.025742772640352633,0.026078326687077432,False,0.01802399900161586,7.72870934288363e-05,0.01786637093533485,0.018181627067896868,False,0.007886550662099171,7.81516511314637e-06,0.007870611527765102,0.007902489796433241,False,2.7400936718697653e-05,2.2078900814319298e-05,-1.762927837375916e-05,7.243115181115447e-05,False,0.0004564919708908647,0.001215583520588407,-0.0020227069645670764,0.0029356909063488054,False,0.3257249039411545,2.378371456791959e-06,0.32572005322058784,0.32572975466172116,False,0.00240009605884552,2.3783714567931195e-06,0.0023952453382788653,0.002404946779412175,False,0.0,0.0,0.0,0.0,True,0.0,0.0,0.0,0.0,True,0.0,0.0,0.0,0.0,True,0.0,0.0,0.0,0.0,True,0.00240009605884552,2.3783714567931195e-06,0.0023952453382788653,0.002404946779412175,False,0.0,0.0,0.0,0.0,True,0.006374351344570468,1.3338351502208925e-06,0.006371630969846317,0.006377071719294619,False
R1_H2048_alpha1_2_L100_zero_base,R1_H2048_alpha1_2,1,2048,1/2,100,zero,base,WHITTLE_P,32,1.1485582160949708,0.0013421909592374606,1.1458207995859744,1.1512956326039672,False,114.85582160949707,0.1342190959237461,114.58207995859742,115.12956326039672,False,1.10285446261056,0.0,1.10285446261056,1.10285446261056,True,4.570375348441053,0.1342190959237461,4.296633697541404,4.844116999340702,False,0.0414413279665437,0.0012170154854887823,0.03895920851941667,0.04392344741367073,False,0.04570375348441053,0.001342190959237461,0.042966336975414035,0.04844116999340703,False,0.045734768680825634,9.369802479411293e-05,0.045543670299357256,0.04592586706229401,False,0.018003842112307537,0.00010032364064565782,0.017799230698219277,0.018208453526395798,False,0.0277309265685181,2.660737063333336e-05,0.027676660478338163,0.027785192658698037,False,1.7409161239304442e-05,2.3391828094316284e-05,-3.0298786694846887e-05,6.511710917345576e-05,False,-4.8424357654407835e-05,0.0012787709913894972,-0.002656494989454953,0.0025596462741461373,False,0.3196857100725174,8.097360700438854e-06,0.3196691953964885,0.31970222474854626,False,0.008439289927482605,8.097360700439273e-06,0.008422775251453738,0.008455804603511472,False,0.0,0.0,0.0,0.0,True,0.0,0.0,0.0,0.0,True,0.0,0.0,0.0,0.0,True,0.0,0.0,0.0,0.0,True,0.008439289927482605,8.097360700439273e-06,0.008422775251453738,0.008455804603511472,False,0.3263530731201172,0.0007498948039987825,0.3248236525839789,0.3278824936562555,False,0.006427600925502652,1.4054341544746234e-06,0.006424734523646576,0.006430467327358728,False
R1_H2048_alpha1_2_L100_zero_base,R1_H2048_alpha1_2,1,2048,1/2,100,zero,base,LAGRANGIAN_K,32,1.218335781097412,0.0010190825934553122,1.2162573484450714,1.2204142137497527,False,121.83357810974121,0.10190825934553072,121.62573484450715,122.04142137497527,False,1.10285446261056,0.0,1.10285446261056,1.10285446261056,True,11.548131848685193,0.10190825934553072,11.34028858345113,11.755975113919256,False,0.1047112945560349,0.0009240408666824841,0.10282670078341617,0.10659588832865362,False,0.11548131848685193,0.0010190825934553076,0.1134028858345113,0.11755975113919256,False,0.11595883425734385,0.0003507072228953792,0.11524356216050038,0.11667410635418732,False,0.018218807012211305,9.61532024974278e-05,0.018022701262803725,0.018414912761618885,False,0.09774002724513255,0.00040669042659103916,0.09691057665157943,0.09856947783868567,False,1.2526534237850495e-05,1.930162532693987e-05,-2.6839390153748845e-05,5.189245862944983e-05,False,-0.0004900423047297643,0.001293980393629526,-0.0031291327169105,0.002149048107450971,False,0.2983799993991852,0.00012376717425049115,0.2981275745830788,0.29863242421529157,False,0.02974500060081482,0.0001237671742504913,0.029492575784708455,0.029997425416921183,False,0.0,0.0,0.0,0.0,True,0.0,0.0,0.0,0.0,True,0.0,0.0,0.0,0.0,True,0.0,0.0,0.0,0.0,True,0.02974500060081482,0.0001237671742504913,0.029492575784708455,0.029997425416921183,False,0.35543251037597656,0.0014267286511292954,0.3525226781076394,0.35834234264431375,False,0.006449106308246752,1.2329075507215894e-06,0.006446591776718892,0.006451620839774613,False
R1_H2048_alpha1_2_L100_zero_base,R1_H2048_alpha1_2,1,2048,1/2,100,zero,base,LAGRANGIAN_NI,32,1.1348547554016113,0.0013050264769612827,1.1321931363539455,1.1375163744492771,False,113.48547554016113,0.13050264769612865,113.21931363539454,113.75163744492772,False,1.10285446261056,0.0,1.10285446261056,1.10285446261056,True,3.2000292791051157,0.13050264769612865,2.933867374338528,3.4661911838717034,False,0.029015880042143963,0.0011833170388340871,0.02660248903009186,0.031429271054196066,False,0.032000292791051155,0.0013050264769612868,0.02933867374338528,0.03466191183871703,False,0.03212275351463628,8.847521390328684e-05,0.03194230712620773,0.032303199903064836,False,0.017051252253995754,8.924167650336406e-05,0.016869242654788185,0.017233261853203324,False,0.015071501260640524,9.091401633947378e-06,0.015052959224761499,0.01509004329651955,False,2.138894490782689e-05,2.324176790203214e-05,-2.60129532463921e-05,6.879084306204587e-05,False,-0.00014384966849294843,0.0012432229318241246,-0.002679419554816616,0.0023917202178307187,False,0.3235383242368698,2.7667656198393066e-06,0.3235326813811851,0.32354396709255445,False,0.004586675763130188,2.766765619839556e-06,0.004581032907445498,0.0045923186188148776,False,0.0,0.0,0.0,0.0,True,0.0,0.0,0.0,0.0,True,0.0,0.0,0.0,0.0,True,0.0,0.0,0.0,0.0,True,0.004586675763130188,2.766765619839556e-06,0.004581032907445498,0.0045923186188148776,False,0.0,0.0,0.0,0.0,True,0.006413270439549944,1.3585930813703099e-06,0.006410499570692308,0.00641604130840758,False
R1_H2048_alpha1_2_L100_zero_base,R1_H2048_alpha1_2,1,2048,1/2,100,zero,base,LAGRANGIAN_FC,32,1.1279917526245118,0.001202480167254273,1.1255392781543716,1.130444227094652,False,112.79917526245117,0.12024801672542697,112.55392781543716,113.04442270946518,False,1.10285446261056,0.0,1.10285446261056,1.10285446261056,True,2.5137290013951548,0.12024801672542697,2.2684815543811463,2.7589764484091632,False,0.022792934939438174,0.0010903344076859298,0.020569183253894056,0.02501668662498229,False,0.025137290013951548,0.0012024801672542696,0.02268481554381146,0.027589764484091634,False,0.024450575806131754,8.541042026719973e-05,0.024276380105534432,0.024624771506729076,False,0.024450575806131754,8.541042026719973e-05,0.024276380105534432,0.024624771506729076,False,0.0,0.0,0.0,0.0,True,2.433552650533163e-05,2.4644293896105643e-05,-2.592684227272076e-05,7.459789528338401e-05,False,0.000662378681314463,0.0011431621782610646,-0.0016691159526607859,0.002993873315289712,False,0.328125,0.0,0.328125,0.328125,True,0.0,0.0,0.0,0.0,True,0.0,0.0,0.0,0.0,True,0.0,0.0,0.0,0.0,True,0.0,0.0,0.0,0.0,True,0.0,0.0,0.0,0.0,True,0.0,0.0,0.0,0.0,True,0.0,0.0,0.0,0.0,True,0.006315976161065724,1.1996858018329593e-06,0.006313529385741435,0.006318422936390013,False
R1_H2048_alpha1_2_L100_zero_base,R1_H2048_alpha1_2,1,2048,1/2,100,zero,base,MYOPIC_K,32,1.1282179641723633,0.0013490970788420712,1.1254664625395707,1.130969465805156,False,112.82179641723633,0.13490970788420706,112.54664625395708,113.09694658051558,False,1.10285446261056,0.0,1.10285446261056,1.10285446261056,True,2.536350156180311,0.13490970788420706,2.261199992901059,2.811500319459563,False,0.022998049535716,0.0012232775262554871,0.0205031585722434,0.0254929404991886,False,0.02536350156180311,0.0013490970788420707,0.02261199992901059,0.02811500319459563,False,0.02463251268826706,8.770091907198962e-05,0.024453645484558414,0.024811379891975707,False,0.019172668479305682,8.88346447755429e-05,0.018991489026780113,0.01935384793183125,False,0.005459844208961379,4.804404689796711e-06,0.005450045560994608,0.005469642856928149,False,1.9852898636387158e-05,2.43246172576317e-05,-2.9757485338998815e-05,6.946328261177313e-05,False,0.0007111359748996618,0.0012891800623362766,-0.0019181640970613342,0.0033404360468606577,False,0.326463418006897,1.4621135722231824e-06,0.3264604360066063,0.3264664000071877,False,0.0016615819931030274,1.4621135722230655e-06,0.0016585999928123197,0.001664563993393735,False,0.0,0.0,0.0,0.0,True,0.0,0.0,0.0,0.0,True,0.0,0.0,0.0,0.0,True,0.0,0.0,0.0,0.0,True,0.0016615819931030274,1.4621135722230655e-06,0.0016585999928123197,0.001664563993393735,False,0.0,0.0,0.0,0.0,True,0.006350119429310345,1.3551234209218545e-06,0.006347355636871848,0.006352883221748842,False
R1_H2048_alpha4_5_L100_zero_base,R1_H2048_alpha4_5,1,2048,4/5,100,zero,base,WHITTLE_K,32,0.6176542091369629,0.0007876538576946776,0.6160477785030886,0.6192606397708372,False,61.76542091369629,0.07876538576946772,61.60477785030886,61.92606397708372,False,0.5992537313432836,0.0,0.5992537313432836,0.5992537313432836,True,1.8400477793679308,0.07876538576946772,1.6794047159805012,2.0006908427553607,False,0.030705654101532098,0.0013143912444718148,0.028024935484606123,0.033386372718458075,False,0.018400477793679308,0.000787653857694677,0.016794047159805012,0.020006908427553604,False,0.019073481061565343,7.368973439158756e-05,0.01892318985741232,0.019223772265718364,False,0.010180126446396558,4.2997682101815245e-05,0.010092432095586027,0.010267820797207089,False,0.008893354615168785,4.3623782243808444e-05,0.008804383324699868,0.008982325905637701,False,2.6073740489447296e-05,1.5690935869220228e-05,-5.92813420237107e-06,5.807561518126566e-05,False,-0.0006990770083754811,0.0008359758470689303,-0.0024040609893351914,0.0010059069725842295,False,0.520439887046814,2.236831691582967e-05,0.5203942665636909,0.520485507529937,False,0.004560112953186035,2.236831691583034e-05,0.004514492470062943,0.004605733436309128,False,0.0,0.0,0.0,0.0,True,0.0,0.0,0.0,0.0,True,0.0,0.0,0.0,0.0,True,0.0,0.0,0.0,0.0,True,0.0029304027557373047,2.854315910102985e-06,0.0029245813400583863,0.002936224171416223,False,0.0,0.0,0.0,0.0,True,0.004473699759187736,8.352111314543881e-07,0.004471996334854555,0.004475403183520917,False
R1_H2048_alpha4_5_L100_zero_base,R1_H2048_alpha4_5,1,2048,4/5,100,zero,base,WHITTLE_P,32,0.6239825439453125,0.0007779591887485789,0.6223958857191121,0.6255692021715129,False,62.39825439453125,0.07779591887485808,62.23958857191121,62.55692021715129,False,0.5992537313432836,0.0,0.5992537313432836,0.5992537313432836,True,2.472881260202892,0.07779591887485808,2.3142154375828548,2.631547082822929,False,0.041266013557557595,0.0012982133411246555,0.03861828999204265,0.04391373712307254,False,0.02472881260202892,0.000777959188748581,0.023142154375828547,0.02631547082822929,False,0.0254579675019677,7.1541613486333e-05,0.02531205741928543,0.02560387758464997,False,0.009601132264777795,4.1773732004940625e-05,0.00951593417664756,0.00968633035290803,False,0.015856835237189906,4.2454062581258884e-05,0.015770249605701274,0.01594342086867854,False,2.5641028560809236e-05,1.5470194807335003e-05,-5.910641767122391e-06,5.719269888874086e-05,False,-0.0007547959284995918,0.0008201406195992759,-0.0024274837501081963,0.0009178918931090128,False,0.5168693268299103,2.1768537190900726e-05,0.516824929605601,0.5169137240542195,False,0.008130673170089722,2.1768537190900604e-05,0.0080862759457805,0.008175070394398944,False,0.0,0.0,0.0,0.0,True,0.0,0.0,0.0,0.0,True,0.0,0.0,0.0,0.0,True,0.0,0.0,0.0,0.0,True,0.006608421206474304,7.5019809123206356e-06,0.006593120815529018,0.006623721597419591,False,0.2299346923828125,0.0007896426312180158,0.2283242056185955,0.2315451791470295,False,0.004477012804052074,8.174239423602658e-07,0.004475345656930224,0.004478679951173924,False
R1_H2048_alpha4_5_L100_zero_base,R1_H2048_alpha4_5,1,2048,4/5,100,zero,base,LAGRANGIAN_K,32,0.7440833854675293,0.000501706425768577,0.7430601484660307,0.7451066224690278,False,74.40833854675293,0.05017064257685753,74.30601484660308,74.51066224690278,False,0.5992537313432836,0.0,0.5992537313432836,0.5992537313432836,True,14.482965412424571,0.05017064257685753,14.380641712274722,14.58528911257442,False,0.24168335806536645,0.0008372186930633758,0.23997583928328928,0.24339087684744362,False,0.14482965412424573,0.0005017064257685752,0.14380641712274725,0.1458528911257442,False,0.14553231716156007,0.00035605068565693743,0.14480614700056407,0.14625848732255606,False,0.006872451554483443,3.912515843631336e-05,0.0067926552677601915,0.006952247841206694,False,0.1386598656070766,0.0003776274246191852,0.13788968939683774,0.13943004181731547,False,8.734518022679571e-06,1.4541336080657343e-05,-2.0922732442390322e-05,3.839176848774947e-05,False,-0.0007113975553370233,0.0008297350064185607,-0.002403653257873488,0.0009808581471994413,False,0.45390144646167757,0.00019363038864402053,0.45350653468040714,0.454296358242948,False,0.07109855353832245,0.00019363038864402102,0.070703641757052,0.0714934653195929,False,0.0,0.0,0.0,0.0,True,0.0,0.0,0.0,0.0,True,0.0,0.0,0.0,0.0,True,0.0,0.0,0.0,0.0,True,0.07104404211044311,0.00019396276371725217,0.07064845244574157,0.07143963177514466,False,0.6148777008056641,0.001236190104488969,0.6123564744652567,0.6173989271460715,False,0.00455787248333174,6.232309293454339e-07,0.00455660139547113,0.00455914357119235,False
R1_H2048_alpha4_5_L100_zero_base,R1_H2048_alpha4_5,1,2048,4/5,100,zero,base,LAGRANGIAN_NI,32,0.6193795776367188,0.0007700633322868483,0.617809023115943,0.6209501321574946,False,61.937957763671875,0.07700633322868483,61.78090231159429,62.09501321574946,False,0.5992537313432836,0.0,0.5992537313432836,0.5992537313432836,True,2.012584629343517,0.07700633322868483,1.8555291772659315,2.169640081421102,False,0.03358484935641734,0.001285037192110058,0.030963998723989392,0.03620569998884529,False,0.020125846293435168,0.0007700633322868483,0.018555291772659317,0.02169640081421102,False,0.02085501457328227,8.062053040993998e-05,0.020690587917455587,0.021019441229108954,False,0.009560712273441144,4.130662506804398e-05,0.009476466856189613,0.009644957690692674,False,0.011294302299841127,4.972156628408117e-05,0.011192894496828852,0.011395710102853401,False,2.7671358478603078e-05,1.5592958605586717e-05,-4.130690266593622e-06,5.947340722379978e-05,False,-0.0007568396383257055,0.0008238627481404375,-0.002437118791143225,0.0009234395144918142,False,0.5192087888717651,2.549498679362451e-05,0.5191567915033838,0.5192607862401465,False,0.005791211128234863,2.549498679362326e-05,0.00573921375985357,0.005843208496616156,False,0.0,0.0,0.0,0.0,True,0.0,0.0,0.0,0.0,True,0.0,0.0,0.0,0.0,True,0.0,0.0,0.0,0.0,True,0.004230093955993652,6.510834484122716e-06,0.004216815021516022,0.004243372890471282,False,0.0,0.0,0.0,0.0,True,0.004475087424593695,8.151336877717993e-07,0.004473424948476874,0.004476749900710517,False
R1_H2048_alpha4_5_L100_zero_base,R1_H2048_alpha4_5,1,2048,4/5,100,zero,base,LAGRANGIAN_FC,32,0.6167184448242188,0.0006870748991679509,0.6153171463286843,0.6181197433197533,False,61.671844482421875,0.06870748991679516,61.53171463286843,61.81197433197532,False,0.5992537313432836,0.0,0.5992537313432836,0.5992537313432836,True,1.7464713480935168,0.06870748991679516,1.6063414985400675,1.886601197646966,False,0.029144104687986457,0.0011465508902678148,0.026805698730307477,0.031482510645665436,False,0.017464713480935166,0.0006870748991679517,0.016063414985400672,0.01886601197646966,False,0.018400621841202922,6.757363710522764e-05,0.0182628044997049,0.018538439182700945,False,0.015317363240825596,3.7915153937097226e-05,0.015240034774548697,0.015394691707102495,False,0.003083258600377325,4.3091996798761355e-05,0.00299537189347418,0.0031711453072804695,False,2.2916651483791978e-05,1.5370977711601306e-05,-8.432664243278379e-06,5.4265967210862335e-05,False,-0.000958825011751545,0.0007276043664095627,-0.0024427839007005875,0.0005251338771974973,False,0.5234190434217453,2.2095641215691297e-05,0.5233739790643791,0.5234641077791115,False,0.0015809565782546997,2.20956412156914e-05,0.0015358922208885465,0.0016260209356208529,False,0.0,0.0,0.0,0.0,True,0.0,0.0,0.0,0.0,True,0.0,0.0,0.0,0.0,True,0.0,0.0,0.0,0.0,True,0.0,0.0,0.0,0.0,True,0.0,0.0,0.0,0.0,True,0.0044435103814440885,7.044302193313665e-07,0.004442073686539714,0.004444947076348463,False
R1_H2048_alpha4_5_L100_zero_base,R1_H2048_alpha4_5,1,2048,4/5,100,zero,base,MYOPIC_K,32,0.6172058868408203,0.0007552391790877748,0.6156655663798254,0.6187462073018153,False,61.72058868408203,0.07552391790877751,61.56655663798254,61.87462073018152,False,0.5992537313432836,0.0,0.5992537313432836,0.5992537313432836,True,1.795215549753673,0.07552391790877751,1.6411835036541829,1.9492475958531632,False,0.029957519759276737,0.001260299501840123,0.02738712197878711,0.03252791753976636,False,0.01795215549753673,0.000755239179087775,0.016411835036541828,0.019492475958531635,False,0.018610910301777854,7.538996793070859e-05,0.01845715144845978,0.018764669155095927,False,0.01036497948774651,4.246833045478726e-05,0.010278364756737966,0.010451594218755054,False,0.008245930814031344,4.5738448421305095e-05,0.008152646633458783,0.008339214994603905,False,2.7470375174906715e-05,1.5676595701008145e-05,-4.502252551019521e-06,5.9443002900832955e-05,False,-0.0006862251794160302,0.0008102520442192923,-0.002338745118571454,0.0009662947597393937,False,0.5207718569040298,2.3452622787455936e-05,0.5207240249645015,0.5208196888435581,False,0.004228143095970154,2.3452622787454906e-05,0.004180311156441877,0.004275975035498431,False,0.0,0.0,0.0,0.0,True,0.0,0.0,0.0,0.0,True,0.0,0.0,0.0,0.0,True,0.0,0.0,0.0,0.0,True,0.0025984328985214234,3.2516747640224985e-06,0.002591801064116892,0.002605064732925955,False,0.0,0.0,0.0,0.0,True,0.004468638180422796,7.941104862542897e-07,0.004467018581408156,0.0044702577794374365,False
R4_H2048_alpha1_4_L100_zero_base,R4_H2048_alpha1_4,4,2048,1/4,100,zero,base,WHITTLE_K,32,4.0472039794921875,0.008339706436689851,4.030195036075559,4.0642129229088155,False,404.72039794921875,0.8339706436689852,403.019503607556,406.4212922908815,False,3.948231696549968,0.0,3.948231696549968,3.948231696549968,True,9.89722829422191,0.8339706436689852,8.196333952559147,11.598122635884671,False,0.02506749617270505,0.002112263686038798,0.02075950598269408,0.02937548636271602,False,0.0989722829422191,0.008339706436689853,0.08196333952559147,0.11598122635884674,False,0.1005046380668229,0.0007732684657463691,0.09892754663325887,0.10208172950038694,False,0.07031277165073684,0.0007785350052047657,0.06872493903913142,0.07190060426234225,False,0.030191866416086077,4.97938253615513e-05,0.030090311239713678,0.030293421592458476,False,0.00040015850693393885,0.00033650204852344863,-0.0002861419457695713,0.001086458959637449,False,-0.0019325136315377466,0.007869807878216895,-0.017983092619717488,0.014118065356641996,False,0.16211913585662843,3.2050862121393555e-06,0.16211259904020192,0.16212567267305494,False,0.0019433641433715821,3.205086212139176e-06,0.0019368273269450645,0.0019499009597980998,False,0.0,0.0,0.0,0.0,True,0.0,0.0,0.0,0.0,True,0.0,0.0,0.0,0.0,True,0.0,0.0,0.0,0.0,True,0.0019433641433715821,3.205086212139176e-06,0.0019368273269450645,0.0019499009597980998,False,0.0,0.0,0.0,0.0,True,0.04738953954225872,3.1812942536932596e-05,0.04732465661818521,0.047454422466332226,False
R4_H2048_alpha1_4_L100_zero_base,R4_H2048_alpha1_4,4,2048,1/4,100,zero,base,WHITTLE_P,32,4.112003059387207,0.007840503159932831,4.09601224776601,4.127993871008403,False,411.2003059387207,0.784050315993284,409.60122477660104,412.79938710084036,False,3.948231696549968,0.0,3.948231696549968,3.948231696549968,True,16.377136283723864,0.7840503159932841,14.778055121604208,17.97621744584352,False,0.04147967379430767,0.001985826507290341,0.0374295539304786,0.04552979365813674,False,0.16377136283723862,0.00784050315993284,0.14778055121604206,0.17976217445843518,False,0.1657592681540007,0.0008243391194916324,0.16407801743540693,0.16744051887259445,False,0.07138443329921038,0.0008031005933706906,0.06974649884022192,0.07302236775819883,False,0.09437483485479033,0.00013190287242265505,0.09410581717286601,0.09464385253671465,False,0.0005090922022140223,0.00035511850148219504,-0.00021517675662305737,0.0012333611610511018,False,-0.002496997518976088,0.007233755601373201,-0.017250339335922068,0.01225634429796989,False,0.15798786163330078,8.490210878030853e-06,0.1579705457340523,0.15800517753254925,False,0.006074638366699219,8.490210878030692e-06,0.006057322467450735,0.006091954265947703,False,0.0,0.0,0.0,0.0,True,0.0,0.0,0.0,0.0,True,0.0,0.0,0.0,0.0,True,0.0,0.0,0.0,0.0,True,0.006074638366699219,8.490210878030692e-06,0.006057322467450735,0.006091954265947703,False,0.3021430969238281,0.000743588252955096,0.30062653868334377,0.3036596551643125,False,0.047490140104371484,2.9484921513150083e-05,0.04743000521047947,0.047550274998263496,False
R4_H2048_alpha1_4_L100_zero_base,R4_H2048_alpha1_4,4,2048,1/4,100,zero,base,LAGRANGIAN_K,32,4.316632080078125,0.006408853178311772,4.303561137844977,4.329703022311272,False,431.6632080078125,0.6408853178311767,430.3561137844978,432.9703022311272,False,3.948231696549968,0.0,3.948231696549968,3.948231696549968,True,36.84003835281566,0.6408853178311767,35.53294412950094,38.14713257613038,False,0.0933076910987952,0.001623221145788362,0.08999710974548486,0.09661827245210555,False,0.3684003835281566,0.006408853178311767,0.35532944129500943,0.3814713257613038,False,0.3677432579557687,0.0018548536913946196,0.3639602589110713,0.37152625700046604,False,0.0519360485506781,0.0007601370162516778,0.05038573888492916,0.05348635821642704,False,0.31580720940509055,0.002090684362972362,0.3115432305346377,0.3200711882755434,False,0.0003712540481022551,0.0002748089130189522,-0.0001892224251894789,0.0009317305213939892,False,0.00028587152428568186,0.007316622374637082,-0.014636478190991464,0.015208221239562829,False,0.14373489260673522,0.00013457137661232588,0.1434604324746343,0.14400935273883614,False,0.02032760739326477,0.00013457137661232563,0.020053147261163855,0.020602067525365683,False,0.0,0.0,0.0,0.0,True,0.0,0.0,0.0,0.0,True,0.0,0.0,0.0,0.0,True,0.0,0.0,0.0,0.0,True,0.02032760739326477,0.00013457137661232563,0.020053147261163855,0.020602067525365683,False,0.3646106719970703,0.0022792225079743987,0.35996216704472717,0.36925917694941346,False,0.04764233103740027,2.8561948940075434e-05,0.0475840785584817,0.04770058351631885,False
R4_H2048_alpha1_4_L100_zero_base,R4_H2048_alpha1_4,4,2048,1/4,100,zero,base,LAGRANGIAN_NI,32,4.0561745071411135,0.007671924608835064,4.0405275137416545,4.0718215005405725,False,405.6174507141113,0.7671924608835063,404.05275137416544,407.1821500540572,False,3.948231696549968,0.0,3.948231696549968,3.948231696549968,True,10.794281059114487,0.7671924608835063,9.229581719168626,12.358980399060348,False,0.027339532957365985,0.001943129278744943,0.02337649466527912,0.03130257124945285,False,0.10794281059114488,0.007671924608835063,0.09229581719168627,0.1235898039906035,False,0.10923522122814171,0.0006793899969103715,0.10784959619409579,0.11062084626218763,False,0.06870957841991596,0.0007028215994559954,0.06727616431740763,0.07014299252242429,False,0.040525642808225744,6.285839819552728e-05,0.04039744225988703,0.04065384335656446,False,0.0005922271297470582,0.0003357933621462253,-9.262794756082697e-05,0.0012770822070549434,False,-0.0018846377667438847,0.007195123250049261,-0.016559188383698777,0.012789912850211008,False,0.16145398020744323,4.0460154228117194e-06,0.16144572830458406,0.1614622321103024,False,0.0026085197925567625,4.046015422811889e-06,0.0026002678896976106,0.0026167716954159145,False,0.0,0.0,0.0,0.0,True,0.0,0.0,0.0,0.0,True,0.0,0.0,0.0,0.0,True,0.0,0.0,0.0,0.0,True,0.0026085197925567625,4.046015422811889e-06,0.0026002678896976106,0.0026167716954159145,False,0.0,0.0,0.0,0.0,True,0.04742957282617994,2.8833205612259586e-05,0.04737076711563103,0.047488378536728854,False
R4_H2048_alpha1_4_L100_zero_base,R4_H2048_alpha1_4,4,2048,1/4,100,zero,base,LAGRANGIAN_FC,32,4.0319059944152835,0.008127591991568853,4.015329661261655,4.048482327568912,False,403.1905994415283,0.8127591991568848,401.5329661261655,404.84823275689115,False,3.948231696549968,0.0,3.948231696549968,3.948231696549968,True,8.36742978653148,0.8127591991568848,6.709796471168636,10.025063101894322,False,0.021192853990415712,0.0020585397758370854,0.016994434437654127,0.025391273543177297,False,0.0836742978653148,0.008127591991568848,0.06709796471168637,0.10025063101894323,False,0.09111187319851038,0.0007280056737882012,0.08962709583776647,0.0925966505592543,False,0.09111187319851038,0.0007280056737882012,0.08962709583776647,0.0925966505592543,False,0.0,0.0,0.0,0.0,True,0.0004373643486014696,0.00032266519885552957,-0.00022071566314855388,0.001095444360351493,False,-0.007874939681797056,0.007724046736849488,-0.023628236862195888,0.007878357498601775,False,0.1640625,0.0,0.1640625,0.1640625,True,0.0,0.0,0.0,0.0,True,0.0,0.0,0.0,0.0,True,0.0,0.0,0.0,0.0,True,0.0,0.0,0.0,0.0,True,0.0,0.0,0.0,0.0,True,0.0,0.0,0.0,0.0,True,0.0,0.0,0.0,0.0,True,0.047242906036019855,3.076523752270743e-05,0.04718015992041071,0.047305652151629,False
R4_H2048_alpha1_4_L100_zero_base,R4_H2048_alpha1_4,4,2048,1/4,100,zero,base,MYOPIC_K,32,4.809730930328369,0.008126041921900053,4.793157758562673,4.826304102094065,False,480.9730930328369,0.8126041921900043,479.3157758562673,482.63041020940653,False,3.948231696549968,0.0,3.948231696549968,3.948231696549968,True,86.14992337784007,0.8126041921900043,84.49260620127046,87.80724055440967,False,0.21819875326242716,0.002058147177380881,0.21400113441949603,0.2223963721053583,False,0.8614992337784008,0.008126041921900045,0.8449260620127047,0.8780724055440968,False,0.8734885780987537,0.0010165574755944106,0.8714152954582441,0.8755618607392632,False,0.8687599799009601,0.0010186462093822923,0.8666824372598042,0.870837522542116,False,0.0047285981977936075,1.5170965534661557e-05,0.004697656809590849,0.004759539585996366,False,0.0004870220094925622,0.00032834010640452575,-0.00018263205251069545,0.0011566760714958198,False,-0.012476366329845534,0.007294495221478019,-0.027353587418724297,0.0024008547590332312,False,0.16375813364982605,9.765116880838524e-07,0.16375614204110764,0.16376012525854447,False,0.0003043663501739502,9.765116880842803e-07,0.00030237474145553906,0.00030635795889236134,False,0.0,0.0,0.0,0.0,True,0.0,0.0,0.0,0.0,True,0.0,0.0,0.0,0.0,True,0.0,0.0,0.0,0.0,True,0.0003043663501739502,9.765116880842803e-07,0.00030237474145553906,0.00030635795889236134,False,0.0,0.0,0.0,0.0,True,0.04814658477418681,3.190703052209138e-05,0.048081509956402424,0.0482116595919712,False
R4_H2048_alpha1_2_L100_zero_base,R4_H2048_alpha1_2,4,2048,1/2,100,zero,base,WHITTLE_K,32,2.2702886390686037,0.004858761848054552,2.2603791289466586,2.2801981491905488,False,227.02886390686035,0.4858761848054556,226.03791289466585,228.01981491905485,False,2.2014881923107903,0.0,2.2014881923107903,2.2014881923107903,True,6.88004467578134,0.4858761848054555,5.889093663586827,7.870995687975853,False,0.03125179003826365,0.0022070351614988954,0.026750512149716986,0.035753067926810315,False,0.0688004467578134,0.004858761848054555,0.058890936635868266,0.07870995687975853,False,0.06831562567487669,0.00032813014020115363,0.0676463998417685,0.06898485150798488,False,0.050527788940382755,0.0003279822001857521,0.04985886483292523,0.05119671304784028,False,0.017787836734493936,1.5079772918576158e-05,0.017757081334857896,0.017818592134129976,False,0.0002960255296427734,0.00019961048223230866,-0.00011108273291169144,0.0007031337921972382,False,0.00018879555329394043,0.004751599412423569,-0.009502155340233201,0.009879746446821082,False,0.32568908751010894,2.0650632083803325e-06,0.3256848757859278,0.3256932992342901,False,0.0024359124898910524,2.065063208380387e-06,0.002431700765709902,0.002440124214072203,False,0.0,0.0,0.0,0.0,True,0.0,0.0,0.0,0.0,True,0.0,0.0,0.0,0.0,True,0.0,0.0,0.0,0.0,True,0.002435098886489868,1.9788266589319424e-06,0.0024310630429108886,0.0024391347300688477,False,0.0,0.0,0.0,0.0,True,0.02998784652549751,1.944719463625357e-05,0.02994818371054218,0.030027509340452837,False
R4_H2048_alpha1_2_L100_zero_base,R4_H2048_alpha1_2,4,2048,1/2,100,zero,base,WHITTLE_P,32,2.3040081024169923,0.0046153347871430985,2.294595065058993,2.3134211397749915,False,230.40081024169922,0.46153347871430933,229.45950650589927,231.34211397749917,False,2.2014881923107903,0.0,2.2014881923107903,2.2014881923107903,True,10.251991010620207,0.46153347871430933,9.310687274820262,11.193294746420152,False,0.04656845785695182,0.0020964612952561927,0.042292696855427185,0.05084421885847646,False,0.10251991010620208,0.004615334787143093,0.09310687274820263,0.11193294746420153,False,0.10049005568717512,0.0003206188271892987,0.0998361492779547,0.10114396209639553,False,0.04932373199896209,0.00031339359049295333,0.04868456155713726,0.04996290244078692,False,0.05116632368821303,5.22003449043204e-05,0.051059860382874134,0.05127278699355192,False,0.0003202887879820824,0.0002037608914734507,-9.528429002773951e-05,0.0007358618659919044,False,0.0017095656310448762,0.004489173446699529,-0.007446163976704523,0.010865295238794275,False,0.32111815094947815,7.1484505972827655e-06,0.3211035715883641,0.3211327303105922,False,0.0070068490505218505,7.1484505972823945e-06,0.006992269689407793,0.007021428411635908,False,0.0,0.0,0.0,0.0,True,0.0,0.0,0.0,0.0,True,0.0,0.0,0.0,0.0,True,0.0,0.0,0.0,0.0,True,0.0070063483715057375,7.221757220262175e-06,0.006991619500548402,0.007021077242463073,False,0.3225364685058594,0.000600413585471559,0.32131191692489103,0.3237610200868277,False,0.030057301057575873,1.8034483432754976e-05,0.030020519486115955,0.03009408262903579,False
R4_H2048_alpha1_2_L100_zero_base,R4_H2048_alpha1_2,4,2048,1/2,100,zero,base,LAGRANGIAN_K,32,2.468571128845215,0.003695108014331774,2.461034906364098,2.4761073513263314,False,246.85711288452148,0.36951080143317705,246.10349063640982,247.61073513263315,False,2.2014881923107903,0.0,2.2014881923107903,2.2014881923107903,True,26.708293653442475,0.36951080143317705,25.954671405330796,27.461915901554153,False,0.1213192682419438,0.0016784591565095807,0.11789602822301534,0.12474250826087227,False,0.2670829365344247,0.00369510801433177,0.2595467140533079,0.2746191590155415,False,0.2664436909869331,0.0012656299065619242,0.2638624217743386,0.2690249601995276,False,0.030555677140819394,0.00029467505370914335,0.029954683406462013,0.031156670875176776,False,0.2358880138461137,0.0014193301707800825,0.2329932708779316,0.23878275681429578,False,0.0003077637586901148,0.00019206902278403904,-8.396359591415092e-05,0.0006994911132943806,False,0.0003314817888015445,0.0047374847466882105,-0.009330682054166942,0.009993645631770031,False,0.29582188367843626,0.00019436675419771084,0.2954254700697176,0.29621829728715493,False,0.03230311632156372,0.00019436675419771135,0.03190670271284506,0.03269952993028238,False,0.0,0.0,0.0,0.0,True,0.0,0.0,0.0,0.0,True,0.0,0.0,0.0,0.0,True,0.0,0.0,0.0,0.0,True,0.03230311632156372,0.00019436675419771135,0.03190670271284506,0.03269952993028238,False,0.4102592468261719,0.0021760860437671954,0.4058210900793931,0.41469740357295065,False,0.0302382008622702,1.7819821922661977e-05,0.03020185709584654,0.030274544628693858,False
R4_H2048_alpha1_2_L100_zero_base,R4_H2048_alpha1_2,4,2048,1/2,100,zero,base,LAGRANGIAN_NI,32,2.2775624656677245,0.004661461229042263,2.268055352811237,2.287069578524212,False,227.75624656677246,0.46614612290422675,226.80553528112372,228.7069578524212,False,2.2014881923107903,0.0,2.2014881923107903,2.2014881923107903,True,7.607427335693449,0.46614612290422675,6.656716050044726,8.558138621342172,False,0.034555839828095194,0.0021174136864887606,0.03023734614291758,0.03887433351327281,False,0.0760742733569345,0.004661461229042267,0.06656716050044727,0.08558138621342172,False,0.07399147936087165,0.0002652539599153885,0.07345049034291432,0.07453246837882899,False,0.049655238393985994,0.00026770197979675313,0.049109256606563574,0.050201220181408414,False,0.024336240966885657,2.0633132508320384e-05,0.02429415941569366,0.024378322518077655,False,0.00031813947337167806,0.00019218418355684556,-7.382275317722396e-05,0.0007101016999205801,False,0.001764654522691172,0.004612655163012842,-0.007642917705863336,0.01117222675124568,False,0.32479233205318453,2.8255546715890975e-06,0.3247865692964383,0.32479809480993077,False,0.0033326679468154907,2.8255546715880464e-06,0.0033269051900692587,0.0033384307035617226,False,0.0,0.0,0.0,0.0,True,0.0,0.0,0.0,0.0,True,0.0,0.0,0.0,0.0,True,0.0,0.0,0.0,0.0,True,0.0033321046829223634,2.746925697822033e-06,0.0033265022910254037,0.003337707074819323,False,0.0,0.0,0.0,0.0,True,0.03001914832603695,1.8499273043352976e-05,0.029981418809916473,0.030056877842157426,False
R4_H2048_alpha1_2_L100_zero_base,R4_H2048_alpha1_2,4,2048,1/2,100,zero,base,LAGRANGIAN_FC,32,2.264635601043701,0.005118713855152568,2.254195915307862,2.2750752867795403,False,226.46356010437012,0.511871385515257,225.4195915307862,227.50752867795404,False,2.2014881923107903,0.0,2.2014881923107903,2.2014881923107903,True,6.314740873291106,0.5118713855152569,5.270772299707179,7.358709446875032,False,0.028683964308083995,0.002325115289298789,0.02394186041113724,0.03342606820503075,False,0.06314740873291105,0.00511871385515257,0.05270772299707179,0.07358709446875032,False,0.0631623521712505,0.0003367415676374502,0.06247556321609332,0.06384914112640769,False,0.06315915306329693,0.0003366244094406779,0.06247260305385742,0.06384570307273645,False,3.199107953579391e-06,2.3433049665300547e-06,-1.580094034666141e-06,7.978309941824922e-06,False,0.00025941726775031136,0.00019274640856349197,-0.0001336916242595463,0.000652526159760169,False,-0.0002743607060897575,0.005059223946721791,-0.010592715973759556,0.010043994561580042,False,0.3281245619058609,3.2089825878159584e-07,0.3281239074295472,0.3281252163821746,False,4.3809413909912107e-07,3.208982587818141e-07,-2.1638217461158307e-07,1.0925704528098252e-06,False,0.0,0.0,0.0,0.0,True,0.0,0.0,0.0,0.0,True,0.0,0.0,0.0,0.0,True,0.0,0.0,0.0,0.0,True,0.0,0.0,0.0,0.0,True,0.0,0.0,0.0,0.0,True,0.029931748651438727,1.98385597138504e-05,0.02989128764214519,0.029972209660732264,False
R4_H2048_alpha1_2_L100_zero_base,R4_H2048_alpha1_2,4,2048,1/2,100,zero,base,MYOPIC_K,32,2.865496234893799,0.006086505632578007,2.8530827248145885,2.8779097449730093,False,286.5496234893799,0.6086505632578012,285.30827248145886,287.7909744973009,False,2.2014881923107903,0.0,2.2014881923107903,2.2014881923107903,True,66.40080425830087,0.6086505632578006,65.15945325037984,67.64215526622189,False,0.30161780785480086,0.002764723269394108,0.2959791175713065,0.3072564981382952,False,0.6640080425830087,0.006086505632578011,0.6515945325037984,0.676421552662219,False,0.6632945052116473,0.0006800125691093595,0.6619076104332302,0.6646813999900645,False,0.658023145701574,0.0006784563118082977,0.6566394249308485,0.6594068664722996,False,0.00527135951007328,1.0214678075361282e-05,0.00525052653678797,0.00529219248335859,False,0.0001597531646057788,0.00017582463335198573,-0.00019884353932331448,0.000518349868534872,False,0.0005537842067556159,0.005569227190088332,-0.010804729533466022,0.011912297946977254,False,0.3274031263589859,1.398824504372503e-06,0.3274002734376001,0.3274059792803717,False,0.0007218736410140992,1.398824504372578e-06,0.0007190207196282825,0.0007247265623999158,False,0.0,0.0,0.0,0.0,True,0.0,0.0,0.0,0.0,True,0.0,0.0,0.0,0.0,True,0.0,0.0,0.0,0.0,True,0.0007216858863830566,1.3715155481952428e-06,0.0007188886619805706,0.0007244831107855426,False,0.0,0.0,0.0,0.0,True,0.03147843932010283,2.5546351725015672e-05,0.03142633719225329,0.03153054144795237,False
R4_H2048_alpha4_5_L100_zero_base,R4_H2048_alpha4_5,4,2048,4/5,100,zero,base,WHITTLE_K,32,1.313271255493164,0.003244074395451331,1.3066549221425308,1.3198875888437973,False,131.3271255493164,0.32440743954513335,130.66549221425308,131.98875888437973,False,1.248513931888545,0.0,1.248513931888545,1.248513931888545,True,6.475732360461917,0.32440743954513335,5.814099025398588,7.137365695525246,False,0.051867521819852686,0.0025983485747285455,0.046568154963268875,0.057166888676436496,False,0.06475732360461917,0.0032440743954513327,0.05814099025398588,0.07137365695525245,False,0.06584270234004631,0.00044457816016169114,0.06493597920442237,0.06674942547567025,False,0.051762767192379974,0.0004427833906074579,0.05085970451339507,0.05266582987136488,False,0.014079935147666341,0.00013103132353354974,0.013812695001420548,0.014347175293912134,False,0.00012726451295079093,9.724096493596153e-05,-7.105974257666427e-05,0.0003255887684782461,False,-0.0012126432483779387,0.0029376198003367433,-0.007203958331565058,0.004778671834809182,False,0.5194664758443832,5.14963305094147e-05,0.5193614483858692,0.5195715033028973,False,0.0055335241556167605,5.1496330509413386e-05,0.005428496697102738,0.005638551614130783,False,0.0,0.0,0.0,0.0,True,0.0,0.0,0.0,0.0,True,0.0,0.0,0.0,0.0,True,0.0,0.0,0.0,0.0,True,0.0017252343893051148,3.781533527517069e-06,0.001717521900827745,0.0017329468777824847,False,0.0,0.0,0.0,0.0,True,0.017677949935381448,1.5296882737862808e-05,0.017646751737349628,0.017709148133413267,False
R4_H2048_alpha4_5_L100_zero_base,R4_H2048_alpha4_5,4,2048,4/5,100,zero,base,WHITTLE_P,32,1.3253069305419922,0.0032296116394143017,1.3187200941767685,1.331893766907216,False,132.53069305419922,0.32296116394142993,131.87200941767685,133.1893766907216,False,1.248513931888545,0.0,1.248513931888545,1.248513931888545,True,7.6792998653447295,0.32296116394142993,7.020616228822348,8.337983501867111,False,0.06150752241690053,0.0025867645982364635,0.05623178123613506,0.066783263597666,False,0.0767929986534473,0.0032296116394142996,0.07020616228822349,0.0833798350186711,False,0.07845751512604232,0.0004756355375265322,0.07748745005167297,0.07942758020041167,False,0.05385946592679334,0.00046708966472967345,0.05290683027490438,0.0548121015786823,False,0.024598049199248986,0.00011378374956784767,0.02436598571202396,0.02483011268647401,False,0.00014212225096144542,9.39175701676747e-05,-4.942389624840529e-05,0.00033366839817129614,False,-0.0018066387235564714,0.0028936704733727643,-0.007708318563440484,0.00409504111632754,False,0.5153327751159668,4.471789963142642e-05,0.5152415723583739,0.5154239778735596,False,0.009667224884033203,4.471789963142614e-05,0.009576022126440304,0.009758427641626101,False,0.0,0.0,0.0,0.0,True,0.0,0.0,0.0,0.0,True,0.0,0.0,0.0,0.0,True,0.0,0.0,0.0,0.0,True,0.006035111546516418,7.887589610903345e-06,0.006019024701445324,0.006051198391587512,False,0.29476165771484375,0.0006159113871645753,0.29350549815893295,0.29601781727075455,False,0.017695043104060205,1.5419277988623853e-05,0.017663595279268682,0.01772649092885173,False
R4_H2048_alpha4_5_L100_zero_base,R4_H2048_alpha4_5,4,2048,4/5,100,zero,base,LAGRANGIAN_K,32,1.395377197265625,0.0029931468883586396,1.389272633939778,1.401481760591472,False,139.5377197265625,0.2993146888358638,138.9272633939778,140.1481760591472,False,1.248513931888545,0.0,1.248513931888545,1.248513931888545,True,14.68632653770801,0.2993146888358639,14.075870205123309,15.296782870292713,False,0.11763045779948143,0.002397367631958341,0.11274099427814688,0.12251992132081599,False,0.1468632653770801,0.002993146888358638,0.1407587020512331,0.15296782870292713,False,0.14709266243335264,0.00045969685879861425,0.14615510450856667,0.14803022035813862,False,0.04667012596720881,0.00048498526508260214,0.04568099199776872,0.04765925993664891,False,0.10042253646614382,0.0005615430938123393,0.09927726177558252,0.10156781115670513,False,0.00012143324624643237,9.307021965178327e-05,-6.838471819244684e-05,0.00031125121068531156,False,-0.0003508303025189568,0.0029807823796119794,-0.006430176046519072,0.005728515441481158,False,0.48553316116333006,0.00022069080868922724,0.4850830592915123,0.48598326303514783,False,0.039466838836669925,0.00022069080868922656,0.03901673696485215,0.0399169407084877,False,0.0,0.0,0.0,0.0,True,0.0,0.0,0.0,0.0,True,0.0,0.0,0.0,0.0,True,0.0,0.0,0.0,0.0,True,0.03917444229125976,0.00021819108522638903,0.038729438639056715,0.03961944594346281,False,0.3811969757080078,0.001929398567095218,0.3772619413869592,0.38513201002905645,False,0.017682266043783153,1.541991729122435e-05,0.01765081691512538,0.017713715172440924,False
R4_H2048_alpha4_5_L100_zero_base,R4_H2048_alpha4_5,4,2048,4/5,100,zero,base,LAGRANGIAN_NI,32,1.3162264442443847,0.0032421387765848826,1.3096140586144567,1.3228388298743128,False,131.62264442443848,0.3242138776584883,130.96140586144568,132.28388298743127,False,1.248513931888545,0.0,1.248513931888545,1.248513931888545,True,6.771251235583987,0.3242138776584883,6.11001267259118,7.432489798576794,False,0.05423448679776894,0.0025967982365088338,0.04893828187683069,0.05953069171870719,False,0.06771251235583987,0.003242138776584883,0.06110012672591181,0.07432489798576794,False,0.06813426328664962,0.00043764609758268616,0.06724167818586682,0.06902684838743242,False,0.05224983554875519,0.00044867198845899953,0.05133476299527164,0.053164908102238735,False,0.015884427737894443,0.00013367953970790995,0.015611786519152078,0.016157068956636808,False,0.00012695466032707284,9.586049857470215e-05,-6.855411549429592e-05,0.00032246343614844163,False,-0.0005487055911368263,0.0029396592134290954,-0.006544180084748555,0.005446768902474902,False,0.5187572962045669,5.2537100087999136e-05,0.5186501460825027,0.5188644463266311,False,0.006242703795433045,5.2537100087996697e-05,0.006135553673368902,0.0063498539174971875,False,0.0,0.0,0.0,0.0,True,0.0,0.0,0.0,0.0,True,0.0,0.0,0.0,0.0,True,0.0,0.0,0.0,0.0,True,0.0025177770853042603,7.618072326514095e-06,0.0025022399243587144,0.002533314246249806,False,0.0,0.0,0.0,0.0,True,0.017660676443785592,1.55517911005192e-05,0.017628958356720535,0.01769239453085065,False
R4_H2048_alpha4_5_L100_zero_base,R4_H2048_alpha4_5,4,2048,4/5,100,zero,base,LAGRANGIAN_FC,32,1.312897663116455,0.003265127229542237,1.3062383922276086,1.3195569340053015,False,131.2897663116455,0.32651272295422407,130.62383922276086,131.95569340053015,False,1.248513931888545,0.0,1.248513931888545,1.248513931888545,True,6.438373122791019,0.32651272295422407,5.772446033906373,7.104300211675664,False,0.05156829217798247,0.0026152108888390997,0.04623453440503283,0.056902049950932114,False,0.06438373122791019,0.0032651272295422403,0.05772446033906374,0.07104300211675664,False,0.0652331144462798,0.0004306917030550532,0.06435471292664766,0.06611151596591194,False,0.055550008522836786,0.0004358905593643987,0.054661003865855845,0.056439013179817726,False,0.009683105923443017,0.0001377208927584501,0.00940222231081244,0.009963989536073595,False,0.00012255306657253773,9.704674052595564e-05,-7.537506565909204e-05,0.00032048119880416753,False,-0.0009719362849421548,0.00298154823493342,-0.007052844001168341,0.005108971431284032,False,0.521194463968277,5.41253833074863e-05,0.52108407452123,0.521304853415324,False,0.003805536031723022,5.412538330748626e-05,0.0036951465846760444,0.00391592547877,False,0.0,0.0,0.0,0.0,True,0.0,0.0,0.0,0.0,True,0.0,0.0,0.0,0.0,True,0.0,0.0,0.0,0.0,True,0.0,0.0,0.0,0.0,True,0.0,0.0,0.0,0.0,True,0.017648334651788798,1.563987846915702e-05,0.017616436909350948,0.01768023239422665,False
R4_H2048_alpha4_5_L100_zero_base,R4_H2048_alpha4_5,4,2048,4/5,100,zero,base,MYOPIC_K,32,1.6389431190490722,0.004091806736150462,1.630597824190638,1.6472884139075064,False,163.89431190490723,0.4091806736150463,163.0597824190638,164.72884139075066,False,1.248513931888545,0.0,1.248513931888545,1.248513931888545,True,39.04291871605274,0.4091806736150463,38.20838923020931,39.877448201896165,False,0.3127151225056422,0.0032773416712787943,0.30603094009863385,0.31939930491265056,False,0.3904291871605274,0.004091806736150463,0.3820838923020931,0.39877448201896165,False,0.3915074610370601,0.0010348952894228597,0.38939677817866986,0.3936181438954503,False,0.3845420046177442,0.0010590269982908948,0.3823821048146331,0.3867019044208553,False,0.006965456419315869,8.37485647830612e-05,0.006794650095324415,0.007136262743307324,False,0.0001958904679714711,0.00013391418317843074,-7.72293092841301e-05,0.0004690102452270723,False,-0.0012741643445041526,0.003243054918548808,-0.007888418458286455,0.005340089769278151,False,0.5222625213861466,3.291383812248021e-05,0.5221953931707233,0.5223296496015699,False,0.0027374786138534544,3.291383812247984e-05,0.002670350398430142,0.002804606829276767,False,0.0,0.0,0.0,0.0,True,0.0,0.0,0.0,0.0,True,0.0,0.0,0.0,0.0,True,0.0,0.0,0.0,0.0,True,0.0009863537549972534,2.0864624228741165e-06,0.0009820983868304009,0.000990609123164106,False,0.0,0.0,0.0,0.0,True,0.019236124665354924,1.994115399768166e-05,0.01919545441363999,0.019276794917069857,False
R16_H2048_alpha1_4_L100_zero_base,R16_H2048_alpha1_4,16,2048,1/4,100,zero,base,WHITTLE_K,32,10.637210025787354,0.060746337858721716,10.513317052905151,10.761102998669557,False,1063.7210025787354,6.074633785872171,1051.3317052905152,1076.1102998669555,False,10.265064628064062,0.0,10.265064628064062,10.265064628064062,True,37.21453977232917,6.074633785872171,24.825242484108955,49.60383706054938,False,0.0362535854577933,0.005917774515773132,0.024184204760132007,0.048322966155454596,False,0.3721453977232917,0.060746337858721716,0.24825242484108956,0.49603837060549383,False,0.3995113377575663,0.005604061919918886,0.38808177811745365,0.410940897397679,False,0.3237117671851128,0.005492337997796653,0.3125100699864526,0.334913464383773,False,0.07579957057245351,0.00034676349062806507,0.07509234177059822,0.0765067993743088,False,0.000766717606855087,0.0041682470760768635,-0.007734478352706188,0.009267913566416363,False,-0.028132657641129724,0.0582218904859942,-0.146876986161934,0.09061167087967456,False,0.16265829205513,6.423889276066168e-06,0.1626451904465733,0.1626713936636867,False,0.0014042079448699952,6.423889276065855e-06,0.0013911063363132971,0.0014173095534266932,False,0.0,0.0,0.0,0.0,True,0.0,0.0,0.0,0.0,True,0.0,0.0,0.0,0.0,True,0.0,0.0,0.0,0.0,True,0.0014042079448699952,6.423889276065855e-06,0.0013911063363132971,0.0014173095534266932,False,0.0,0.0,0.0,0.0,True,0.3482845327315063,0.0005173491866057887,0.34722939210894155,0.349339673354071,False
R16_H2048_alpha1_4_L100_zero_base,R16_H2048_alpha1_4,16,2048,1/4,100,zero,base,WHITTLE_P,32,10.901395950317383,0.06171507808588002,10.775527218715826,11.02726468191894,False,1090.1395950317383,6.171507808588003,1077.5527218715827,1102.726468191894,False,10.265064628064062,0.0,10.265064628064062,10.265064628064062,True,63.633132225332105,6.171507808588003,51.04625906517644,76.22000538548777,False,0.06198999668386206,0.006012147056254743,0.04972814192091793,0.0742518514468062,False,0.636331322253321,0.061715078085880025,0.5104625906517644,0.7622000538548777,False,0.6450648172458524,0.006823721518677016,0.6311477454540461,0.6589818890376588,False,0.33024008603268185,0.0066152099742441935,0.31674827633947517,0.3437318957258885,False,0.3148247312131705,0.0011453425954697305,0.3124887895889794,0.3171606728373616,False,0.0012317191724323668,0.003952578463722534,-0.0068296177522666,0.009293056097131333,False,-0.009965214164963748,0.05708397981171171,-0.1263887585647709,0.10645833023484338,False,0.1582302850484848,2.1217787383364286e-05,0.15818701108581365,0.15827355901115595,False,0.005832214951515198,2.121778738336403e-05,0.005788940988844047,0.005875488914186349,False,0.0,0.0,0.0,0.0,True,0.0,0.0,0.0,0.0,True,0.0,0.0,0.0,0.0,True,0.0,0.0,0.0,0.0,True,0.005832214951515198,2.121778738336403e-05,0.005788940988844047,0.005875488914186349,False,0.3411083221435547,0.0018080262770613991,0.33742082824004993,0.34479581604705944,False,0.34903168588935696,0.0005034862640068878,0.348004818883839,0.3500585528948749,False
R16_H2048_alpha1_4_L100_zero_base,R16_H2048_alpha1_4,16,2048,1/4,100,zero,base,LAGRANGIAN_K,32,11.572979049682617,0.050499068775954295,11.469985519883561,11.675972579481673,False,1157.2979049682617,5.049906877595427,1146.9985519883562,1167.5972579481672,False,10.265064628064062,0.0,10.265064628064062,10.265064628064062,True,130.79144216185554,5.049906877595427,120.49208918194996,141.0907951417611,False,0.12741414389567474,0.004919508118623325,0.11738074093808618,0.1374475468532633,False,1.3079144216185554,0.05049906877595427,1.2049208918194996,1.4109079514176113,False,1.316675204712697,0.020520882738461126,1.2748225884356816,1.3585278209897125,False,0.22543445572496557,0.005852541048552364,0.2134981195608561,0.23737079188907503,False,1.0912407489877314,0.022003736696474308,1.0463638321243058,1.136117665851157,False,0.0006611404113200222,0.003400394450151554,-0.006274009792815794,0.0075962906154558385,False,-0.009421923505461612,0.06402011270471629,-0.139991804206544,0.12114795719562077,False,0.14384696424007415,0.00040762528933436127,0.1430156069813855,0.1446783214987628,False,0.02021553575992584,0.00040762528933436105,0.019384178501237186,0.021046893018614496,False,0.0,0.0,0.0,0.0,True,0.0,0.0,0.0,0.0,True,0.0,0.0,0.0,0.0,True,0.0,0.0,0.0,0.0,True,0.02021553575992584,0.00040762528933436105,0.019384178501237186,0.021046893018614496,False,0.37399864196777344,0.0055640084727885475,0.3626507718716577,0.3853465120638892,False,0.3504074291880922,0.0005322646470320903,0.3493218682834288,0.3514929900927556,False
R16_H2048_alpha1_4_L100_zero_base,R16_H2048_alpha1_4,16,2048,1/4,100,zero,base,LAGRANGIAN_NI,32,10.671632804870605,0.05989994458927127,10.549466062442386,10.793799547298823,False,1067.1632804870605,5.989994458927128,1054.9466062442386,1079.3799547298825,False,10.265064628064062,0.0,10.265064628064062,10.265064628064062,True,40.65681768065436,5.989994458927128,28.44014343783251,52.873491923476216,False,0.039606976822631104,0.0058353207465940814,0.02770576169591655,0.05150819194934566,False,0.40656817680654367,0.05989994458927127,0.28440143437832516,0.5287349192347622,False,0.4202290101594707,0.005626641806815035,0.40875339853641524,0.4317046217825261,False,0.3168275427059189,0.0056233532950137905,0.3053586380469007,0.32829644736493707,False,0.10340146745355178,0.00033986619167171423,0.10270830578566177,0.10409462912144178,False,0.0013778334456833428,0.004039879404274978,-0.006861554921155385,0.009617221812522071,False,-0.015038666798610394,0.0572717614961428,-0.13184519446880172,0.10176786087158092,False,0.16214695930480957,6.296114911125812e-06,0.16213411829378827,0.16215980031583088,False,0.0019155406951904296,6.296114911125442e-06,0.0019026996841691323,0.001928381706211727,False,0.0,0.0,0.0,0.0,True,0.0,0.0,0.0,0.0,True,0.0,0.0,0.0,0.0,True,0.0,0.0,0.0,0.0,True,0.0019155406951904296,6.296114911125442e-06,0.0019026996841691323,0.001928381706211727,False,0.0,0.0,0.0,0.0,True,0.3484883090474348,0.0005028838832665798,0.34746267060553654,0.349513947489333,False
R16_H2048_alpha1_4_L100_zero_base,R16_H2048_alpha1_4,16,2048,1/4,100,zero,base,LAGRANGIAN_FC,32,10.578452415466309,0.05897083770733811,10.458180599016933,10.698724231915685,False,1057.8452415466309,5.8970837707338095,1045.8180599016932,1069.8724231915685,False,10.265064628064062,0.0,10.265064628064062,10.265064628064062,True,31.338778740224676,5.8970837707338095,19.311597095287038,43.36596038516231,False,0.030529548401036232,0.005744809199361044,0.018812932791957598,0.04224616401011487,False,0.31338778740224676,0.05897083770733809,0.1931159709528704,0.43365960385162317,False,0.37042790732467684,0.006262045552856633,0.3576563812176789,0.3831994334316748,False,0.37042790732467684,0.006262045552856633,0.3576563812176789,0.3831994334316748,False,0.0,0.0,0.0,0.0,True,0.00544446714414697,0.004017036046187181,-0.0027483318867108485,0.013637266175004789,False,-0.06248458706657704,0.056450231673902604,-0.17761559361769383,0.05264641948453975,False,0.1640625,0.0,0.1640625,0.1640625,True,0.0,0.0,0.0,0.0,True,0.0,0.0,0.0,0.0,True,0.0,0.0,0.0,0.0,True,0.0,0.0,0.0,0.0,True,0.0,0.0,0.0,0.0,True,0.0,0.0,0.0,0.0,True,0.0,0.0,0.0,0.0,True,0.34789697241134787,0.0004915627522386445,0.34689442356840955,0.3488995212542862,False
R16_H2048_alpha1_4_L100_zero_base,R16_H2048_alpha1_4,16,2048,1/4,100,zero,base,MYOPIC_K,32,16.45423309326172,0.06915510281213164,16.313190331189453,16.595275855333988,False,1645.4233093261719,6.915510281213165,1631.319033118945,1659.5275855333987,False,10.265064628064062,0.0,10.265064628064062,10.265064628064062,True,618.9168465197657,6.915510281213165,604.8125703125389,633.0211227269925,False,0.6029351679167072,0.00673693788766471,0.5891950925072776,0.6166752433261368,False,6.189168465197657,0.06915510281213164,6.048125703125388,6.330211227269926,False,6.199541930803436,0.011608310623730049,6.1758666251963925,6.22321723641048,False,6.187783340108105,0.01163680211976158,6.164049925711796,6.211516754504413,False,0.011758590695330752,6.631361307409094e-05,0.011623343189787015,0.01189383820087449,False,0.0016908646220097666,0.0037395231688997785,-0.005935943164072238,0.009317672408091771,False,-0.012064330227788729,0.06128054618308474,-0.13704682817070613,0.11291816771512868,False,0.16384466886520385,1.228477966675092e-06,0.16384216336787222,0.16384717436253549,False,0.00021783113479614257,1.2284779666748336e-06,0.00021532563746450752,0.00022033663212777763,False,0.0,0.0,0.0,0.0,True,0.0,0.0,0.0,0.0,True,0.0,0.0,0.0,0.0,True,0.0,0.0,0.0,0.0,True,0.00021783113479614257,1.2284779666748336e-06,0.00021532563746450752,0.00022033663212777763,False,0.0,0.0,0.0,0.0,True,0.36028705089099233,0.0005731436108711905,0.35911811678990435,0.3614559849920803,False
R16_H2048_alpha1_2_L100_zero_base,R16_H2048_alpha1_2,16,2048,1/2,100,zero,base,WHITTLE_K,32,5.361478824615478,0.03881840430221852,5.2823081670734515,5.440649482157505,False,536.1478824615479,3.8818404302218514,528.2308167073452,544.0649482157505,False,5.070639619420735,0.0,5.070639619420735,5.070639619420735,True,29.08392051947433,3.8818404302218514,21.166854765271644,37.000986273677015,False,0.05735749866364363,0.007655524197291127,0.04174395412405531,0.07297104320323196,False,0.29083920519474327,0.038818404302218515,0.21166854765271642,0.3700098627367701,False,0.31929570396552487,0.003298247209087273,0.312568884433052,0.32602252349799776,False,0.2984467408452093,0.00326299680373274,0.29179181498844786,0.3051016667019707,False,0.020848963120315603,7.293767906387623e-05,0.02070020574311588,0.020997720497515325,False,0.001116700961912121,0.0018674656644914146,-0.0026920203715017224,0.004925422295325965,False,-0.02957319973269373,0.03981852935137103,-0.110783625760545,0.05163722629515753,False,0.3268897122144699,4.321511028274645e-06,0.326880898434619,0.3268985259943208,False,0.0012352877855300903,4.321511028273921e-06,0.0012264740056791752,0.0012441015653810053,False,0.0,0.0,0.0,0.0,True,0.0,0.0,0.0,0.0,True,0.0,0.0,0.0,0.0,True,0.0,0.0,0.0,0.0,True,0.0012272143363952636,3.3702611289076722e-06,0.0012203406435049892,0.001234088029285538,False,0.0,0.0,0.0,0.0,True,0.17975658336252778,0.0003983735030876116,0.17894409524629257,0.180569071478763,False
R16_H2048_alpha1_2_L100_zero_base,R16_H2048_alpha1_2,16,2048,1/2,100,zero,base,WHITTLE_P,32,5.430951175689697,0.04117304402120881,5.34697819877937,5.514924152600024,False,543.0951175689697,4.1173044021208804,534.697819877937,551.4924152600024,False,5.070639619420735,0.0,5.070639619420735,5.070639619420735,True,36.0311556268962,4.1173044021208804,27.63385793586354,44.42845331792886,False,0.0710584035372886,0.008119891593856234,0.05449777544833764,0.08761903162623955,False,0.36031155626896205,0.04117304402120881,0.27633857935863543,0.4442845331792887,False,0.3888636607086746,0.003327053623505032,0.3820780901066542,0.395649231310695,False,0.2934448638089159,0.0033361095667191563,0.2866408234889405,0.30024890412889127,False,0.09541879689975868,0.00018777907809891878,0.09503581894502401,0.09580177485449336,False,0.0015139763462731315,0.0019395496152751985,-0.002441761174033616,0.005469713866579878,False,-0.030066080785985688,0.04125113924459502,-0.11419833395450779,0.054066172382536415,False,0.3224714970588684,1.1125790775065298e-05,0.3224488058589809,0.3224941882587559,False,0.005653502941131592,1.112579077506584e-05,0.005630811741244053,0.005676194141019132,False,0.0,0.0,0.0,0.0,True,0.0,0.0,0.0,0.0,True,0.0,0.0,0.0,0.0,True,0.0,0.0,0.0,0.0,True,0.00564580500125885,1.1255090214450754e-05,0.005622850093426073,0.005668759909091627,False,0.34288787841796875,0.0010034630443992616,0.3408413020459546,0.3449344547899829,False,0.18010497438680237,0.00041237916771457963,0.17926392152923473,0.18094602724437,False
R16_H2048_alpha1_2_L100_zero_base,R16_H2048_alpha1_2,16,2048,1/2,100,zero,base,LAGRANGIAN_K,32,5.703057136535644,0.034311507211757124,5.633078356211138,5.773035916860151,False,570.3057136535645,3.431150721175713,563.3078356211139,577.303591686015,False,5.070639619420735,0.0,5.070639619420735,5.070639619420735,True,63.24175171149093,3.431150721175714,56.24387367904033,70.23962974394153,False,0.12472144829475301,0.006766701991666457,0.11092066859499192,0.1385222279945141,False,0.6324175171149093,0.03431150721175713,0.5624387367904033,0.7023962974394153,False,0.6587118410671388,0.006977188675653372,0.644481770945099,0.6729419111891786,False,0.14454098476002658,0.004272071996101419,0.1358280364800042,0.15325393304004897,False,0.5141708563071122,0.009908210395559766,0.4939629279756434,0.534378784638581,False,0.001647404241908914,0.001972055176451008,-0.0023746288074985578,0.005669437291316385,False,-0.027941728194138395,0.0397121039920816,-0.1089350982706813,0.05305164188240451,False,0.29766070425510405,0.0005870551550916638,0.29646339737251826,0.29885801113768984,False,0.030464295744895935,0.0005870551550916632,0.029266988862310158,0.03166160262748171,False,0.0,0.0,0.0,0.0,True,0.0,0.0,0.0,0.0,True,0.0,0.0,0.0,0.0,True,0.0,0.0,0.0,0.0,True,0.030464295744895935,0.0005870551550916632,0.029266988862310158,0.03166160262748171,False,0.3924884796142578,0.005663456704322634,0.3809377835127079,0.4040391757158077,False,0.18062295408949985,0.00039140528463102036,0.17982467774850427,0.18142123043049543,False
R16_H2048_alpha1_2_L100_zero_base,R16_H2048_alpha1_2,16,2048,1/2,100,zero,base,LAGRANGIAN_NI,32,5.368638439178467,0.039298439517845125,5.288488743359426,5.448788134997508,False,536.8638439178467,3.929843951784512,528.8488743359426,544.8788134997508,False,5.070639619420735,0.0,5.070639619420735,5.070639619420735,True,29.799881975773157,3.9298439517845116,21.78491239386905,37.814851557677265,False,0.058769473305968184,0.007750193756095514,0.0429628489282339,0.07457609768370246,False,0.29799881975773157,0.03929843951784512,0.21784912393869046,0.37814851557677265,False,0.3238193379592708,0.003279780148431829,0.3171301822453201,0.33050849367322155,False,0.2965652663061072,0.0032027482806985907,0.29003321812219945,0.3030973144900149,False,0.02725407165316367,0.00017528554379753132,0.0268965744296297,0.02761156887669764,False,0.0015132721047895542,0.001885554455886425,-0.0023323415619034725,0.005358885771482581,False,-0.027333790306328827,0.03991835380176251,-0.10874780964303263,0.05408022903037498,False,0.3265102136135101,1.038555682522699e-05,0.3264890321307168,0.32653139509630347,False,0.001614786386489868,1.0385556825226535e-05,0.0015936049036965045,0.0016359678692832317,False,0.0,0.0,0.0,0.0,True,0.0,0.0,0.0,0.0,True,0.0,0.0,0.0,0.0,True,0.0,0.0,0.0,0.0,True,0.0016066503524780273,9.043461775367317e-06,0.0015882060905851936,0.001625094614370861,False,0.0,0.0,0.0,0.0,True,0.17979545834725616,0.00040212300658202355,0.17897532306822678,0.18061559362628554,False
R16_H2048_alpha1_2_L100_zero_base,R16_H2048_alpha1_2,16,2048,1/2,100,zero,base,LAGRANGIAN_FC,32,5.359658546447754,0.041543605079972776,5.2749298052753675,5.444387287620141,False,535.9658546447754,4.154360507997276,527.4929805275367,544.4387287620141,False,5.070639619420735,0.0,5.070639619420735,5.070639619420735,True,28.90189270270187,4.154360507997276,20.42901858546321,37.374766819940525,False,0.056998514727819666,0.008192971340510818,0.040288839512907446,0.07370818994273189,False,0.2890189270270187,0.04154360507997276,0.20429018585463213,0.3737476681994053,False,0.31723527816027136,0.003275237679489143,0.3105553868728091,0.32391516944773363,False,0.3171095789125681,0.0032657271100538423,0.310449084559352,0.32377007326578416,False,0.00012569924770326768,3.755378471546733e-05,4.9107798812996154e-05,0.0002022906965935392,False,0.0008761230433541458,0.0017186937540525278,-0.002629175978273506,0.004381422064981798,False,-0.029092474176606823,0.04236681731605264,-0.11550016777371637,0.05731521942050273,False,0.3281175523996353,2.2250378252253685e-06,0.328113014405072,0.3281220903941986,False,7.447600364685059e-06,2.2250378252259653e-06,2.9096058013960813e-06,1.1985594927974036e-05,False,0.0,0.0,0.0,0.0,True,0.0,0.0,0.0,0.0,True,0.0,0.0,0.0,0.0,True,0.0,0.0,0.0,0.0,True,0.0,0.0,0.0,0.0,True,0.0,0.0,0.0,0.0,True,0.17961520145871562,0.00042193406473075526,0.17875466126020456,0.18047574165722668,False
R16_H2048_alpha1_2_L100_zero_base,R16_H2048_alpha1_2,16,2048,1/2,100,zero,base,MYOPIC_K,32,9.924974365234375,0.04719224882119562,9.82872513919786,10.02122359127089,False,992.4974365234375,4.719224882119565,982.8725139197861,1002.1223591270889,False,5.070639619420735,0.0,5.070639619420735,5.070639619420735,True,485.43347458136395,4.719224882119565,475.80855197771257,495.05839718501534,False,0.9573416985149882,0.009306961717501595,0.9383600249470471,0.9763233720829293,False,4.85433474581364,0.04719224882119565,4.758085519777127,4.950583971850153,False,4.868545793911156,0.012718257405432563,4.842606736918045,4.894484850904266,False,4.859504079525462,0.012740066727762242,4.8335205421262035,4.8854876169247206,False,0.009041714385693345,2.8855029042460708e-05,0.008982864165965087,0.009100564605421602,False,0.001890670715045685,0.002245824168904006,-0.002689717875676073,0.006471059305767444,False,-0.016101718812561356,0.036228089213839194,-0.08998939390143507,0.05778595627631236,False,0.32758928418159483,1.7096420921071771e-06,0.32758579734355947,0.3275927710196302,False,0.0005357158184051513,1.709642092106505e-06,0.0005322289803697749,0.0005392026564405278,False,0.0,0.0,0.0,0.0,True,0.0,0.0,0.0,0.0,True,0.0,0.0,0.0,0.0,True,0.0,0.0,0.0,0.0,True,0.0005356532335281372,1.6981344129932327e-06,0.0005321898655590491,0.0005391166014972254,False,0.0,0.0,0.0,0.0,True,0.20431206722753953,0.000436533996822819,0.20342175027121023,0.20520238418386882,False
R16_H2048_alpha1_2_L100_zero_double_burn,R16_H2048_alpha1_2,16,2048,1/2,100,zero,double_burn,WHITTLE_K,32,5.357989292144776,0.038453037870842866,5.279563804352401,5.4364147799371505,False,535.7989292144775,3.845303787084286,527.9563804352401,543.641477993715,False,5.070639619420735,0.0,5.070639619420735,5.070639619420735,True,28.734967272404017,3.845303787084285,20.892418493166588,36.577516051641446,False,0.05666931477904295,0.007583468902732963,0.041202727981590054,0.07213590157649584,False,0.28734967272404016,0.03845303787084286,0.20892418493166584,0.36577516051641445,False,0.3126861965071169,0.0032532239098043616,0.3060512025989326,0.31932119041530116,False,0.2919211334849081,0.003237335411944067,0.2853185443817529,0.2985237225880633,False,0.020765063022208742,5.31721004327017e-05,0.020656617808403107,0.020873508236014377,False,0.003985899966475919,0.0019161214323214263,7.794454032802444e-05,0.007893855392623814,False,-0.02932242374955262,0.03928583268371962,-0.10944640776087827,0.050801560261773036,False,0.3268946832418442,3.1504130836842617e-06,0.32688825793199827,0.3269011085516901,False,0.0012303167581558228,3.1504130836843913e-06,0.0012238914483099453,0.0012367420680017003,False,0.0,0.0,0.0,0.0,True,0.0,0.0,0.0,0.0,True,0.0,0.0,0.0,0.0,True,0.0,0.0,0.0,0.0,True,0.0012244963645935058,2.7080271585205197e-06,0.0012189733067904966,0.001230019422396515,False,0.0,0.0,0.0,0.0,True,0.17974997013287952,0.00043128362737316126,0.17887036137564133,0.18062957889011771,False
R16_H2048_alpha1_2_L100_zero_double_burn,R16_H2048_alpha1_2,16,2048,1/2,100,zero,double_burn,WHITTLE_P,32,5.425434856414795,0.03944938512975653,5.344977304990587,5.505892407839004,False,542.5434856414795,3.944938512975653,534.4977304990585,550.5892407839004,False,5.070639619420735,0.0,5.070639619420735,5.070639619420735,True,35.479523699405966,3.944938512975654,27.43376855698507,43.52527884182686,False,0.06997050936832129,0.007779962310605539,0.054103171623384023,0.08583784711325856,False,0.3547952369940597,0.039449385129756535,0.2743376855698507,0.43525278841826864,False,0.3825411428357234,0.0032159233077533296,0.37598222400698084,0.3891000616644659,False,0.2873854542292365,0.003256049481599218,0.28074469752938286,0.29402621092909015,False,0.09515568860648688,0.0002636717304852834,0.09461792656672753,0.09569345064624622,False,0.003973471765313216,0.0019004499850592501,9.747846658102188e-05,0.00784946506404541,False,-0.03171937760697691,0.039481031353984807,-0.11224147193102713,0.04880271671707329,False,0.32248708605766296,1.562238209058326e-05,0.32245522399932447,0.32251894811600146,False,0.005637913942337036,1.5622382090583427e-05,0.005606051883998549,0.0056697760006755235,False,0.0,0.0,0.0,0.0,True,0.0,0.0,0.0,0.0,True,0.0,0.0,0.0,0.0,True,0.0,0.0,0.0,0.0,True,0.005633470416069031,1.5470219257152062e-05,0.005601918695875369,0.0056650221362626926,False,0.3424491882324219,0.0013427942377867797,0.33971054132871215,0.3451878351361316,False,0.18008549764464626,0.0004334162795276265,0.17920153931466257,0.18096945597462996,False
R16_H2048_alpha1_2_L100_zero_double_burn,R16_H2048_alpha1_2,16,2048,1/2,100,zero,double_burn,LAGRANGIAN_K,32,5.698637275695801,0.03332934113017507,5.6306616363012765,5.766612915090326,False,569.8637275695801,3.3329341130175063,563.0661636301276,576.6612915090326,False,5.070639619420735,0.0,5.070639619420735,5.070639619420735,True,62.79976562750656,3.3329341130175067,56.00220168805407,69.59732956695905,False,0.12384979083700043,0.0065730053073625,0.11044405812939966,0.13725552354460122,False,0.6279976562750655,0.033329341130175064,0.5600220168805407,0.6959732956695904,False,0.6510984010741583,0.007999567328700177,0.6347831759419209,0.6674136262063957,False,0.1422361876652465,0.0035633989759339996,0.13496858753895394,0.14950378779153908,False,0.5088622134089118,0.010296483695808392,0.4878623964607092,0.5298620303571144,False,0.0035906755900663744,0.0018117232158448317,-0.00010435826979770212,0.007285709449930451,False,-0.026691420389159125,0.03949111449024555,-0.10723407940519497,0.05385123862687671,False,0.2979752379655838,0.0006100601008281366,0.29673101218683484,0.2992194637443327,False,0.0301497620344162,0.000610060100828136,0.028905536255667268,0.03139398781316513,False,0.0,0.0,0.0,0.0,True,0.0,0.0,0.0,0.0,True,0.0,0.0,0.0,0.0,True,0.0,0.0,0.0,0.0,True,0.0301497620344162,0.000610060100828136,0.028905536255667268,0.03139398781316513,False,0.3924980163574219,0.005939663203379094,0.38038399338706425,0.4046120393277795,False,0.18059695325770816,0.0004168532392884614,0.17974677547100545,0.18144713104441088,False
R16_H2048_alpha1_2_L100_zero_double_burn,R16_H2048_alpha1_2,16,2048,1/2,100,zero,double_burn,LAGRANGIAN_NI,32,5.357771053314209,0.03930873914043936,5.277600351276393,5.437941755352024,False,535.7771053314209,3.930873914043936,527.7600351276394,543.7941755352024,False,5.070639619420735,0.0,5.070639619420735,5.070639619420735,True,28.713143389347376,3.930873914043936,20.69607318556589,36.730213593128866,False,0.056626275074598054,0.007752224983586973,0.040815507981082244,0.07243704216811386,False,0.28713143389347373,0.039308739140439364,0.20696073185565886,0.3673021359312886,False,0.3171307209058067,0.003316372800603876,0.31036693398571175,0.3238945078259016,False,0.2900827175511587,0.0032484215270498994,0.2834575181671769,0.29670791693514054,False,0.027048003354647965,0.00013578937908710056,0.026771059090122003,0.027324947619173926,False,0.0038688609106034234,0.0019262097415463962,-5.966975786020172e-05,0.0077973915790670485,False,-0.03386814792293633,0.04003276001073903,-0.115515500261199,0.04777920441532633,False,0.3265224230289459,8.045434222460402e-06,0.3265060142576671,0.3265388318002247,False,0.001602576971054077,8.045434222460809e-06,0.0015861681997752703,0.0016189857423328838,False,0.0,0.0,0.0,0.0,True,0.0,0.0,0.0,0.0,True,0.0,0.0,0.0,0.0,True,0.0,0.0,0.0,0.0,True,0.001595880389213562,7.202866645367201e-06,0.0015811900458377354,0.0016105707325893886,False,0.0,0.0,0.0,0.0,True,0.1797049413391488,0.0004364623329015941,0.17881477054235045,0.18059511213594714,False
R16_H2048_alpha1_2_L100_zero_double_burn,R16_H2048_alpha1_2,16,2048,1/2,100,zero,double_burn,LAGRANGIAN_FC,32,5.3530487442016605,0.03878217402154105,5.273951978804242,5.432145509599079,False,535.304874420166,3.878217402154105,527.3951978804241,543.2145509599079,False,5.070639619420735,0.0,5.070639619420735,5.070639619420735,True,28.24091247809249,3.878217402154105,20.331235938350645,36.150589017834335,False,0.05569497065011042,0.007648379086733734,0.04009599865957989,0.07129394264064096,False,0.28240912478092495,0.03878217402154105,0.2033123593835065,0.3615058901783434,False,0.3096712701383698,0.003319532459539192,0.3029010390513903,0.3164415012253493,False,0.3095666968146503,0.00331589682889657,0.30280388064525254,0.3163295129840481,False,0.00010457332371952522,3.108050275880168e-05,4.1184220422188535e-05,0.00016796242701686188,False,0.00414164076017645,0.0017579148914881803,0.0005563497013658233,0.007726931818987076,False,-0.03140378611762134,0.03924556769732193,-0.11144564914776994,0.04863807691252726,False,0.3281188040971756,1.8414999923272997e-06,0.32811504833317967,0.3281225598611715,False,6.195902824401856e-06,1.841499992326755e-06,2.440138828512556e-06,9.951666820291155e-06,False,0.0,0.0,0.0,0.0,True,0.0,0.0,0.0,0.0,True,0.0,0.0,0.0,0.0,True,0.0,0.0,0.0,0.0,True,0.0,0.0,0.0,0.0,True,0.0,0.0,0.0,0.0,True,0.17960766531679187,0.0004291469752046848,0.17873241429038156,0.18048291634320218,False
R16_H2048_alpha1_2_L100_zero_double_burn,R16_H2048_alpha1_2,16,2048,1/2,100,zero,double_burn,MYOPIC_K,32,9.861148777008056,0.050024864574926574,9.759122393053334,9.963175160962779,False,986.1148777008057,5.002486457492656,975.9122393053335,996.3175160962778,False,5.070639619420735,0.0,5.070639619420735,5.070639619420735,True,479.0509157587321,5.002486457492656,468.8482773632599,489.2535541542043,False,0.9447544130802544,0.009865592574027445,0.9246334043688569,0.964875421791652,False,4.790509157587321,0.05002486457492656,4.688482773632599,4.892535541542043,False,4.853173594955257,0.011722065168329542,4.8292662854249135,4.8770809044856,False,4.844048825508416,0.011746421539497336,4.820091840831571,4.868005810185261,False,0.009124769446840857,3.78523902609159e-05,0.009047568987925475,0.00920196990575624,False,0.0014783815073614755,0.002618628550905847,-0.0038623466333285407,0.006819109648051492,False,-0.06414281887529676,0.03970486832591033,-0.1451214317133897,0.016835793962796206,False,0.3275843632221222,2.242730013602485e-06,0.3275797891441028,0.3275889373001416,False,0.0005406367778778077,2.2427300136027e-06,0.0005360626998584282,0.0005452108558971872,False,0.0,0.0,0.0,0.0,True,0.0,0.0,0.0,0.0,True,0.0,0.0,0.0,0.0,True,0.0,0.0,0.0,0.0,True,0.0005405741930007935,2.2372771260937775e-06,0.0005360112362188101,0.0005451371497827768,False,0.0,0.0,0.0,0.0,True,0.2038264038255684,0.0004756276867619751,0.20285635476293895,0.20479645288819787,False
R16_H2048_alpha1_2_L100_zero_double_horizon,R16_H2048_alpha1_2,16,2048,1/2,100,zero,double_horizon,WHITTLE_K,32,5.353986330032349,0.02776960878837303,5.297349839507294,5.410622820557403,False,535.3986330032349,2.776960878837304,529.7349839507294,541.0622820557403,False,5.070639619420735,0.0,5.070639619420735,5.070639619420735,True,28.33467106116134,2.776960878837304,22.67102200865587,33.99832011366681,False,0.05587987549467825,0.005476549483425015,0.04471037918337763,0.06704937180597888,False,0.28334671061161343,0.02776960878837304,0.22671022008655875,0.33998320113666813,False,0.313389702997314,0.0023031669434872212,0.3086923630467761,0.3180870429478519,False,0.29262298008107795,0.0022872393392811565,0.2879581246934872,0.2972878354686687,False,0.020766722916236036,4.6797067958139996e-05,0.020671279666883483,0.02086216616558859,False,0.0016733061706075093,0.001090042527878779,-0.0005498502221451922,0.0038964625633602108,False,-0.03171629855630813,0.027841492716297447,-0.08849939731894443,0.025066800206328177,False,0.3268945848941803,2.772696470021489e-06,0.3268889299424469,0.32690023984591365,False,0.001230415105819702,2.772696470021706e-06,0.001224760154086317,0.0012360700575530872,False,0.0,0.0,0.0,0.0,True,0.0,0.0,0.0,0.0,True,0.0,0.0,0.0,0.0,True,0.0,0.0,0.0,0.0,True,0.0012242817878723145,2.0393691846854546e-06,0.001220122466997982,0.001228441108746647,False,0.0,0.0,0.0,0.0,True,0.12708509290705972,0.00020198071206513736,0.12667315052889014,0.1274970352852293,False
R16_H2048_alpha1_2_L100_zero_double_horizon,R16_H2048_alpha1_2,16,2048,1/2,100,zero,double_horizon,WHITTLE_P,32,5.423628215789795,0.02908652812808704,5.364305850563574,5.4829505810160155,False,542.3628215789795,2.908652812808705,536.4305850563574,548.2950581016016,False,5.070639619420735,0.0,5.070639619420735,5.070639619420735,True,35.298859636905966,2.9086528128087044,29.36662311428388,41.23109615952805,False,0.06961421494383084,0.005736264122712366,0.057915027133477674,0.081313402754184,False,0.3529885963690597,0.02908652812808705,0.29366623114283885,0.4123109615952806,False,0.383807416246482,0.0026173387496085635,0.37846931867288097,0.38914551382008306,False,0.28854294422142457,0.002594859265407126,0.2832506938581204,0.29383519458472873,False,0.09526447202505745,0.00015400239160083233,0.09495038207661034,0.09557856197350455,False,0.0018123821181730256,0.0011186352304409244,-0.0004690894759239845,0.004093853712270036,False,-0.032631201995595334,0.0284966312212905,-0.09075046454841701,0.02548806055722634,False,0.3224806407094002,9.124543613468484e-06,0.3224620310800083,0.32249925033879207,False,0.005644359290599823,9.124543613469168e-06,0.005625749661207922,0.005662968919991723,False,0.0,0.0,0.0,0.0,True,0.0,0.0,0.0,0.0,True,0.0,0.0,0.0,0.0,True,0.0,0.0,0.0,0.0,True,0.005639039576053619,9.224807226151095e-06,0.005620225457675469,0.005657853694431769,False,0.3427438735961914,0.0008223236621457407,0.34106673342995525,0.34442101376242756,False,0.12732906714604814,0.00020752123619150457,0.12690582479442275,0.12775230949767352,False
R16_H2048_alpha1_2_L100_zero_double_horizon,R16_H2048_alpha1_2,16,2048,1/2,100,zero,double_horizon,LAGRANGIAN_K,32,5.692491416931152,0.024987576325893972,5.641528919021635,5.74345391484067,False,569.2491416931152,2.498757632589397,564.1528919021634,574.345391484067,False,5.070639619420735,0.0,5.070639619420735,5.070639619420735,True,62.18517975104171,2.4987576325893976,57.08892996008998,67.28142954199345,False,0.12263774280639113,0.004927894348908299,0.11258723601937178,0.13268824959341047,False,0.6218517975104171,0.024987576325893972,0.5708892996008997,0.6728142954199344,False,0.6510303485673291,0.005239624349223815,0.6403440642530212,0.6617166328816371,False,0.1417218198343694,0.0031399453463184547,0.1353178590796031,0.14812578058913572,False,0.5093085287329597,0.00719095469821682,0.4946424799335191,0.5239745775324004,False,0.0015486957326013092,0.0010837278924982331,-0.0006615818763836784,0.0037589733415862967,False,-0.030727246789513336,0.02895118117141553,-0.08977357007767384,0.028319076498647157,False,0.297948794066906,0.00042605948572817866,0.29707984001679866,0.29881774811701334,False,0.030176205933094023,0.0004260594857281798,0.029307251882986662,0.031045159983201384,False,0.0,0.0,0.0,0.0,True,0.0,0.0,0.0,0.0,True,0.0,0.0,0.0,0.0,True,0.0,0.0,0.0,0.0,True,0.030176205933094023,0.0004260594857281798,0.029307251882986662,0.031045159983201384,False,0.39286136627197266,0.00441755422523808,0.38385170502941435,0.40187102751453097,False,0.12767030645679134,0.0002024047904426582,0.12725749916506848,0.1280831137485142,False
R16_H2048_alpha1_2_L100_zero_double_horizon,R16_H2048_alpha1_2,16,2048,1/2,100,zero,double_horizon,LAGRANGIAN_NI,32,5.3598354625701905,0.0284272734158091,5.301857656194261,5.41781326894612,False,535.983546257019,2.8427273415809102,530.1857656194261,541.781326894612,False,5.070639619420735,0.0,5.070639619420735,5.070639619420735,True,28.91958431494552,2.8427273415809102,23.12180367735254,34.7173649525385,False,0.05703340502484628,0.005606250009748593,0.045599382746104034,0.06846742730358853,False,0.2891958431494552,0.0284272734158091,0.23121803677352537,0.347173649525385,False,0.31804805960438143,0.0024917747565383107,0.3129660514830304,0.32313006772573244,False,0.29094375566231684,0.00245780101222149,0.2859310374493244,0.29595647387530927,False,0.02710430394206464,0.00010195187041241513,0.026896371731473256,0.027312236152656027,False,0.0016611853105182872,0.0011154114404921549,-0.0006137113206298498,0.003936081941666425,False,-0.03051340176544454,0.028211757488862697,-0.08805166051045459,0.0270248569795655,False,0.32651908725500106,6.040583385640952e-06,0.32650676740396195,0.3265314071060402,False,0.0016059127449989318,6.040583385640167e-06,0.00159359289395984,0.0016182325960380237,False,0.0,0.0,0.0,0.0,True,0.0,0.0,0.0,0.0,True,0.0,0.0,0.0,0.0,True,0.0,0.0,0.0,0.0,True,0.0015999671816825866,5.197257285843466e-06,0.0015893673055637273,0.001610567057801446,False,0.0,0.0,0.0,0.0,True,0.12709753721225747,0.00020482778010876088,0.12667978820053014,0.1275152862239848,False
R16_H2048_alpha1_2_L100_zero_double_horizon,R16_H2048_alpha1_2,16,2048,1/2,100,zero,double_horizon,LAGRANGIAN_FC,32,5.347753610610962,0.0277891903963979,5.291077183133038,5.4044300380888854,False,534.7753610610962,2.7789190396397903,529.1077183133038,540.4430038088885,False,5.070639619420735,0.0,5.070639619420735,5.070639619420735,True,27.71139911902267,2.77891903963979,22.043756371230323,33.379041866815015,False,0.05465069734572932,0.005480411246337501,0.04347332491704189,0.06582806977441674,False,0.27711399119022667,0.0277891903963979,0.22043756371230322,0.3337904186681501,False,0.31065885492086476,0.002574031777131126,0.3054090824999542,0.3159086273417753,False,0.31056114752243996,0.002570599772454819,0.3053183747212148,0.3158039203236651,False,9.770739842480891e-05,2.3287832735316683e-05,5.021155042370009e-05,0.00014520324642591773,False,0.0012997038384582862,0.0010752430530504167,-0.0008932688263823651,0.0034926765032989374,False,-0.03484456756909637,0.027657214550988997,-0.09125182853570882,0.02156269339751609,False,0.3281192108988762,1.379789256828283e-06,0.3281163968001337,0.32812202499761867,False,5.7891011238098145e-06,1.379789256827513e-06,2.9750023813167945e-06,8.603199866302835e-06,False,0.0,0.0,0.0,0.0,True,0.0,0.0,0.0,0.0,True,0.0,0.0,0.0,0.0,True,0.0,0.0,0.0,0.0,True,0.0,0.0,0.0,0.0,True,0.0,0.0,0.0,0.0,True,0.12695902988641208,0.00020064306413050266,0.12654981565919174,0.12736824411363243,False
R16_H2048_alpha1_2_L100_zero_double_horizon,R16_H2048_alpha1_2,16,2048,1/2,100,zero,double_horizon,MYOPIC_K,32,9.89587697982788,0.03785660007277075,9.818667934944614,9.973086024711147,False,989.5876979827881,3.785660007277073,981.8667934944614,997.3086024711148,False,5.070639619420735,0.0,5.070639619420735,5.070639619420735,True,482.52373604071454,3.785660007277073,474.80283155238783,490.24464052904125,False,0.9516032931873742,0.007465843150788822,0.9363766056926539,0.9668299806820946,False,4.8252373604071455,0.03785660007277071,4.748028315523879,4.902446405290412,False,4.85759029499294,0.0095472213649168,4.8381186086434695,4.877061981342411,False,4.848510342684836,0.009567012785823883,4.828998291466302,4.86802239390337,False,0.009079952308103918,2.5995910885793182e-05,0.00902693329830102,0.009132971317906816,False,0.0012062730589218482,0.0013422634834290774,-0.0015312913641386374,0.003943837481982334,False,-0.03355920764471627,0.029351528040404362,-0.09342204375540218,0.026303628465969647,False,0.32758701860904693,1.5402411623845397e-06,0.3275838772664856,0.3275901599516083,False,0.000537981390953064,1.5402411623846221e-06,0.0005348400483916873,0.0005411227335144406,False,0.0,0.0,0.0,0.0,True,0.0,0.0,0.0,0.0,True,0.0,0.0,0.0,0.0,True,0.0,0.0,0.0,0.0,True,0.0005379500985145569,1.542148127146638e-06,0.0005348048666729063,0.0005410953303562075,False,0.0,0.0,0.0,0.0,True,0.14438695542889501,0.0002475737891222059,0.14388202535700498,0.14489188550078505,False
R16_H2048_alpha4_5_L100_zero_base,R16_H2048_alpha4_5,16,2048,4/5,100,zero,base,WHITTLE_K,32,3.7352826309204104,0.02461465052986945,3.6850807201863933,3.7854845416544274,False,373.528263092041,2.461465052986944,368.50807201863927,378.54845416544276,False,3.648513931888545,0.0,3.648513931888545,3.648513931888545,True,8.676869903186526,2.461465052986944,3.6566788297848065,13.697060976588247,False,0.023781928930980408,0.0067464866489158224,0.010022378694582744,0.03754147916737807,False,0.08676869903186527,0.024614650529869442,0.03656678829784806,0.13697060976588246,False,0.11347658284898882,0.0019676321866222823,0.1094635705468103,0.11748959515116733,False,0.09572805905711171,0.0021562743106709427,0.09133030860637917,0.10012580950784425,False,0.017748523791877108,0.0003904882101737933,0.01695211783656839,0.018544929747185825,False,-6.270292299819808e-05,0.0009108149342932218,-0.0019203222286678849,0.0017949163826714888,False,-0.026645180894125358,0.023488483924847217,-0.07455025969431714,0.02125989790606642,False,0.518024691939354,0.00015346490738903811,0.517711698197184,0.5183376856815239,False,0.006975308060646057,0.00015346490738903543,0.0066623143184761395,0.007288301802815975,False,0.0,0.0,0.0,0.0,True,0.0,0.0,0.0,0.0,True,0.0,0.0,0.0,0.0,True,0.0,0.0,0.0,0.0,True,0.0014095097780227662,2.4384830551216814e-06,0.0014045364590430356,0.0014144830970024968,False,0.0,0.0,0.0,0.0,True,0.10796519660047305,0.00034280825052372384,0.10726603456399428,0.10866435863695181,False
R16_H2048_alpha4_5_L100_zero_base,R16_H2048_alpha4_5,16,2048,4/5,100,zero,base,WHITTLE_P,32,3.7499626159667967,0.024588313948159128,3.69981441904531,3.8001108128882835,False,374.9962615966797,2.458831394815912,369.981441904531,380.0110812888284,False,3.648513931888545,0.0,3.648513931888545,3.648513931888545,True,10.144868407825198,2.4588313948159124,5.1300487156765096,15.159688099973888,False,0.02780548079906607,0.006739268208147341,0.01406065266967774,0.041550308928454405,False,0.10144868407825199,0.024588313948159125,0.05130048715676509,0.1515968809997389,False,0.12779479811582772,0.00213279289891621,0.12344493832010933,0.13214465791154612,False,0.100426994155435,0.0023108158162903764,0.0957140542259653,0.10513993408490471,False,0.02736780396039272,0.00036586456798304735,0.02662161825443128,0.02811398966635416,False,-5.98476398101901e-05,0.0009103765818344956,-0.001916572919746044,0.0017968776401256637,False,-0.026286266397765545,0.0233058938589456,-0.07381895030337257,0.02124641750784148,False,0.5142442399263382,0.00014378762426004625,0.5139509831332344,0.5145374967194419,False,0.010755760073661804,0.0001437876242600474,0.010462503280558044,0.011049016866765564,False,0.0,0.0,0.0,0.0,True,0.0,0.0,0.0,0.0,True,0.0,0.0,0.0,0.0,True,0.0,0.0,0.0,0.0,True,0.005360630750656128,9.494569917947656e-06,0.005341266447640723,0.005379995053671534,False,0.268524169921875,0.0010854864259275613,0.26631030576031495,0.27073803408343505,False,0.10798864571570493,0.00034092270733144956,0.10729332926992058,0.10868396216148929,False
R16_H2048_alpha4_5_L100_zero_base,R16_H2048_alpha4_5,16,2048,4/5,100,zero,base,LAGRANGIAN_K,32,3.8180040168762206,0.023693624313341044,3.7696805514952967,3.8663274822571445,False,381.80040168762207,2.369362431334104,376.9680551495297,386.63274822571447,False,3.648513931888545,0.0,3.648513931888545,3.648513931888545,True,16.949008498767583,2.369362431334104,12.116661960675192,21.781355036859974,False,0.04645455331999906,0.0064940479207864065,0.033209855264012544,0.05969925137598557,False,0.16949008498767582,0.023693624313341037,0.1211666196067519,0.21781355036859973,False,0.1962912133249336,0.0016276395194221435,0.19297162063918594,0.19961080601068126,False,0.08539401873715521,0.0023664780055662623,0.08056755502420147,0.09022048245010895,False,0.11089719458777839,0.0015956458140479696,0.10764285349434141,0.11415153568121536,False,-5.4449217238293394e-05,0.0009061465829945136,-0.0019025473576617627,0.001793648923185176,False,-0.026746679120019493,0.023511333213872578,-0.0746983593524191,0.02120500111238011,False,0.4814165389537811,0.0006271012304560681,0.4801375575620142,0.482695520345548,False,0.04358346104621887,0.0006271012304560685,0.04230447965445199,0.044862442437985754,False,0.0,0.0,0.0,0.0,True,0.0,0.0,0.0,0.0,True,0.0,0.0,0.0,0.0,True,0.0,0.0,0.0,0.0,True,0.043239119052886965,0.0006183254791298314,0.041978035923952176,0.044500202181821755,False,0.412384033203125,0.004425078530896122,0.4033590260380023,0.4214090403682477,False,0.10795333737380303,0.0003410109485566199,0.1072578409588534,0.10864883378875265,False
R16_H2048_alpha4_5_L100_zero_base,R16_H2048_alpha4_5,16,2048,4/5,100,zero,base,LAGRANGIAN_NI,32,3.7371529579162597,0.024512549095096016,3.687159284431359,3.78714663140116,False,373.715295791626,2.451254909509601,368.7159284431359,378.71466314011604,False,3.648513931888545,0.0,3.648513931888545,3.648513931888545,True,8.863902602771487,2.451254909509601,3.864535254281445,13.863269951261529,False,0.024294555997990533,0.006718502259468643,0.010592080300159585,0.037997031695821484,False,0.08863902602771487,0.024512549095096012,0.03864535254281444,0.1386326995126153,False,0.1152159603490918,0.001985498019586663,0.11116651044035136,0.11926541025783224,False,0.09555585792706847,0.002199041350091789,0.09107088352437456,0.10004083232976238,False,0.019660102422023335,0.0004191463397870935,0.01880524782601972,0.020514957018026952,False,-5.800479853485393e-05,0.00090982615162908,-0.0019136074686654599,0.0017975978715957521,False,-0.02651892952284208,0.02340814990984498,-0.07426016601923378,0.021222306973549626,False,0.5172734266519546,0.00016472777549225096,0.5169374621388432,0.5176093911650661,False,0.007726573348045349,0.00016472777549225086,0.007390608834933934,0.008062537861156764,False,0.0,0.0,0.0,0.0,True,0.0,0.0,0.0,0.0,True,0.0,0.0,0.0,0.0,True,0.0,0.0,0.0,0.0,True,0.0023031556606292725,1.9053585519248116e-05,0.002264295616760702,0.002342015704497843,False,0.0,0.0,0.0,0.0,True,0.10794939290485955,0.00034087102023988965,0.10725418187559344,0.10864460393412567,False
R16_H2048_alpha4_5_L100_zero_base,R16_H2048_alpha4_5,16,2048,4/5,100,zero,base,LAGRANGIAN_FC,32,3.7341142463684083,0.024479260493416966,3.684188465434244,3.7840400273025727,False,373.4114246368408,2.4479260493416963,368.41884654342437,378.4040027302573,False,3.648513931888545,0.0,3.648513931888545,3.648513931888545,True,8.560031447986331,2.4479260493416963,3.5674533545699036,13.55260954140276,False,0.023461693192865198,0.0067093783799109675,0.009777825770075431,0.037145560615654966,False,0.08560031447986331,0.024479260493416963,0.03567453354569904,0.13552609541402758,False,0.1125902061049045,0.0019602614170582478,0.10859222658636213,0.11658818562344687,False,0.09846127327012573,0.0021462611357599376,0.09408394482426531,0.10283860171598615,False,0.014128932834778776,0.00039710810059869655,0.013319025523934797,0.014938840145622755,False,-5.469619231327409e-05,0.0009111605319548293,-0.0019130203490608528,0.0018036279644343045,False,-0.026935195432727918,0.023370530994038026,-0.07459970764449249,0.020729316779036652,False,0.5194472193717956,0.00015606657587610923,0.5191289194917632,0.519765519251828,False,0.0055527806282043455,0.00015606657587611004,0.005234480748171974,0.005871080508236717,False,0.0,0.0,0.0,0.0,True,0.0,0.0,0.0,0.0,True,0.0,0.0,0.0,0.0,True,0.0,0.0,0.0,0.0,True,0.0,0.0,0.0,0.0,True,0.0,0.0,0.0,0.0,True,0.10794587301001239,0.0003408342705667308,0.10725073693219883,0.10864100908782595,False
R16_H2048_alpha4_5_L100_zero_base,R16_H2048_alpha4_5,16,2048,4/5,100,zero,base,MYOPIC_K,32,5.82854663848877,0.04180295357475565,5.7432889525739705,5.913804324403569,False,582.854663848877,4.180295357475565,574.3288952573971,591.3804324403568,False,3.648513931888545,0.0,3.648513931888545,3.648513931888545,True,218.00327066002245,4.180295357475565,209.47750206854255,226.52903925150235,False,0.59751250709129,0.011457528833696298,0.5741447229724919,0.6208802912100881,False,2.1800327066002247,0.04180295357475566,2.0947750206854256,2.265290392515024,False,2.1798469761473473,0.01710029169492232,2.1449707012982526,2.214723250996442,False,2.1735918701691523,0.017231627355512834,2.138447734474292,2.208736005864013,False,0.006255105978195143,0.0002153797884324351,0.005815836003605178,0.006694375952785108,False,0.001815591392871396,0.0017059140382705363,-0.0016636432265777594,0.005294826012320552,False,-0.001629860939994316,0.025877595642444177,-0.054407565213168314,0.051147843333179684,False,0.5225416946411132,8.464593404892562e-05,0.5223690581204377,0.5227143311617888,False,0.0024583053588867186,8.464593404892505e-05,0.002285668838211152,0.002630941879562285,False,0.0,0.0,0.0,0.0,True,0.0,0.0,0.0,0.0,True,0.0,0.0,0.0,0.0,True,0.0,0.0,0.0,0.0,True,0.0006606799364089966,2.8938719570830187e-06,0.0006547778456403763,0.0006665820271776169,False,0.0,0.0,0.0,0.0,True,0.12601226978148056,0.0004539372409438613,0.12508645867475546,0.12693808088820566,False
R64_H2048_alpha1_4_L100_zero_base,R64_H2048_alpha1_4,64,2048,1/4,100,zero,base,WHITTLE_K,32,36.60065809726715,0.22437545287184324,36.143041344093746,37.058274850440554,False,3660.065809726715,22.437545287184317,3614.3041344093745,3705.8274850440557,False,34.95566345808105,0.0,34.95566345808105,34.95566345808105,True,164.49946391861005,22.437545287184317,118.73778860126927,210.26113923595082,False,0.047059459797087914,0.006418858367283315,0.0339681118464995,0.06015080774767633,False,1.6449946391861003,0.22437545287184318,1.1873778860126927,2.102611392359508,False,1.605455842269688,0.02271945731228037,1.5591192035864632,1.651792480952913,False,1.3094991105288547,0.022436114859414852,1.2637403525881838,1.3552578684695256,False,0.29595673174083326,0.0011969320273517634,0.2935155727766268,0.2983978907050397,False,-0.0035268144367171074,0.01979919896670678,-0.04390754695719346,0.03685391808375924,False,0.04306561135312946,0.21667200564427572,-0.3988398576160493,0.48497108032230823,False,0.16269668072462082,5.523756208077089e-06,0.16268541494955982,0.16270794649968182,False,0.001365819275379181,5.523756208077377e-06,0.0013545535003181915,0.0013770850504401704,False,0.0,0.0,0.0,0.0,True,3.600120544433594e-06,2.248207476543237e-06,-9.85128834265275e-07,8.185369923132464e-06,False,0.0060838890075683594,0.003854038751908821,-0.0017764748498825117,0.01394425286501923,False,0.0,0.0,0.0,0.0,True,0.001365819275379181,5.523756208077377e-06,0.0013545535003181915,0.0013770850504401704,False,0.0,0.0,0.0,0.0,True,1.406782453406789,0.0018196845485762686,1.4030711823017679,1.41049372451181,False
R64_H2048_alpha1_4_L100_zero_base,R64_H2048_alpha1_4,64,2048,1/4,100,zero,base,WHITTLE_P,32,37.70657274246216,0.21172468187682025,37.27475740684038,38.138388078083935,False,3770.657274246216,21.172468187682018,3727.475740684038,3813.8388078083935,False,34.95566345808105,0.0,34.95566345808105,34.95566345808105,True,275.0909284381108,21.172468187682018,231.90939487593312,318.27246200028844,False,0.07869709833086153,0.006056949316116432,0.06634386875650053,0.09105032790522252,False,2.7509092843811076,0.21172468187682017,2.319093948759331,3.182724620002884,False,2.589476305413542,0.022472994301594863,2.5436423313546492,2.6353102794724346,False,1.3252674988794415,0.02237838190987735,1.2796264880656525,1.3709085096932305,False,1.2642088065341004,0.004452296484630898,1.2551282879863521,1.2732893250818487,False,0.004876467085289942,0.021452306704303536,-0.03887580089435694,0.048628735064936826,False,0.15655651188227593,0.19995233937605314,-0.25124897291360243,0.5643619966781543,False,0.15822826623916625,2.0547031732114662e-05,0.15818636029166508,0.15827017218666742,False,0.00583423376083374,2.0547031732114666e-05,0.005792327813332558,0.005876139708334922,False,0.0,0.0,0.0,0.0,True,3.600120544433594e-06,2.248207476543237e-06,-9.85128834265275e-07,8.185369923132464e-06,False,0.0060838890075683594,0.003854038751908821,-0.0017764748498825117,0.01394425286501923,False,0.0,0.0,0.0,0.0,True,0.00583423376083374,2.0547031732114666e-05,0.005792327813332558,0.005876139708334922,False,0.34497928619384766,0.0018134642378691407,0.3412807014961545,0.3486778708915408,False,1.4096461390472972,0.0017045384387393094,1.4061697099815889,1.4131225681130055,False
R64_H2048_alpha1_4_L100_zero_base,R64_H2048_alpha1_4,64,2048,1/4,100,zero,base,LAGRANGIAN_K,32,40.337802901268006,0.1676574362196412,39.9958633057097,40.679742496826314,False,4033.7802901268005,16.765743621964134,3999.58633057097,4067.974249682631,False,34.95566345808105,0.0,34.95566345808105,34.95566345808105,True,538.2139443186954,16.765743621964127,504.0199847628648,572.4079038745261,False,0.15397045602184706,0.004796288201501216,0.14418836174209287,0.16375255030160124,False,5.382139443186955,0.16765743621964133,5.0401998476286485,5.724079038745262,False,5.279249059197176,0.051255061778273714,5.174713671504509,5.383784446889844,False,0.8905355597173015,0.018414488886018165,0.8529789620257502,0.9280921574088528,False,4.388713499479874,0.058779668485252144,4.26883157522948,4.508595423730269,False,-0.00016823767848516788,0.01952370257252531,-0.039987091598594676,0.039650616241624345,False,0.1030586216682639,0.20455167790473355,-0.3141272759013872,0.520244519237915,False,0.14380889922380446,0.0002712639910075035,0.14325565266662152,0.1443621457809874,False,0.020253600776195525,0.00027126399100750376,0.019700354219012565,0.020806847333378484,False,0.0,0.0,0.0,0.0,True,3.848075866699219e-06,2.2490725083521417e-06,-7.389377560054718e-07,8.43508948940391e-06,False,0.006471071243286133,0.0038537711770435545,-0.0013887468916291106,0.014330889378201376,False,0.0,0.0,0.0,0.0,True,0.020253600776195525,0.00027126399100750376,0.019700354219012565,0.020806847333378484,False,0.37261199951171875,0.0044197794778393995,0.3635977998365584,0.3816261991868791,False,1.4146481661943344,0.0016190764529320605,1.4113460379978358,1.417950294390833,False
R64_H2048_alpha1_4_L100_zero_base,R64_H2048_alpha1_4,64,2048,1/4,100,zero,base,LAGRANGIAN_NI,32,36.679688544273375,0.22528003270150948,36.22022688837402,37.13915020017273,False,3667.9688544273376,22.528003270150943,3622.0226888374027,3713.9150200172726,False,34.95566345808105,0.0,34.95566345808105,34.95566345808105,True,172.4025086192326,22.528003270150943,126.4563430292975,218.3486742091677,False,0.04932033655318208,0.006444736286343585,0.036176210238705486,0.06246446286765868,False,1.724025086192326,0.22528003270150943,1.2645634302929751,2.1834867420916773,False,1.7004371738007826,0.01955608314156551,1.6605522792747136,1.7403220683268517,False,1.289744834884492,0.019665204516893447,1.2496373858461525,1.3298522839228315,False,0.4106923389162906,0.0014654835497955627,0.4077034655110098,0.4136812123215714,False,-0.006904877631035194,0.020417583350161472,-0.048546813416608936,0.03473705815453855,False,0.030492790022578462,0.21820918977917675,-0.4145477866593182,0.47553336670447516,False,0.16216718405485153,6.763102390975696e-06,0.1621533906165858,0.16218097749311727,False,0.001895315945148468,6.763102390976045e-06,0.0018815225068827166,0.0019091093834142194,False,0.0,0.0,0.0,0.0,True,3.600120544433594e-06,2.248207476543237e-06,-9.85128834265275e-07,8.185369923132464e-06,False,0.0060838890075683594,0.003854038751908821,-0.0017764748498825117,0.01394425286501923,False,0.0,0.0,0.0,0.0,True,0.001895315945148468,6.763102390976045e-06,0.0018815225068827166,0.0019091093834142194,False,0.0,0.0,0.0,0.0,True,1.4068162729242892,0.0018784302585071859,1.402985189153946,1.4106473566946325,False
R64_H2048_alpha1_4_L100_zero_base,R64_H2048_alpha1_4,64,2048,1/4,100,zero,base,LAGRANGIAN_FC,32,36.39892416954041,0.20244854078153338,35.98602764841314,36.81182069066767,False,3639.8924169540405,20.244854078153335,3598.6027648413137,3681.1820690667673,False,34.95566345808105,0.0,34.95566345808105,34.95566345808105,True,144.3260711459355,20.244854078153338,103.0364190332086,185.61572325866237,False,0.041288322654499686,0.005791580555302873,0.029476316236071498,0.053100329072927874,False,1.4432607114593548,0.20244854078153338,1.0303641903320857,1.8561572325866238,False,1.5027072978182274,0.019463049900555973,1.4630121458381593,1.5424024497982955,False,1.5027072978182274,0.019463049900555973,1.4630121458381593,1.5424024497982955,False,0.0,0.0,0.0,0.0,True,-0.0234533743048821,0.02159764998886016,-0.06750207186772564,0.020595323257961432,False,-0.03599321205399055,0.20382971409001285,-0.45170665471570715,0.3797202306077261,False,0.1640625,0.0,0.1640625,0.1640625,True,0.0,0.0,0.0,0.0,True,0.0,0.0,0.0,0.0,True,3.600120544433594e-06,2.248207476543237e-06,-9.85128834265275e-07,8.185369923132464e-06,False,0.0060838890075683594,0.003854038751908821,-0.0017764748498825117,0.01394425286501923,False,0.0,0.0,0.0,0.0,True,0.0,0.0,0.0,0.0,True,0.0,0.0,0.0,0.0,True,1.4056466751351422,0.0016565376073328195,1.4022681444105256,1.4090252058597588,False
R64_H2048_alpha1_4_L100_zero_base,R64_H2048_alpha1_4,64,2048,1/4,100,zero,base,MYOPIC_K,32,63.068914713859556,0.21008492303779672,62.640443688438815,63.4973857392803,False,6306.891471385956,21.00849230377969,6264.044368843882,6349.73857392803,False,34.95566345808105,0.0,34.95566345808105,34.95566345808105,True,2811.325125577851,21.00849230377969,2768.478023035777,2854.172228119925,False,0.8042545463195688,0.006010039640349881,0.7919969896596998,0.8165121029794379,False,28.113251255778508,0.2100849230377969,27.684780230357767,28.54172228119925,False,28.045833313470162,0.0381669429892927,27.967991320035654,28.12367530690467,False,28.002478112597913,0.03819296435510794,27.92458304823793,28.080373176957895,False,0.043355200872249505,0.0001651506967139921,0.043018373805619584,0.04369202793887943,False,-0.010292420584777393,0.019733024032998647,-0.05053818843814162,0.029953347268586828,False,0.0777103628931214,0.19515892593810427,-0.32031889074192305,0.4757396165281658,False,0.16386241883039473,7.621587236333985e-07,0.16386086439742958,0.16386397326335989,False,0.00020008116960525512,7.621587236332833e-07,0.00019852673664011672,0.00020163560257039351,False,5.769729614257812e-07,4.2993464175768626e-07,-2.9988452151064255e-07,1.4538304443622051e-06,False,1.5964508056640627e-05,5.2541237521315484e-06,5.248652015137585e-06,2.668036409814367e-05,False,0.02718484401702881,0.009259989099703273,0.008298971734699814,0.0460707162993578,False,1.9578933715820314e-05,1.6463161449319488e-05,-1.399790543026176e-05,5.315577286190239e-05,False,0.00020008116960525512,7.621587236332833e-07,0.00019852673664011672,0.00020163560257039351,False,0.0,0.0,0.0,0.0,True,1.4544151644284034,0.001884296202147348,1.4505721169871302,1.4582582118696765,False
R64_H2048_alpha1_4_L100_zero_double_burn,R64_H2048_alpha1_4,64,2048,1/4,100,zero,double_burn,WHITTLE_K,32,36.61866096496582,0.25214558848646706,36.10440664679813,37.13291528313351,False,3661.866096496582,25.21455884864671,3610.4406646798134,3713.2915283133507,False,34.95566345808105,0.0,34.95566345808105,34.95566345808105,True,166.299750688477,25.21455884864671,114.87431887170848,217.7251825052455,False,0.04757447985157089,0.007213297175401661,0.032862863269485974,0.06228609643365581,False,1.6629975068847698,0.2521455884864671,1.1487431887170847,2.177251825052455,False,1.6147458828629806,0.022363222628310076,1.5691357896077858,1.6603559761181754,False,1.3173074717740576,0.02219399674319946,1.2720425169870242,1.362572426561091,False,0.29743841108892305,0.0010707893883290722,0.2952545217331673,0.2996223004446788,False,-0.004075242025018393,0.020125606781666416,-0.045121687673113794,0.036971203623077,False,0.052326866046807585,0.24791221635239277,-0.453293432729833,0.5579471648234482,False,0.16268984287977217,4.9416168973373224e-06,0.16267976438566312,0.16269992137388123,False,0.0013726571202278138,4.941616897337658e-06,0.001362578626118754,0.0013827356143368736,False,0.0,0.0,0.0,0.0,True,2.9468536376953128e-06,1.8013763648712789e-06,-7.270776804803428e-07,6.620784955870968e-06,False,0.004882974624633789,0.0030077023482572014,-0.0012512747573948258,0.011017224006662404,False,0.0,0.0,0.0,0.0,True,0.0013726571202278138,4.941616897337658e-06,0.001362578626118754,0.0013827356143368736,False,0.0,0.0,0.0,0.0,True,1.4068289383520554,0.0021896170320893026,1.4023631849726506,1.4112946917314602,False
R64_H2048_alpha1_4_L100_zero_double_burn,R64_H2048_alpha1_4,64,2048,1/4,100,zero,double_burn,WHITTLE_P,32,37.80553733825683,0.2616628477014349,37.27187244194738,38.33920223456629,False,3780.5537338256836,26.16628477014348,3727.1872441947385,3833.9202234566287,False,34.95566345808105,0.0,34.95566345808105,34.95566345808105,True,284.98738801757855,26.16628477014348,231.62089838663337,338.35387764852373,False,0.08152824458884506,0.007485563763228862,0.0662613366398821,0.09679515253780802,False,2.8498738801757857,0.26166284770143483,2.316208983866334,3.3835387764852376,False,2.5783580617228097,0.023583646311576383,2.5302588979552927,2.6264572254903267,False,1.3177303354593377,0.02327601316436779,1.2702585936321098,1.3652020772865656,False,1.260627726263472,0.003293252530319843,1.2539110934455056,1.2673443590814384,False,-0.0071539029776642475,0.02162415726972982,-0.051256662496268854,0.036948856540940364,False,0.27866972143063995,0.24856483005558067,-0.2282815917689549,0.7856210346302348,False,0.1582447926700115,1.5198126287395508e-05,0.15821379588708834,0.1582757894529347,False,0.005817707329988479,1.519812628739579e-05,0.005786710547065305,0.005848704112911654,False,0.0,0.0,0.0,0.0,True,1.6498565673828127e-06,1.3041513852076504e-06,-1.0099777188846922e-06,4.309690853650317e-06,False,0.0027150440216064456,0.002173958140138182,-0.001718772837108304,0.007148860880321195,False,0.0,0.0,0.0,0.0,True,0.005817707329988479,1.519812628739579e-05,0.005786710547065305,0.005848704112911654,False,0.34349775314331055,0.0013253911368428736,0.3407946000979849,0.3462009061886362,False,1.4106093691989512,0.0022080997159641697,1.406105920137258,1.4151128182606443,False
R64_H2048_alpha1_4_L100_zero_double_burn,R64_H2048_alpha1_4,64,2048,1/4,100,zero,double_burn,LAGRANGIAN_K,32,40.493259415626525,0.20448341471050277,40.0762127417594,40.91030608949365,False,4049.3259415626526,20.44834147105028,4007.62127417594,4091.030608949365,False,34.95566345808105,0.0,34.95566345808105,34.95566345808105,True,553.7595957545475,20.448341471050274,512.0549283678351,595.4642631412598,False,0.15841770430666205,0.0058497935522156515,0.1464869716982752,0.1703484369150489,False,5.537595957545475,0.20448341471050283,5.1205492836783515,5.954642631412599,False,5.263820448577089,0.06262301154460699,5.136099974478026,5.391540922676152,False,0.9183223707265712,0.02505545357437307,0.8672214362560764,0.969423305197066,False,4.345498077850518,0.07466513872409401,4.193217523445675,4.497778632255361,False,-0.0013741894821397056,0.018211852911028212,-0.03851750837797532,0.0357691294136959,False,0.27514969845052556,0.2437384566679573,-0.2219581613276816,0.7722575582287328,False,0.14400833532214163,0.00034457430675214446,0.14330557139023792,0.14471109925404535,False,0.020054164677858352,0.00034457430675214484,0.019351400745954633,0.02075692860976207,False,0.0,0.0,0.0,0.0,True,1.6498565673828127e-06,1.3041513852076504e-06,-1.0099777188846922e-06,4.309690853650317e-06,False,0.0027150440216064456,0.002173958140138182,-0.001718772837108304,0.007148860880321195,False,0.0,0.0,0.0,0.0,True,0.020054164677858352,0.00034457430675214484,0.019351400745954633,0.02075692860976207,False,0.37181758880615234,0.004879558489235904,0.361865663654878,0.3817695139574267,False,1.4162722095694307,0.0020936507570348093,1.4120021806984002,1.4205422384404611,False
R64_H2048_alpha1_4_L100_zero_double_burn,R64_H2048_alpha1_4,64,2048,1/4,100,zero,double_burn,LAGRANGIAN_NI,32,36.741557874679565,0.2671630156326287,36.196675311917005,37.286440437442124,False,3674.1557874679565,26.71630156326286,3619.6675311917006,3728.6440437442125,False,34.95566345808105,0.0,34.95566345808105,34.95566345808105,True,178.5894416598515,26.71630156326286,124.10118538359552,233.07769793610748,False,0.0510902737904021,0.007642910738999744,0.03550245456860462,0.0666780930121996,False,1.7858944165985149,0.2671630156326286,1.2410118538359551,2.3307769793610746,False,1.6922596136499943,0.02185102887730416,1.6476941464371362,1.7368250808628525,False,1.282499911289889,0.021966155702980526,1.237699641368023,1.3273001812117549,False,0.40975970236010545,0.0015046149250799398,0.4066910199887562,0.4128283847314547,False,-0.009071763693463396,0.020611595738074015,-0.05110939035295225,0.03296586296602546,False,0.1027065666419841,0.25879495864103247,-0.425109231366004,0.6305223646499721,False,0.16217148810625076,6.943690905793925e-06,0.16215732635528077,0.16218564985722075,False,0.0018910118937492371,6.943690905794146e-06,0.0018768501427792496,0.0019051736447192246,False,0.0,0.0,0.0,0.0,True,1.6498565673828127e-06,1.3041513852076504e-06,-1.0099777188846922e-06,4.309690853650317e-06,False,0.0027150440216064456,0.002173958140138182,-0.001718772837108304,0.007148860880321195,False,0.0,0.0,0.0,0.0,True,0.0018910118937492371,6.943690905794146e-06,0.0018768501427792496,0.0019051736447192246,False,0.0,0.0,0.0,0.0,True,1.4073004497099921,0.0022907185814167387,1.4026284983612827,1.4119724010587016,False
R64_H2048_alpha1_4_L100_zero_double_burn,R64_H2048_alpha1_4,64,2048,1/4,100,zero,double_burn,LAGRANGIAN_FC,32,36.435860824584964,0.2881015174917721,35.848273905733286,37.02344774343664,False,3643.586082458496,28.810151749177205,3584.827390573328,3702.344774343664,False,34.95566345808105,0.0,34.95566345808105,34.95566345808105,True,148.01973665039105,28.810151749177205,89.26104476522315,206.77842853555896,False,0.04234499420327033,0.008241912439661297,0.025535502958559286,0.05915448544798137,False,1.4801973665039103,0.2881015174917721,0.8926104476522311,2.0677842853555894,False,1.4940602041387507,0.02364952733274479,1.4458266751426982,1.5422937331348032,False,1.4940602041387507,0.02364952733274479,1.4458266751426982,1.5422937331348032,False,0.0,0.0,0.0,0.0,True,-0.009601926790381028,0.021369739666858237,-0.053185798186929104,0.03398194460616705,False,-0.004260910844459229,0.2833563513601,-0.5821699995652083,0.5736481778762899,False,0.1640625,0.0,0.1640625,0.1640625,True,0.0,0.0,0.0,0.0,True,0.0,0.0,0.0,0.0,True,2.9230117797851566e-06,1.8024662284753852e-06,-7.531423298658118e-07,6.599165889436125e-06,False,0.004846305847167969,0.0030093842984682505,-0.00129137389493225,0.010983985589268188,False,0.0,0.0,0.0,0.0,True,0.0,0.0,0.0,0.0,True,0.0,0.0,0.0,0.0,True,1.4059357658974645,0.002515029439316003,1.4008063295378967,1.4110652022570322,False
R64_H2048_alpha1_4_L100_zero_double_burn,R64_H2048_alpha1_4,64,2048,1/4,100,zero,double_burn,MYOPIC_K,32,63.14500140190125,0.23637381302570545,62.66291383185933,63.62708897194317,False,6314.5001401901245,23.63738130257056,6266.291383185933,6362.708897194316,False,34.95566345808105,0.0,34.95566345808105,34.95566345808105,True,2818.9337943820196,23.63738130257056,2770.725037377828,2867.1425513862114,False,0.8064312089977907,0.006762103465985301,0.79263980805299,0.8202226099425916,False,28.189337943820195,0.2363738130257056,27.70725037377828,28.67142551386211,False,28.07237231760365,0.03622033881064507,27.998500449566308,28.146244185640995,False,28.02916377353926,0.03624786781635685,27.9552357597246,28.103091787353918,False,0.04320854406439072,0.00018702859925522365,0.04282709672134901,0.04358999140743244,False,-0.01763630468595982,0.01989439742824579,-0.058211195748821234,0.022938586376901594,False,0.13460193090250394,0.2210256805141262,-0.316182916504973,0.5853867783099809,False,0.16386309564113616,8.631236884096266e-07,0.16386133528876776,0.16386485599350456,False,0.00019940435886383056,8.631236884101214e-07,0.00019764400649541485,0.00020116471123224626,False,7.200241088867186e-07,5.629096025422013e-07,-4.280375946037587e-07,1.868085812377196e-06,False,1.8873214721679687e-05,5.646867806015572e-06,7.356351901287942e-06,3.039007754207143e-05,False,0.03185061931610107,0.009923490759464894,0.011611526476981916,0.05208971215522023,False,3.352642059326172e-05,3.025222225175547e-05,-2.817339347256619e-05,9.522623465908963e-05,False,0.00019940435886383056,8.631236884101214e-07,0.00019764400649541485,0.00020116471123224626,False,0.0,0.0,0.0,0.0,True,1.4546812289069404,0.0022635801501031936,1.4500646267538089,1.459297831060072,False
R64_H2048_alpha1_4_L100_zero_double_horizon,R64_H2048_alpha1_4,64,2048,1/4,100,zero,double_horizon,WHITTLE_K,32,36.60239248037338,0.17088046434887968,36.25387947560738,36.95090548513939,False,3660.2392480373383,17.08804643488797,3625.387947560738,3695.0905485139383,False,34.95566345808105,0.0,34.95566345808105,34.95566345808105,True,164.67290222923322,17.08804643488797,129.821601752633,199.52420270583343,False,0.047109076452435096,0.00488849151880067,0.03713893226724633,0.05707922063762386,False,1.646729022292332,0.1708804643488797,1.2982160175263298,1.9952420270583344,False,1.6124093352288387,0.015081263006789358,1.581650896537851,1.6431677739198263,False,1.3155701440959358,0.014997908705782948,1.2849817076226657,1.3461585805692058,False,0.2968391911329029,0.0007318446566643436,0.2953465841149626,0.2983317981508432,False,0.016824862894559183,0.010705188302931047,-0.005008512595474232,0.0386582383845926,False,0.017494824168934126,0.16423056521857765,-0.3174556219036373,0.3524452702415055,False,0.16269260823726653,3.3774110586233707e-06,0.16268571996199846,0.1626994965125346,False,0.0013698917627334595,3.3774110586230268e-06,0.0013630034874653899,0.0013767800380015292,False,0.0,0.0,0.0,0.0,True,2.956390380859375e-06,1.277372473729828e-06,3.511720446307481e-07,5.561608717088002e-06,False,0.004928312301635742,0.002173249913562457,0.0004959398805452798,0.009360684722726205,False,0.0,0.0,0.0,0.0,True,0.0013698917627334595,3.3774110586230268e-06,0.0013630034874653899,0.0013767800380015292,False,0.0,0.0,0.0,0.0,True,0.9947298190579564,0.001049428492984992,0.992589495535482,0.9968701425804308,False
R64_H2048_alpha1_4_L100_zero_double_horizon,R64_H2048_alpha1_4,64,2048,1/4,100,zero,double_horizon,WHITTLE_P,32,37.728152704238894,0.17540454227612176,37.370412781707735,38.085892626770054,False,3772.815270423889,17.540454227612177,3737.0412781707732,3808.589262677005,False,34.95566345808105,0.0,34.95566345808105,34.95566345808105,True,277.2489246157841,17.540454227612177,241.47493236266837,313.02291686889987,False,0.07931445070360686,0.005017914836217242,0.06908034592226976,0.08954855548494396,False,2.772489246157841,0.1754045422761218,2.4147493236266833,3.1302291686889987,False,2.583312285824634,0.016879144059579125,2.5488870445514604,2.6177375270978076,False,1.3189050954447645,0.016032920498374452,1.2862057385033252,1.3516044523862039,False,1.2644071903798697,0.0028018971743531524,1.2586926834173564,1.270121697342383,False,0.011776475576027212,0.010215315932377235,-0.009057798627243622,0.032610749779298044,False,0.1774004847571798,0.1646775733347929,-0.15846164037906096,0.5132626098934205,False,0.1582273507118225,1.2930556253449284e-05,0.1582009786684742,0.1582537227551708,False,0.00583514928817749,1.2930556253449802e-05,0.0058087772448291945,0.005861521331525786,False,0.0,0.0,0.0,0.0,True,2.307891845703125e-06,1.1435423408568554e-06,-2.4378134998056187e-08,4.640161826404306e-06,False,0.0038443470001220705,0.0019536842307634143,-0.00014021825853253577,0.007828912258776678,False,0.0,0.0,0.0,0.0,True,0.00583514928817749,1.2930556253449802e-05,0.0058087772448291945,0.005861521331525786,False,0.3452568054199219,0.0011262754184321398,0.3429597515596838,0.34755385928015997,False,0.9969015457309913,0.0010642226988657251,0.9947310492266944,0.9990720422352882,False
R64_H2048_alpha1_4_L100_zero_double_horizon,R64_H2048_alpha1_4,64,2048,1/4,100,zero,double_horizon,LAGRANGIAN_K,32,40.37710737466812,0.13326690134319025,40.1053077374191,40.64890701191714,False,4037.710737466812,13.326690134319016,4010.5307737419103,4064.890701191714,False,34.95566345808105,0.0,34.95566345808105,34.95566345808105,True,542.144391658707,13.326690134319014,514.964427933805,569.324355383609,False,0.15509486533100666,0.0038124552121004446,0.14731931166214374,0.1628704189998696,False,5.421443916587071,0.13326690134319016,5.149644279338052,5.693243553836091,False,5.254496321833927,0.03941380933163706,5.174111327728349,5.334881315939505,False,0.9013953380816786,0.014796109508197515,0.871218473785356,0.9315722023780012,False,4.353100983752249,0.046330230297574805,4.258609856085703,4.447592111418795,False,0.008793731656955494,0.009519342468244565,-0.01062109530788167,0.02820855862179266,False,0.15815386309618792,0.16198379456531264,-0.17221426401808063,0.4885219902104565,False,0.14397324845194817,0.00021381071888777612,0.14353717861579288,0.14440931828810347,False,0.020089251548051835,0.0002138107188877759,0.019653181711896534,0.020525321384207137,False,0.0,0.0,0.0,0.0,True,2.4318695068359378e-06,1.1421907621760145e-06,1.0235608902819426e-07,4.761382924643682e-06,False,0.004037938117980957,0.0019509855620362415,5.887683048278868e-05,0.008016999405479126,False,0.0,0.0,0.0,0.0,True,0.020089251548051835,0.0002138107188877759,0.019653181711896534,0.020525321384207137,False,0.3732564449310303,0.003255484249204331,0.36661684103024633,0.3798960488318142,False,1.0007398752910206,0.0009771918030612103,0.9987468794689689,1.0027328711130723,False
R64_H2048_alpha1_4_L100_zero_double_horizon,R64_H2048_alpha1_4,64,2048,1/4,100,zero,double_horizon,LAGRANGIAN_NI,32,36.71777622461319,0.16631934192975079,36.378565690351664,37.056986758874714,False,3671.777622461319,16.631934192975077,3637.856569035166,3705.698675887472,False,34.95566345808105,0.0,34.95566345808105,34.95566345808105,True,176.21127665321393,16.63193419297508,142.29022322706106,210.1323300793668,False,0.05040993625096748,0.004758008444874791,0.04070591404957768,0.06011395845235728,False,1.7621127665321392,0.16631934192975079,1.4229022322706106,2.101323300793668,False,1.6995450783223174,0.012589134050009188,1.6738693701488367,1.725220786495798,False,1.2895643252121898,0.012679351537573182,1.2637046172597224,1.3154240331646572,False,0.4099807531101277,0.0010094554494698045,0.40792195514739593,0.4120395510728595,False,0.014106884774734187,0.010715132795554918,-0.007746772641723205,0.035960542191191575,False,0.048460803435087574,0.16157086667507276,-0.28106515169464463,0.3779867585648198,False,0.16217046797275544,4.658565130154817e-06,0.16216096676653158,0.1621799691789793,False,0.0018920320272445678,4.65856513015476e-06,0.0018825308210207038,0.0019015332334684318,False,0.0,0.0,0.0,0.0,True,2.012252807617188e-06,1.1219034365340075e-06,-2.758843367522598e-07,4.300389951986635e-06,False,0.003372063636779785,0.0019226484133084362,-0.00054920365485549,0.00729333092841506,False,0.0,0.0,0.0,0.0,True,0.0018920320272445678,4.65856513015476e-06,0.0018825308210207038,0.0019015332334684318,False,0.0,0.0,0.0,0.0,True,0.9949680123965147,0.0010203529522750387,0.9928869888302795,0.9970490359627499,False
R64_H2048_alpha1_4_L100_zero_double_horizon,R64_H2048_alpha1_4,64,2048,1/4,100,zero,double_horizon,LAGRANGIAN_FC,32,36.37719975709915,0.186694568123578,35.99643367504194,36.757965839156356,False,3637.719975709915,18.6694568123578,3599.6433675041944,3675.796583915636,False,34.95566345808105,0.0,34.95566345808105,34.95566345808105,True,142.15362990181012,18.6694568123578,104.07702169608936,180.23023810753088,False,0.04066683788516308,0.005340896142551056,0.02977400838662349,0.05155966738370267,False,1.421536299018101,0.186694568123578,1.0407702169608934,1.8023023810753087,False,1.4998429881376876,0.013215341510347242,1.4728901214286139,1.5267958548467613,False,1.4998429881376876,0.013215341510347242,1.4728901214286139,1.5267958548467613,False,0.0,0.0,0.0,0.0,True,0.007751214110290856,0.010047555283430865,-0.01274090999367767,0.02824333821425938,False,-0.08605790322987734,0.18304326331529655,-0.459377100033703,0.28726129357394836,False,0.1640625,0.0,0.1640625,0.1640625,True,0.0,0.0,0.0,0.0,True,0.0,0.0,0.0,0.0,True,2.956390380859375e-06,1.277739906977629e-06,3.5042265958120457e-07,5.562358102137546e-06,False,0.004928312301635742,0.0021737626102786485,0.0004948942286986833,0.009361730374572802,False,0.0,0.0,0.0,0.0,True,0.0,0.0,0.0,0.0,True,0.0,0.0,0.0,0.0,True,0.9938675923729127,0.0011722471322292217,0.9914767785842316,0.9962584061615938,False
R64_H2048_alpha1_4_L100_zero_double_horizon,R64_H2048_alpha1_4,64,2048,1/4,100,zero,double_horizon,MYOPIC_K,32,63.08986546516418,0.1749406229924508,62.733071712250116,63.446659218078246,False,6308.9865465164185,17.494062299245083,6273.307171225011,6344.665921807826,False,34.95566345808105,0.0,34.95566345808105,34.95566345808105,True,2813.4202007083136,17.494062299245083,2777.740825416907,2849.0995759997204,False,0.8048538984482948,0.005004643187569311,0.794646861372831,0.8150609355237586,False,28.134202007083132,0.17494062299245083,27.777408254169064,28.4909957599972,False,28.054505453429584,0.023669258227310072,28.006231683008757,28.102779223850412,False,28.011228133715534,0.023695474626926633,27.962900894595172,28.059555372835895,False,0.04327731971404709,0.000143061677660393,0.04298554349879469,0.04356909592929949,False,-0.001618070715026196,0.010384214966578842,-0.022796816769634576,0.01956067533958218,False,0.08131462436857752,0.16688936911333396,-0.25905848799868053,0.42168773673583554,False,0.16386277824640275,6.60219471161851e-07,0.16386143171991374,0.16386412477289175,False,0.00019972175359725953,6.602194711615976e-07,0.00019837522710825273,0.00020106828008626632,False,5.578994750976562e-07,3.373128927008287e-07,-1.300547052085528e-07,1.2458536554038652e-06,False,1.648902893066406e-05,3.2929020845087536e-06,9.773110851641698e-06,2.3204947009686425e-05,False,0.027717628479003907,0.005764863696166577,0.015960111454029674,0.03947514550397814,False,2.4876594543457032e-05,1.690714752548764e-05,-9.60576017498277e-06,5.9358949261896833e-05,False,0.00019972175359725953,6.602194711615976e-07,0.00019837522710825273,0.00020106828008626632,False,0.0,0.0,0.0,0.0,True,1.0285169000580539,0.0012061230541867813,1.0260569958710313,1.0309768042450764,False
R64_H2048_alpha1_2_L100_zero_base,R64_H2048_alpha1_2,64,2048,1/2,100,zero,base,WHITTLE_K,32,16.962582144737244,0.10154462477422138,16.755480517100942,17.169683772373546,False,1696.2582144737244,10.154462477422136,1675.5480517100941,1716.9683772373546,False,14.799491368593682,0.0,14.799491368593682,14.799491368593682,True,216.30907761435617,10.154462477422136,195.59891485072595,237.0192403779864,False,0.14615980524397637,0.0068613590997938885,0.13216597109939238,0.16015363938856036,False,2.163090776143562,0.10154462477422137,1.9559891485072596,2.370192403779864,False,1.9588158478320365,0.018004851816699908,1.9220947104515023,1.9955369852125708,False,1.904420055470191,0.01785461831761924,1.868005321331131,1.9408347896092513,False,0.054395792361845496,0.00024459744677572936,0.05389693258019217,0.054894652143498826,False,0.0034147495224306178,0.008743197709884768,-0.014417119771381649,0.021246618816242884,False,0.20086017878909468,0.10201970187102175,-0.0072103749742069845,0.4089307325523963,False,0.3271386158466339,4.435399044258276e-06,0.327129569790643,0.3271476619026248,False,0.0009863841533660888,4.435399044257982e-06,0.000977338097375191,0.0009954302093569867,False,0.0,0.0,0.0,0.0,True,2.002716064453125e-07,2.002716064453125e-07,-2.081850278313119e-07,6.087282407219369e-07,False,0.0003117227554321289,0.0003117227554321289,-0.00032403999581943703,0.0009474855066836949,False,0.0,0.0,0.0,0.0,True,0.0009808453917503357,4.12784496285859e-06,0.0009724265964439459,0.0009892641870567255,False,0.0,0.0,0.0,0.0,True,0.6681504170237331,0.0012239367498316678,0.6656541815649127,0.6706466524825535,False
R64_H2048_alpha1_2_L100_zero_base,R64_H2048_alpha1_2,64,2048,1/2,100,zero,base,WHITTLE_P,32,17.185971002578736,0.10186299166360684,16.978220061390644,17.393721943766828,False,1718.5971002578735,10.186299166360682,1697.8220061390643,1739.3721943766827,False,14.799491368593682,0.0,14.799491368593682,14.799491368593682,True,238.64796339850534,10.186299166360682,217.8728692796962,259.4230575173145,False,0.16125416573771265,0.0068828711154068755,0.14721645754802687,0.17529187392739842,False,2.3864796339850534,0.10186299166360682,2.178728692796962,2.5942305751731447,False,2.1864857442985217,0.015419429142113118,2.155037611227425,2.2179338773696182,False,1.883700650949066,0.015441765604310374,1.8522069623629733,1.9151943395351585,False,0.3027850933494558,0.0008420717383593585,0.3010676767162415,0.3045025099826701,False,0.005903778409236994,0.008554357685146062,-0.011542949114902851,0.023350505933376838,False,0.19409011127729484,0.10261546610961444,-0.01519551166149874,0.4033757342160884,False,0.32263445734977725,1.526967772047301e-05,0.3226033146367442,0.3226656000628103,False,0.0054905426502227786,1.526967772047224e-05,0.005459399937189736,0.005521685363255821,False,0.0,0.0,0.0,0.0,True,2.002716064453125e-07,2.002716064453125e-07,-2.081850278313119e-07,6.087282407219369e-07,False,0.0003117227554321289,0.0003117227554321289,-0.00032403999581943703,0.0009474855066836949,False,0.0,0.0,0.0,0.0,True,0.005485895723104477,1.5270316484409807e-05,0.005454751707303794,0.005517039738905159,False,0.3555030822753906,0.0012726334017188264,0.3529075293402519,0.35809863521052937,False,0.6693523443376943,0.0012033592340371276,0.6668980769990303,0.6718066116763584,False
R64_H2048_alpha1_2_L100_zero_base,R64_H2048_alpha1_2,64,2048,1/2,100,zero,base,LAGRANGIAN_K,32,17.333878355026247,0.09761842888245445,17.13478425670439,17.532972453348105,False,1733.3878355026245,9.761842888245452,1713.4784256704388,1753.2972453348102,False,14.799491368593682,0.0,14.799491368593682,14.799491368593682,True,253.43869864325632,9.761842888245452,233.52928881107056,273.3481084754421,False,0.17124824923448656,0.006596066476285306,0.1577954829627781,0.18470101550619503,False,2.534386986432563,0.09761842888245453,2.335292888110706,2.7334810847544206,False,2.3327915361881826,0.02083446286373489,2.2902993690291487,2.3752837033472165,False,0.7296557511489411,0.015036333896939478,0.698988945981627,0.7603225563162552,False,1.6031357850392414,0.024200323162199895,1.5537789005427962,1.6524926695356865,False,0.0026172251559006443,0.008699104421469784,-0.015124715283293427,0.020359165595094715,False,0.19897822508848018,0.10172015202309029,-0.008481392732099274,0.4064378429090596,False,0.29905459463596346,0.0004388356936643479,0.2981595833379763,0.2999496059339506,False,0.029070405364036562,0.0004388356936643476,0.02817539406604943,0.029965416662023694,False,0.0,0.0,0.0,0.0,True,2.002716064453125e-07,2.002716064453125e-07,-2.081850278313119e-07,6.087282407219369e-07,False,0.0003117227554321289,0.0003117227554321289,-0.00032403999581943703,0.0009474855066836949,False,0.0,0.0,0.0,0.0,True,0.029070405364036562,0.0004388356936643476,0.02817539406604943,0.029965416662023694,False,0.37239551544189453,0.004190798451237424,0.36384832564945857,0.3809427052343305,False,0.6684135192715513,0.0012133272267463612,0.6659389220777233,0.6708881164653794,False
R64_H2048_alpha1_2_L100_zero_base,R64_H2048_alpha1_2,64,2048,1/2,100,zero,base,LAGRANGIAN_NI,32,16.97070390224457,0.10061524360358247,16.765497760002614,17.175910044486525,False,1697.0703902244568,10.061524360358247,1676.549776000261,1717.5910044486525,False,14.799491368593682,0.0,14.799491368593682,14.799491368593682,True,217.1212533650886,10.061524360358247,196.60063914089292,237.64186758928426,False,0.14670859150325008,0.00679856091656638,0.13284283509776787,0.1605743479087323,False,2.171212533650886,0.10061524360358247,1.9660063914089292,2.3764186758928423,False,1.9663452037119615,0.017954627473456063,1.9297264995548096,2.0029639078691135,False,1.8673421074385077,0.017285969456295555,1.8320871402983954,1.90259707457862,False,0.09900309627345387,0.0009121327368428583,0.09714278929176451,0.10086340325514323,False,0.0023096503814578656,0.008677226683992824,-0.015387670117975216,0.020006970880890946,False,0.20255767955746662,0.10119739442326674,-0.0038357671090667733,0.408951126224,False,0.3263297308981419,1.654012632821388e-05,0.3262959970880904,0.3263634647081934,False,0.001795269101858139,1.654012632821425e-05,0.0017615352918066507,0.0018290029119096274,False,0.0,0.0,0.0,0.0,True,2.002716064453125e-07,2.002716064453125e-07,-2.081850278313119e-07,6.087282407219369e-07,False,0.0003117227554321289,0.0003117227554321289,-0.00032403999581943703,0.0009474855066836949,False,0.0,0.0,0.0,0.0,True,0.0017893548309803008,1.6145766290875828e-05,0.0017564253235276856,0.001822284338432916,False,0.0,0.0,0.0,0.0,True,0.668172148453952,0.0012129073033932114,0.6656984076994491,0.6706458892084549,False
R64_H2048_alpha1_2_L100_zero_base,R64_H2048_alpha1_2,64,2048,1/2,100,zero,base,LAGRANGIAN_FC,32,16.95636968612671,0.1125291350028334,16.726865002177075,17.185874370076345,False,1695.636968612671,11.252913500283336,1672.6865002177074,1718.5874370076344,False,14.799491368593682,0.0,14.799491368593682,14.799491368593682,True,215.6878317533027,11.252913500283336,192.73736335833917,238.63830014826624,False,0.1457400301006415,0.007603581244801011,0.1302324239111023,0.16124763629018068,False,2.1568783175330273,0.11252913500283335,1.927373633583392,2.386383001482663,False,1.9445689719846557,0.018457262847554827,1.9069251362233948,1.9822128077459167,False,1.9442410940209571,0.01845160172654216,1.9066088041921232,1.981873383849791,False,0.0003278779636984774,4.638344598859585e-05,0.0002332783019145346,0.0004224776254824202,False,0.002570130856503115,0.00834686391741928,-0.014453410338314508,0.01959367205132074,False,0.20973921469186843,0.11249360776836918,-0.019693010985363968,0.43917144036910083,False,0.32811905443668365,8.410925572572177e-07,0.32811733901710344,0.32812076985626387,False,5.945563316345215e-06,8.410925572573202e-07,4.2301437361549695e-06,7.660982896535461e-06,False,0.0,0.0,0.0,0.0,True,2.002716064453125e-07,2.002716064453125e-07,-2.081850278313119e-07,6.087282407219369e-07,False,0.0003117227554321289,0.0003117227554321289,-0.00032403999581943703,0.0009474855066836949,False,0.0,0.0,0.0,0.0,True,0.0,0.0,0.0,0.0,True,0.0,0.0,0.0,0.0,True,0.6682372088438264,0.0013304459079432212,0.6655237465248731,0.6709506711627797,False
R64_H2048_alpha1_2_L100_zero_base,R64_H2048_alpha1_2,64,2048,1/2,100,zero,base,MYOPIC_K,32,38.29439610481262,0.17290739692435136,37.941749143804,38.64704306582124,False,3829.439610481262,17.290739692435142,3794.1749143804004,3864.704306582124,False,14.799491368593682,0.0,14.799491368593682,14.799491368593682,True,2349.490473621894,17.290739692435142,2314.2257775210323,2384.755169722756,False,1.587548122503587,0.011683333745596282,1.5637198062307065,1.6113764387764675,False,23.494904736218942,0.1729073969243514,23.142257775210325,23.84755169722756,False,23.448222500576613,0.05665512303050181,23.33267361534866,23.563771385804564,False,23.420794522814095,0.05672525618615653,23.305102600072146,23.536486445556044,False,0.027427977762516577,7.975932503446659e-05,0.02726530754663328,0.027590647978399874,False,0.00028413179395912107,0.01042589395017577,-0.020979619108127325,0.021547882696045566,False,0.04639810384836952,0.12299089209785281,-0.20444347436949106,0.2972396820662301,False,0.3276276357471943,1.4463128650431777e-06,0.3276246859726583,0.32763058552173024,False,0.0004973642528057099,1.4463128650435172e-06,0.0004944144782697576,0.0005003140273416622,False,0.0,0.0,0.0,0.0,True,3.85284423828125e-06,2.2468513619491217e-06,-7.296393264680665e-07,8.435327803030566e-06,False,0.006477499008178711,0.003850587806597262,-0.001375826599906458,0.01433082461626388,False,0.0,0.0,0.0,0.0,True,0.0004973016679286957,1.4401464238426749e-06,0.0004943644699324888,0.0005002388659249025,False,0.0,0.0,0.0,0.0,True,0.775101798998398,0.0015483755502809602,0.7719438662435286,0.7782597317532675,False
R64_H2048_alpha1_2_L100_zero_double_burn,R64_H2048_alpha1_2,64,2048,1/2,100,zero,double_burn,WHITTLE_K,32,16.84986888885498,0.12000226704025091,16.60512265162834,17.094615126081624,False,1684.986888885498,12.000226704025087,1660.5122651628337,1709.4615126081624,False,14.799491368593682,0.0,14.799491368593682,14.799491368593682,True,205.03775202612985,12.000226704025087,180.56312830346545,229.51237574879426,False,0.13854378297165326,0.008108539952589875,0.12200630670770371,0.15508125923560281,False,2.0503775202612986,0.12000226704025087,1.8056312830346544,2.295123757487943,False,1.965622919887149,0.018035347045234677,1.9288395870779673,2.002406252696331,False,1.9112222956395228,0.017882850671924112,1.8747499812342345,1.9476946100448111,False,0.05440062424762632,0.00021085647611645075,0.05397057962932705,0.05483066886592558,False,-0.0006713182936677568,0.008633264370393951,-0.018278977063381243,0.016936340476045728,False,0.08542591866781728,0.12319554609608377,-0.16583305413129407,0.33668489146692865,False,0.3271385282278061,3.82355836077082e-06,0.3271307300291162,0.327146326426496,False,0.0009864717721939087,3.823558360770717e-06,0.0009786735735040355,0.0009942699708837819,False,0.0,0.0,0.0,0.0,True,7.62939453125e-08,7.62939453125e-08,-7.930858203097596e-08,2.3189647265597595e-07,False,0.00011775970458984375,0.00011775970458984374,-0.00012241279636481135,0.0003579322055444989,False,0.0,0.0,0.0,0.0,True,0.0009810738265514374,3.58110055594922e-06,0.0009737701238146813,0.0009883775292881935,False,0.0,0.0,0.0,0.0,True,0.6668755406088085,0.0014799122658661341,0.6638572396430875,0.6698938415745295,False
R64_H2048_alpha1_2_L100_zero_double_burn,R64_H2048_alpha1_2,64,2048,1/2,100,zero,double_burn,WHITTLE_P,32,17.06135236263275,0.13255522388046603,16.791004201138453,17.331700524127047,False,1706.1352362632751,13.255522388046609,1679.1004201138455,1733.1700524127048,False,14.799491368593682,0.0,14.799491368593682,14.799491368593682,True,226.18609940390695,13.255522388046609,199.15128325447728,253.22091555333662,False,0.15283369797687868,0.008956741862207804,0.13456630251300425,0.1711010934407531,False,2.2618609940390697,0.1325552238804661,1.9915128325447728,2.5322091555333666,False,2.190715071336601,0.018396168740281178,2.1531958378286205,2.2282343048445816,False,1.88824580088887,0.0179669054861567,1.8516020555597201,1.92488954621802,False,0.3024692704477309,0.0009885330450526584,0.30045314401013884,0.304485396885323,False,0.0014787576343580722,0.008797354905071702,-0.01646356598725706,0.019421081255973208,False,0.06966716506811063,0.13231607038438725,-0.20019323965518074,0.339527569791402,False,0.32264018431305885,1.792552858192352e-05,0.32260362495648226,0.32267674366963545,False,0.005484815686941147,1.792552858192407e-05,0.005448256330364549,0.005521375043517744,False,0.0,0.0,0.0,0.0,True,7.62939453125e-08,7.62939453125e-08,-7.930858203097596e-08,2.3189647265597595e-07,False,0.00011775970458984375,0.00011775970458984374,-0.00012241279636481135,0.0003579322055444989,False,0.0,0.0,0.0,0.0,True,0.00548001229763031,1.7848556055207046e-05,0.005443609927556956,0.005516414667703665,False,0.35498857498168945,0.001368906854829786,0.3521966710443999,0.357780478918979,False,0.6678589709833179,0.0015784579505757936,0.6646396847685473,0.6710782571980886,False
R64_H2048_alpha1_2_L100_zero_double_burn,R64_H2048_alpha1_2,64,2048,1/2,100,zero,double_burn,LAGRANGIAN_K,32,17.222971043586732,0.11652406927967893,16.985318637462,17.460623449711463,False,1722.297104358673,11.652406927967888,1698.5318637461999,1746.0623449711463,False,14.799491368593682,0.0,14.799491368593682,14.799491368593682,True,242.3479674993049,11.652406927967888,218.58272688683172,266.1132081117781,False,0.16375425442903851,0.00787351851341034,0.14769610755048707,0.17981240130758996,False,2.423479674993049,0.11652406927967889,2.185827268868317,2.6611320811177808,False,2.348510325490414,0.02083658224711502,2.3060138358204783,2.3910068151603494,False,0.7210234631794206,0.017554547046136116,0.6852207284334276,0.7568261979254135,False,1.6274868623109933,0.026299132330036563,1.5738494282953253,1.6811242963266613,False,0.0005789277406600278,0.008639046245215767,-0.017040523240497932,0.018198378721817985,False,0.07439042176197527,0.12380934311477683,-0.17812039831011864,0.3269012418340692,False,0.29861302524805067,0.0004768943745697038,0.29764039275860493,0.2995856577374964,False,0.02951197475194931,0.0004768943745697051,0.028539342262503594,0.03048460724139503,False,0.0,0.0,0.0,0.0,True,7.62939453125e-08,7.62939453125e-08,-7.930858203097596e-08,2.3189647265597595e-07,False,0.00011775970458984375,0.00011775970458984374,-0.00012241279636481135,0.0003579322055444989,False,0.0,0.0,0.0,0.0,True,0.02951197475194931,0.0004768943745697051,0.028539342262503594,0.03048460724139503,False,0.3779411315917969,0.0046013195368045144,0.3685566785253176,0.38732558465827616,False,0.6670076985350382,0.0014940632360643908,0.6639605364753183,0.670054860594758,False
R64_H2048_alpha1_2_L100_zero_double_burn,R64_H2048_alpha1_2,64,2048,1/2,100,zero,double_burn,LAGRANGIAN_NI,32,16.86339894771576,0.11887878330984315,16.620944070664088,17.10585382476743,False,1686.339894771576,11.887878330984318,1662.0944070664088,1710.585382476743,False,14.799491368593682,0.0,14.799491368593682,14.799491368593682,True,206.39075791220773,11.887878330984318,182.1452702070407,230.63624561737475,False,0.13945800755706644,0.008032626280800325,0.12307535824749702,0.15584065686663587,False,2.0639075791220773,0.11887878330984315,1.8214527020704074,2.3063624561737472,False,1.9766950813879225,0.018121807420794854,1.9397354114802052,2.0136547512956398,False,1.8769591408868849,0.017392131343126158,1.8414876551510866,1.9124306266226831,False,0.09973594050103768,0.0010028357358484845,0.09769064353324786,0.1017812374688275,False,0.0004695054175345637,0.0086978507681508,-0.01726987817885832,0.01820888901392745,False,0.0867429923166204,0.12173737857703094,-0.16154202822028424,0.33502801285352507,False,0.32631644189357756,1.8184885913418994e-05,0.32627935357423593,0.3263535302129192,False,0.0018085581064224243,1.8184885913418577e-05,0.0017714697870808225,0.001845646425764026,False,0.0,0.0,0.0,0.0,True,7.62939453125e-08,7.62939453125e-08,-7.930858203097596e-08,2.3189647265597595e-07,False,0.00011775970458984375,0.00011775970458984374,-0.00012241279636481135,0.0003579322055444989,False,0.0,0.0,0.0,0.0,True,0.0018026438355445863,1.785066178698675e-05,0.0017662371708029522,0.0018390505002862203,False,0.0,0.0,0.0,0.0,True,0.6668926900532305,0.0014698444072277679,0.6638949226205789,0.669890457485882,False
R64_H2048_alpha1_2_L100_zero_double_burn,R64_H2048_alpha1_2,64,2048,1/2,100,zero,double_burn,LAGRANGIAN_FC,32,16.841645822525024,0.1268497255665452,16.58293410156036,17.100357543489686,False,1684.1645822525024,12.684972556654522,1658.293410156036,1710.0357543489688,False,14.799491368593682,0.0,14.799491368593682,14.799491368593682,True,204.21544539313425,12.684972556654522,178.34427329666792,230.08661748960057,False,0.13798815128640451,0.00857122197021823,0.12050702882609612,0.1554692737467129,False,2.0421544539313428,0.12684972556654522,1.7834427329666795,2.300866174896006,False,1.948259382888585,0.017858539554568363,1.9118366513340408,1.9846821144431293,False,1.9479349562718729,0.017844334607553396,1.9115411958977708,1.9843287166459749,False,0.0003244266167121776,5.057250123243952e-05,0.00022128332043071827,0.0004275699129936369,False,0.002282721763221096,0.00839670635437634,-0.014842473751971612,0.019407917278413803,False,0.09161234927953639,0.13166330455020295,-0.1769167307475879,0.36014142930666065,False,0.32811911702156066,9.170546405490914e-07,0.32811724667629016,0.32812098736683115,False,5.882978439331055e-06,9.170546405489096e-07,4.012633168851329e-06,7.753323709810781e-06,False,0.0,0.0,0.0,0.0,True,7.62939453125e-08,7.62939453125e-08,-7.930858203097596e-08,2.3189647265597595e-07,False,0.00011775970458984375,0.00011775970458984374,-0.00012241279636481135,0.0003579322055444989,False,0.0,0.0,0.0,0.0,True,0.0,0.0,0.0,0.0,True,0.0,0.0,0.0,0.0,True,0.6669095267754706,0.0015714898157704012,0.6637044521653318,0.6701146013856093,False
R64_H2048_alpha1_2_L100_zero_double_burn,R64_H2048_alpha1_2,64,2048,1/2,100,zero,double_burn,MYOPIC_K,32,38.27829924106598,0.21168628860214098,37.846562209044166,38.710036273087795,False,3827.829924106598,21.1686288602141,3784.6562209044164,3871.0036273087794,False,14.799491368593682,0.0,14.799491368593682,14.799491368593682,True,2347.88078724723,21.1686288602141,2304.7070840450483,2391.0544904494113,False,1.586460459195049,0.014303619180545962,1.557288035544192,1.6156328828459061,False,23.478807872472295,0.21168628860214098,23.047070840450477,23.910544904494113,False,23.45920173757312,0.05848734651130026,23.33991600791928,23.578487467226964,False,23.431738999815956,0.05855657201186173,23.312312083822885,23.551165915809026,False,0.027462737757164308,8.425623121722693e-05,0.02729089604065409,0.027634579473674526,False,-0.004853632911752507,0.009870538462780916,-0.024984728829767117,0.015277463006262103,False,0.024459767810928134,0.15745991828420106,-0.2966818527981796,0.34560138842003585,False,0.32762700542807577,1.5278573523153873e-06,0.32762388934246156,0.32763012151369,False,0.0004979945719242096,1.52785735231456e-06,0.0004948784863099884,0.0005011106575384307,False,0.0,0.0,0.0,0.0,True,2.9468536376953128e-06,1.8013763648712789e-06,-7.270776804803428e-07,6.620784955870968e-06,False,0.004882974624633789,0.0030077023482572014,-0.0012512747573948258,0.011017224006662404,False,0.0,0.0,0.0,0.0,True,0.0004979632794857025,1.5263420485378926e-06,0.0004948502843539093,0.0005010762746174958,False,0.0,0.0,0.0,0.0,True,0.774667457425029,0.0020774894743875666,0.7704303897072685,0.7789045251427894,False
R64_H2048_alpha1_2_L100_zero_double_horizon,R64_H2048_alpha1_2,64,2048,1/2,100,zero,double_horizon,WHITTLE_K,32,16.860314903259276,0.08788868905513583,16.681064740145175,17.039565066373378,False,1686.0314903259277,8.788868905513581,1668.1064740145175,1703.956506637338,False,14.799491368593682,0.0,14.799491368593682,14.799491368593682,True,206.08235346655954,8.788868905513581,188.15733715514932,224.00736977796976,False,0.13924961901318536,0.005938629028943947,0.12713770525549414,0.15136153277087658,False,2.0608235346655954,0.08788868905513583,1.881573371551493,2.240073697779698,False,1.9631883752389945,0.01278208816698286,1.9371191345494085,1.9892576159285804,False,1.9086834463549465,0.012674207958863941,1.8828342288004192,1.9345326639094738,False,0.054504928884047996,0.0001643559040231634,0.05416972280779812,0.054840134960297875,False,0.0011894346726980135,0.0036605765022025747,-0.006276360325106869,0.008655229670502897,False,0.0964457247539031,0.08924327032217175,-0.0855671250685557,0.2784585745763619,False,0.32713663682341576,2.9803419014869537e-06,0.32713055837603283,0.3271427152707987,False,0.0009883631765842439,2.980341901487213e-06,0.0009822847292013021,0.0009944416239671856,False,0.0,0.0,0.0,0.0,True,1.3828277587890624e-07,1.0599965511378572e-07,-7.790494603904155e-08,3.5447049779685405e-07,False,0.00021474123001098634,0.00016482577295803821,-0.00012142315024961408,0.0005509056102715867,False,0.0,0.0,0.0,0.0,True,0.0009822846204042435,2.9564157648327077e-06,0.0009762549706987289,0.0009883142701097582,False,0.0,0.0,0.0,0.0,True,0.4715729498782393,0.0007580337279536355,0.47002692989725586,0.4731189698592227,False
R64_H2048_alpha1_2_L100_zero_double_horizon,R64_H2048_alpha1_2,64,2048,1/2,100,zero,double_horizon,WHITTLE_P,32,17.06528616666794,0.0904151201510965,16.88088331336223,17.249689019973648,False,1706.5286166667938,9.041512015109646,1688.088331336223,1724.9689019973646,False,14.799491368593682,0.0,14.799491368593682,14.799491368593682,True,226.57947980742563,9.041512015109646,208.1391944768548,245.01976513799644,False,0.15309950468179928,0.006109339699536453,0.1406394242159913,0.16555958514760727,False,2.2657947980742565,0.09041512015109646,2.0813919447685483,2.450197651379965,False,2.189352436421073,0.010998571987458877,2.1669207009614917,2.2117841718806543,False,1.887066136668573,0.01093080834555295,1.8647726060678358,1.9093596672693103,False,0.30228629975250004,0.0006761699945664075,0.30090724195653207,0.303665357548468,False,0.0013871251111066526,0.0036915120568193527,-0.006141763366310879,0.008916013588524185,False,0.07505523654207655,0.09065828019206967,-0.10984354493682269,0.2599540180209758,False,0.3226435022056103,1.2261304388861879e-05,0.32261849511043883,0.3226685093007817,False,0.005481497794389725,1.226130438886231e-05,0.005456490699218281,0.005506504889561169,False,0.0,0.0,0.0,0.0,True,1.3828277587890624e-07,1.0599965511378572e-07,-7.790494603904155e-08,3.5447049779685405e-07,False,0.00021474123001098634,0.00016482577295803821,-0.00012142315024961408,0.0005509056102715867,False,0.0,0.0,0.0,0.0,True,0.005476318895816803,1.242945429095259e-05,0.005450968856659035,0.00550166893497457,False,0.3547227382659912,0.001049380526522407,0.3525825125717622,0.3568629639602202,False,0.4722670556165101,0.000774527617269421,0.47068739612648375,0.4738467151065365,False
R64_H2048_alpha1_2_L100_zero_double_horizon,R64_H2048_alpha1_2,64,2048,1/2,100,zero,double_horizon,LAGRANGIAN_K,32,17.220699274539946,0.08335753429748417,17.05069046248178,17.390708086598114,False,1722.0699274539948,8.335753429748413,1705.069046248178,1739.0708086598115,False,14.799491368593682,0.0,14.799491368593682,14.799491368593682,True,242.12079059462656,8.335753429748413,225.11990938880967,259.12167180044344,False,0.16360075124503015,0.0056324594015696346,0.152113274559247,0.1750882279308133,False,2.421207905946266,0.08335753429748415,2.251199093888097,2.5912167180044348,False,2.341756978949149,0.014618648171337897,2.311942049435567,2.371571908462731,False,0.7201492273782932,0.012772526886211102,0.694099487049406,0.7461989677071804,False,1.6216077515708556,0.01901644294382344,1.5828234604842977,1.6603920426574135,False,0.0007305106977460944,0.0036604409782745634,-0.0067350078971853,0.008196029292677489,False,0.07872041629937078,0.08826389639703251,-0.10129498723371651,0.2587358198324581,False,0.29871963389217854,0.00034483398731286396,0.29801634033827945,0.2994229274460776,False,0.029405366107821466,0.00034483398731286407,0.028702072553922393,0.03010865966172054,False,0.0,0.0,0.0,0.0,True,1.3828277587890624e-07,1.0599965511378572e-07,-7.790494603904155e-08,3.5447049779685405e-07,False,0.00021474123001098634,0.00016482577295803821,-0.00012142315024961408,0.0005509056102715867,False,0.0,0.0,0.0,0.0,True,0.029405366107821466,0.00034483398731286407,0.028702072553922393,0.03010865966172054,False,0.37801480293273926,0.00332013791695023,0.3712433370072287,0.3847862688582498,False,0.4716263339608483,0.0007503483938153028,0.47009598832218,0.47315667959951657,False
R64_H2048_alpha1_2_L100_zero_double_horizon,R64_H2048_alpha1_2,64,2048,1/2,100,zero,double_horizon,LAGRANGIAN_NI,32,16.854560685157775,0.08503667814059192,16.681127236653154,17.027994133662396,False,1685.4560685157776,8.50366781405919,1668.1127236653156,1702.7994133662396,False,14.799491368593682,0.0,14.799491368593682,14.799491368593682,True,205.5069316564094,8.50366781405919,188.16358680594732,222.85027650687147,False,0.13886080713052076,0.005745918965907847,0.12714192813764758,0.15057968612339395,False,2.055069316564094,0.08503667814059192,1.8816358680594734,2.228502765068715,False,1.9715697147431228,0.012483973716862686,1.946108482483122,1.9970309470031236,False,1.872141264606086,0.012001575010118169,1.847663890995015,1.896618638217157,False,0.09942845013703684,0.0007205399181366877,0.0979588992853317,0.10089800098874198,False,0.0007161794444819454,0.0036644624575666858,-0.0067575410115401375,0.008189899900504028,False,0.08278342237648935,0.08693801066462006,-0.0945278193769576,0.2600946641299363,False,0.3263220177590847,1.3065884809433391e-05,0.3262953697113268,0.32634866580684263,False,0.0018029822409152984,1.3065884809433352e-05,0.0017763341931573925,0.0018296302886732043,False,0.0,0.0,0.0,0.0,True,1.3828277587890624e-07,1.0599965511378572e-07,-7.790494603904155e-08,3.5447049779685405e-07,False,0.00021474123001098634,0.00016482577295803821,-0.00012142315024961408,0.0005509056102715867,False,0.0,0.0,0.0,0.0,True,0.0017969506233930588,1.2857112750751804e-05,0.0017707283690560657,0.001823172877730052,False,0.0,0.0,0.0,0.0,True,0.47145769039835006,0.000737138771212416,0.4699542859626022,0.47296109483409793,False
R64_H2048_alpha1_2_L100_zero_double_horizon,R64_H2048_alpha1_2,64,2048,1/2,100,zero,double_horizon,LAGRANGIAN_FC,32,16.836902158260344,0.09399336799296876,16.645201420366597,17.02860289615409,False,1683.6902158260345,9.39933679929688,1664.52014203666,1702.860289615409,False,14.799491368593682,0.0,14.799491368593682,14.799491368593682,True,203.74107896666635,9.39933679929688,184.5710051772918,222.9111527560409,False,0.1376676224150714,0.006351121511678039,0.12471442469230656,0.15062082013783626,False,2.0374107896666636,0.09399336799296877,1.845710051772918,2.229111527560409,False,1.9472939384344554,0.011434144482907702,1.923973847013526,1.970614029855385,False,1.9469500979909453,0.011431139544821261,1.9236361351816487,1.970264060800242,False,0.00034384044351011377,3.408980169403243e-05,0.00027431383457014757,0.00041336705245007997,False,0.0007836109374977241,0.0037297759121194757,-0.006823317187315375,0.008390539062310822,False,0.08933324029471056,0.09549341107503463,-0.10542685563508226,0.2840933362245034,False,0.32811876498162745,6.181661985673086e-07,0.32811750422335334,0.32812002573990157,False,6.235018372535706e-06,6.18166198567444e-07,4.9742600984496515e-06,7.49577664662176e-06,False,0.0,0.0,0.0,0.0,True,1.3828277587890624e-07,1.0599965511378572e-07,-7.790494603904155e-08,3.5447049779685405e-07,False,0.00021474123001098634,0.00016482577295803821,-0.00012142315024961408,0.0005509056102715867,False,0.0,0.0,0.0,0.0,True,0.0,0.0,0.0,0.0,True,0.0,0.0,0.0,0.0,True,0.4714938323294645,0.000811916917852825,0.46983791685814696,0.47314974780078206,False
R64_H2048_alpha1_2_L100_zero_double_horizon,R64_H2048_alpha1_2,64,2048,1/2,100,zero,double_horizon,MYOPIC_K,32,38.26857640028,0.13359161486134297,37.99611450544448,38.54103829511551,False,3826.857640028,13.359161486134292,3799.611450544448,3854.103829511552,False,14.799491368593682,0.0,14.799491368593682,14.799491368593682,True,2346.908503168632,13.359161486134292,2319.66231368508,2374.1546926521837,False,1.5858034879151703,0.009026770686514305,1.5673932677224875,1.6042137081078531,False,23.469085031686316,0.13359161486134288,23.196623136850796,23.741546926521835,False,23.442158200072573,0.041851205273890774,23.356802104168576,23.52751429597657,False,23.414733735288237,0.041903411043279624,23.329271165015594,23.50019630556088,False,0.027424464784334093,6.126690324538805e-05,0.027299510111346056,0.02754941945732213,False,0.0051449358748796225,0.004957327722025219,-0.004965600672384488,0.015255472422143732,False,0.021781895738864132,0.0973352431327841,-0.1767346414387127,0.22029843291644097,False,0.3276276994496584,1.110981196579213e-06,0.3276254335885693,0.3276299653107475,False,0.0004973005503416062,1.1109811965797017e-06,0.0004950346892524883,0.000499566411430724,False,0.0,0.0,0.0,0.0,True,2.787113189697266e-06,1.259930951044877e-06,2.1746707351022461e-07,5.356759305884308e-06,False,0.004652833938598632,0.002147874580515599,0.00027221485046402365,0.009033453026733241,False,0.0,0.0,0.0,0.0,True,0.0004972536116838455,1.1057981019525216e-06,0.0004949983215859137,0.0004995089017817774,False,0.0,0.0,0.0,0.0,True,0.5478906279063122,0.0009281429892879794,0.5459976677994808,0.5497835880131435,False
R64_H2048_alpha4_5_L100_zero_base,R64_H2048_alpha4_5,64,2048,4/5,100,zero,base,WHITTLE_K,32,13.527684111595153,0.06145347375425132,13.402348925545589,13.653019297644718,False,1352.7684111595154,6.14534737542513,1340.2348925545589,1365.3019297644719,False,13.248512579153788,0.0,13.248512579153788,13.248512579153788,True,27.91715324413651,6.14534737542513,15.383634639180082,40.45067184909294,False,0.021071915112994246,0.004638518730845819,0.011611593790072596,0.030532236435915898,False,0.2791715324413651,0.0614534737542513,0.15383634639180083,0.4045067184909294,False,0.15065039815931822,0.002350403610095729,0.14585671839206932,0.15544407792656711,False,0.13241801140123433,0.002400820365431093,0.12752150598355527,0.13731451681891338,False,0.018232386758083897,0.00024755710759254157,0.01772749070839791,0.018737282807769887,False,0.0018832973339657755,0.004013447920506255,-0.006302183666318434,0.010068778334249986,False,0.12663783694808112,0.06051090502309853,0.003225032499855715,0.2500506413963065,False,0.5178345300257206,9.729187104849515e-05,0.5176361019464921,0.518032958104949,False,0.0071654699742794035,9.729187104849643e-05,0.006967041895050929,0.007363898053507878,False,0.0,0.0,0.0,0.0,True,2.002716064453125e-07,2.002716064453125e-07,-2.081850278313119e-07,6.087282407219369e-07,False,0.0003117227554321289,0.0003117227554321289,-0.00032403999581943703,0.0009474855066836949,False,0.0,0.0,0.0,0.0,True,0.0013885729014873505,2.2838921810552195e-06,0.0013839148726739689,0.0013932309303007321,False,0.0,0.0,0.0,0.0,True,0.4068384388288729,0.0010299215018785381,0.40473790007705884,0.4089389775806869,False
R64_H2048_alpha4_5_L100_zero_base,R64_H2048_alpha4_5,64,2048,4/5,100,zero,base,WHITTLE_P,32,13.547259092330933,0.06165073560550784,13.42152158808327,13.672996596578596,False,1354.7259092330933,6.165073560550785,1342.152158808327,1367.2996596578596,False,13.248512579153788,0.0,13.248512579153788,13.248512579153788,True,29.874651317714388,6.165073560550785,17.300900892948082,42.4484017424807,False,0.02254943801368421,0.0046534080891853305,0.013058749644220914,0.03204012638314751,False,0.2987465131771439,0.06165073560550785,0.17300900892948085,0.42448401742480696,False,0.16932147004851383,0.002705916426322729,0.1638027171122037,0.17484022298482396,False,0.1415001076158332,0.002758464320451809,0.135874182542867,0.1471260326887994,False,0.027821362432680633,0.00023222340882870783,0.027347739667806473,0.028294985197554794,False,0.0019857865101805764,0.003982376144853498,-0.006136323185856423,0.010107896206217576,False,0.1274392566184495,0.0604423244042744,0.004166323264478078,0.2507121899724209,False,0.5140659879148006,9.12656080284805e-05,0.513879850480033,0.5142521253495682,False,0.010934012085199356,9.1265608028479e-05,0.010747874650431729,0.011120149519966984,False,0.0,0.0,0.0,0.0,True,2.002716064453125e-07,2.002716064453125e-07,-2.081850278313119e-07,6.087282407219369e-07,False,0.0003117227554321289,0.0003117227554321289,-0.00032403999581943703,0.0009474855066836949,False,0.0,0.0,0.0,0.0,True,0.00532673567533493,7.717637001840508e-06,0.0053109954508952706,0.00534247589977459,False,0.26698875427246094,0.0007438791398490387,0.26547160276424503,0.26850590578067685,False,0.40689596997595817,0.001029447058613288,0.40479639885756313,0.4089955410943532,False
R64_H2048_alpha4_5_L100_zero_base,R64_H2048_alpha4_5,64,2048,4/5,100,zero,base,LAGRANGIAN_K,32,13.608628239631653,0.06111815422993691,13.483976942260767,13.733279537002538,False,1360.8628239631653,6.111815422993692,1348.3976942260767,1373.3279537002538,False,13.248512579153788,0.0,13.248512579153788,13.248512579153788,True,36.01156604778641,6.1118154229936925,23.54643631069782,48.476695784875,False,0.027181591769365666,0.004613208755683626,0.01777289048111527,0.03659029305761606,False,0.36011566047786414,0.06111815422993692,0.23546436310697827,0.48476695784875,False,0.23067675202397983,0.002120302509765037,0.226352366544886,0.23500113750307366,False,0.12003111021507142,0.002431127297760806,0.11507279340138689,0.12498942702875594,False,0.11064564180890842,0.0010680494705170625,0.1084673405523723,0.11282394306544453,False,0.001882628539587737,0.004012132557321423,-0.0063001697597941135,0.010065426838969587,False,0.12755627991429655,0.0605818544734829,0.0039987731079977745,0.2511137867205953,False,0.48151540115475655,0.00041975175897592123,0.4806593117981766,0.4823714905113365,False,0.04348459884524346,0.00041975175897592226,0.04262850948866352,0.044340688201823394,False,0.0,0.0,0.0,0.0,True,2.002716064453125e-07,2.002716064453125e-07,-2.081850278313119e-07,6.087282407219369e-07,False,0.0003117227554321289,0.0003117227554321289,-0.00032403999581943703,0.0009474855066836949,False,0.0,0.0,0.0,0.0,True,0.04317603975534439,0.0004159996791338732,0.042327602816054265,0.044024476694634516,False,0.41498327255249023,0.003146292807330416,0.40856636606563956,0.4214001790393409,False,0.4068480850115394,0.0010321136129879754,0.40474307541964166,0.40895309460343715,False
R64_H2048_alpha4_5_L100_zero_base,R64_H2048_alpha4_5,64,2048,4/5,100,zero,base,LAGRANGIAN_NI,32,13.529477043151855,0.06159939897294828,13.403844240656591,13.65510984564712,False,1352.9477043151855,6.159939897294826,1340.384424065659,1365.510984564712,False,13.248512579153788,0.0,13.248512579153788,13.248512579153788,True,28.096446399806677,6.159939897294826,15.53316615028017,40.65972664933318,False,0.021207245894166074,0.004649533191361678,0.011724460430917528,0.03069003135741462,False,0.28096446399806674,0.06159939897294825,0.1553316615028017,0.4065972664933318,False,0.15174709301610725,0.0022980901575851173,0.14706010723868115,0.15643407879353335,False,0.131596371052024,0.002360931004558253,0.12678122052221327,0.13641152158183475,False,0.02015072196408322,0.0002608803395186588,0.019618653003734454,0.020682790924431985,False,0.0018852389794433541,0.004013503003291439,-0.006300354362921904,0.010070832321808611,False,0.12733213200251617,0.06057606638135616,0.003786430087938872,0.25087783391709345,False,0.5170806093513965,0.00010252800494548245,0.5168715021066781,0.517289716596115,False,0.00791939064860344,0.00010252800494548198,0.0077102834038849325,0.008128497893321948,False,0.0,0.0,0.0,0.0,True,2.002716064453125e-07,2.002716064453125e-07,-2.081850278313119e-07,6.087282407219369e-07,False,0.0003117227554321289,0.0003117227554321289,-0.00032403999581943703,0.0009474855066836949,False,0.0,0.0,0.0,0.0,True,0.002302945554256439,1.2155424088862836e-05,0.0022781544033805526,0.0023277367051323257,False,0.0,0.0,0.0,0.0,True,0.4068479302306191,0.0010321147061319498,0.40474291840923954,0.40895294205199867,False
R64_H2048_alpha4_5_L100_zero_base,R64_H2048_alpha4_5,64,2048,4/5,100,zero,base,LAGRANGIAN_FC,32,13.526494731903076,0.061570332316331855,13.400921211244823,13.65206825256133,False,1352.6494731903076,6.157033231633186,1340.0921211244822,1365.206825256133,False,13.248512579153788,0.0,13.248512579153788,13.248512579153788,True,27.798215274928747,6.157033231633186,15.240863209103335,40.35556734075416,False,0.020982140530000748,0.004647339235138839,0.011503829669969486,0.03046045139003201,False,0.27798215274928745,0.061570332316331855,0.1524086320910333,0.4035556734075416,False,0.14908859235502755,0.002290939582417262,0.14441619027180577,0.15376099443824934,False,0.13446241421146427,0.002341381242690246,0.12968713568385717,0.13923769273907136,False,0.014626178143563285,0.00024665756985646937,0.014123116713185554,0.015129239573941015,False,0.0018835456258789764,0.004013632807565172,-0.006302312454047959,0.010069403705805911,False,0.12701001476838092,0.0605475969104891,0.003522376722448775,0.2504976528143131,False,0.5192517980933189,9.693834571338445e-05,0.519054091033765,0.5194495051528728,False,0.005748201906681061,9.693834571338367e-05,0.005550494847127191,0.00594590896623493,False,0.0,0.0,0.0,0.0,True,2.002716064453125e-07,2.002716064453125e-07,-2.081850278313119e-07,6.087282407219369e-07,False,0.0003117227554321289,0.0003117227554321289,-0.00032403999581943703,0.0009474855066836949,False,0.0,0.0,0.0,0.0,True,0.0,0.0,0.0,0.0,True,0.0,0.0,0.0,0.0,True,0.4068430519661315,0.001031460287001503,0.40473937484136807,0.40894672909089497,False
R64_H2048_alpha4_5_L100_zero_base,R64_H2048_alpha4_5,64,2048,4/5,100,zero,base,MYOPIC_K,32,22.746482915878296,0.10285014315898051,22.53671866594176,22.956247165814833,False,2274.6482915878296,10.285014315898048,2253.6718665941758,2295.6247165814834,False,13.248512579153788,0.0,13.248512579153788,13.248512579153788,True,949.7970336724508,10.285014315898042,928.8206086787972,970.7734586661044,False,0.7169084287748144,0.007763146432061562,0.7010753872402805,0.7327414703093483,False,9.497970336724507,0.10285014315898044,9.288206086787971,9.707734586661042,False,9.364367468338495,0.04915159065738135,9.264122138280994,9.464612798395995,False,9.358698414555137,0.0491953910767384,9.2583637529534,9.459033076156874,False,0.005669053783357697,0.00011895207201996247,0.005426449432996269,0.0059116581337191245,False,-0.003339164084444461,0.006391468352137716,-0.016374649730846427,0.009696321561957504,False,0.13694203247045658,0.06269204829863917,0.009080756983248922,0.26480330795766427,False,0.5227720177173615,4.6749090601617655e-05,0.5226766723184727,0.5228673631162503,False,0.0022279822826385496,4.6749090601615676e-05,0.0021326368837497503,0.002323327681527349,False,0.0,0.0,0.0,0.0,True,2.093315124511719e-06,1.8971723532329593e-06,-1.7759934000384174e-06,5.9626236490618554e-06,False,0.003594260215759277,0.0032872796756882117,-0.0031101908848724545,0.01029871131639101,False,0.0,0.0,0.0,0.0,True,0.0006059543788433075,2.014139241774654e-06,0.0006018465147767935,0.0006100622429098216,False,0.0,0.0,0.0,0.0,True,0.4817936833533755,0.0010931463821010575,0.4795641966082008,0.4840231700985502,False
R64_H1024_alpha1_4_L100_zero_base,R64_H1024_alpha1_4,64,1024,1/4,100,zero,base,WHITTLE_K,32,36.581454157829285,0.22522613634937788,36.12210242426482,37.04080589139375,False,3658.1454157829285,22.522613634937773,3612.2102424264817,3704.080589139375,False,34.941007805711585,0.0,34.941007805711585,34.941007805711585,True,164.04463521176996,22.522613634937773,118.10946185532327,209.97980856821664,False,0.0469490279513216,0.0064458969701658535,0.03380253440658248,0.060095521496060726,False,1.6404463521176995,0.22522613634937777,1.1810946185532327,2.099798085682166,False,1.6029042882268385,0.023076906247270993,1.5558386276343001,1.6499699488193769,False,1.3067671422469824,0.022776376219276875,1.260314416687584,1.353219867806381,False,0.29613714597985613,0.0012092137624762972,0.29367093825171814,0.2986033537079941,False,-0.003536312849356951,0.019757335028080362,-0.04383166330408561,0.036759037605371706,False,0.041078376740217915,0.21742343607917153,-0.4023596447049624,0.4845163981853982,False,0.16269491046667098,5.584264276094591e-06,0.16268352128459165,0.1627062996487503,False,0.00136758953332901,5.584264276094773e-06,0.0013562003512496837,0.0013789787154083364,False,0.00015488624572753906,1.2650652292392556e-05,0.00012908507027151888,0.00018068742118355923,False,0.001110210418701172,3.299582804407596e-05,0.0010429149837302954,0.0011775058536720485,False,0.9753029537200928,0.030319546837713634,0.9134658302559301,1.0371400771842554,False,0.0206591272354126,0.0030164360271196203,0.014507065397907571,0.026811189072917626,False,0.00136758953332901,5.584264276094773e-06,0.0013562003512496837,0.0013789787154083364,False,0.0,0.0,0.0,0.0,True,1.4031937666013248,0.0017857771608361733,1.3995516500695317,1.4068358831331178,False
R64_H1024_alpha1_4_L100_zero_base,R64_H1024_alpha1_4,64,1024,1/4,100,zero,base,WHITTLE_P,32,37.67372846126556,0.21219579596194346,37.24095228213239,38.10650464039873,False,3767.3728461265564,21.219579596194336,3724.0952282132394,3810.6504640398734,False,34.941007805711585,0.0,34.941007805711585,34.941007805711585,True,273.2720655553979,21.219579596194336,229.99444764208067,316.5496834687151,False,0.07820955453686938,0.006072972970380582,0.06582364450417624,0.09059546456956252,False,2.7327206555539787,0.21219579596194335,2.299944476420807,3.1654968346871506,False,2.584853723003294,0.022372921906765535,2.539223847939269,2.630483598067319,False,1.320419298838109,0.022306111308797245,1.2749256848870019,1.365912912789216,False,1.264434424165185,0.0044473338813980174,1.2553640269134594,1.2735048214169107,False,0.004708451242543919,0.021396628798890455,-0.03893026090034579,0.04834716338543363,False,0.14315848130814085,0.2008403988330143,-0.2664582126914093,0.552775175307691,False,0.1582232214510441,2.0538211264564123e-05,0.1581813334930051,0.1582651094090831,False,0.005839278548955917,2.0538211264564323e-05,0.005797390590916908,0.005881166506994926,False,0.00016158103942871094,1.4255160715722172e-05,0.00013250744746845373,0.00019065463138896816,False,0.0012139272689819336,3.266615978993166e-05,0.0011473041968482344,0.0012805503411156328,False,1.0650510454177857,0.030278483144157493,1.0032976719087896,1.1268044189267818,False,0.021506590843200682,0.003181961843864192,0.015016936876719355,0.02799624480968201,False,0.005839278548955917,2.0538211264564323e-05,0.005797390590916908,0.005881166506994926,False,0.34513139724731445,0.0018154968952893112,0.34142866691748097,0.34883412757714793,False,1.4057546643176448,0.001662007937527678,1.4023649767810396,1.4091443518542501,False
R64_H1024_alpha1_4_L100_zero_base,R64_H1024_alpha1_4,64,1024,1/4,100,zero,base,LAGRANGIAN_K,32,40.3216269493103,0.1665338930644699,39.98197883512457,40.66127506349603,False,4032.1626949310303,16.653389306446996,3998.1978835124573,4066.127506349603,False,34.941007805711585,0.0,34.941007805711585,34.941007805711585,True,538.0619143598717,16.653389306446993,504.0971029412989,572.0267257784445,False,0.15399152690493323,0.004766144525380511,0.14427091105795106,0.1637121427519154,False,5.380619143598717,0.16653389306446995,5.040971029412989,5.720267257784445,False,5.272665704789719,0.05079539163522638,5.169067820534703,5.376263589044735,False,0.8874429148900168,0.018195223598766807,0.8503335117001427,0.9245523180798909,False,4.385222789899702,0.05815289219747602,4.2666191843161085,4.503826395483295,False,-0.00017474106880293786,0.0194824409526731,-0.03990944136040377,0.039559959222797904,False,0.10812817987780189,0.20319497715380486,-0.3062907082675941,0.5225470680231978,False,0.1438111236691475,0.00026855559250742606,0.14326340092712364,0.14435884641117136,False,0.02025137633085251,0.00026855559250742633,0.01970365358882866,0.02079909907287636,False,0.00017061710357666016,1.3813320229339656e-05,0.0001424446512295424,0.0001987895559237779,False,0.0012861251831054687,2.901624715410416e-05,0.0012269461568707118,0.0013453042093402256,False,1.127446436882019,0.026944661311106902,1.0724924378294194,1.1824004359346185,False,0.023344144821166993,0.0031647062026315736,0.016889683967005784,0.029798605675328202,False,0.02025137633085251,0.00026855559250742633,0.01970365358882866,0.02079909907287636,False,0.37253284454345703,0.004371394772101789,0.3636173261262485,0.3814483629606656,False,1.410728866527669,0.0015651624120086788,1.407536696742583,1.4139210363127548,False
R64_H1024_alpha1_4_L100_zero_base,R64_H1024_alpha1_4,64,1024,1/4,100,zero,base,LAGRANGIAN_NI,32,36.659934697151186,0.22364700551839867,36.20380362215012,37.116065772152254,False,3665.9934697151184,22.36470055183987,3620.3803622150117,3711.606577215225,False,34.941007805711585,0.0,34.941007805711585,34.941007805711585,True,171.8926891439599,22.36470055183987,126.2795816438533,217.5057966440665,False,0.049195114834627546,0.006400702771997336,0.03614079546475221,0.06224943420450288,False,1.718926891439599,0.2236470055183987,1.2627958164385331,2.175057966440665,False,1.6974400167315145,0.019416261408999616,1.657840290509112,1.7370397429539168,False,1.2861656045774976,0.01953230268701637,1.246329210608243,1.3260019985467522,False,0.41127441215401683,0.0014616792280982597,0.4082932977139921,0.4142555265940416,False,-0.006897591753586355,0.020375437099804772,-0.04845356969484242,0.03465838618766971,False,0.028384466461670897,0.21686395189398694,-0.41391247946477927,0.4706814123881211,False,0.16216319561004638,6.750173831849157e-06,0.1621494285397508,0.16217696268034196,False,0.0018993043899536133,6.750173831848773e-06,0.0018855373196580447,0.001913071460249182,False,0.00015120506286621095,1.3512090410212381e-05,0.00012364697278565884,0.00017876315294676305,False,0.0011309909820556641,3.526708598383903e-05,0.001059063285976406,0.0012029186781349222,False,0.9922549390792846,0.032402231676507603,0.9261701518817957,1.0583397262767735,False,0.020145869255065917,0.0030958862784132043,0.013831767561728051,0.026459970948403782,False,0.0018993043899536133,6.750173831848773e-06,0.0018855373196580447,0.001913071460249182,False,0.0,0.0,0.0,0.0,True,1.403213423018372,0.0018149029727427405,1.3995119040015582,1.4069149420351856,False
R64_H1024_alpha1_4_L100_zero_base,R64_H1024_alpha1_4,64,1024,1/4,100,zero,base,LAGRANGIAN_FC,32,36.37992513179779,0.20279757794148745,35.9663167446895,36.79353351890608,False,3637.992513179779,20.27975779414875,3596.63167446895,3679.353351890608,False,34.941007805711585,0.0,34.941007805711585,34.941007805711585,True,143.89173260862054,20.27975779414875,102.5308938977918,185.2525713194493,False,0.04118133438186047,0.0058039991024053245,0.029344000169632123,0.05301866859408881,False,1.4389173260862054,0.2027975779414875,1.025308938977918,1.8525257131944928,False,1.49914223149981,0.019380015121200588,1.4596164300687557,1.5386680329308642,False,1.49914223149981,0.019380015121200588,1.4596164300687557,1.5386680329308642,False,0.0,0.0,0.0,0.0,True,-0.023451292750190596,0.02155576049773314,-0.06741455613261788,0.020511970632236677,False,-0.03677361266341395,0.20422326314029157,-0.45328970390499057,0.3797424785781627,False,0.1640625,0.0,0.1640625,0.1640625,True,0.0,0.0,0.0,0.0,True,0.00014411449432373048,1.1782236321566286e-05,0.00012008446491727589,0.00016814452373018507,False,0.0010712671279907227,3.023742834514618e-05,0.0010095974862963492,0.0011329367696850962,False,0.9400259923934936,0.027609176179444576,0.8837167063315889,0.9963352784553983,False,0.018999037742614747,0.002860309382410603,0.013165398296334518,0.024832677188894977,False,0.0,0.0,0.0,0.0,True,0.0,0.0,0.0,0.0,True,1.402171930852837,0.0016352315967405277,1.3988368540233125,1.4055070076823617,False
R64_H1024_alpha1_4_L100_zero_base,R64_H1024_alpha1_4,64,1024,1/4,100,zero,base,MYOPIC_K,32,62.94840891361237,0.20869623420159436,62.52277013774592,63.374047689478815,False,6294.840891361237,20.869623420159428,6252.277013774592,6337.404768947881,False,34.941007805711585,0.0,34.941007805711585,34.941007805711585,True,2800.7401107900782,20.869623420159428,2758.1762332034336,2843.303988376723,False,0.8015624867958899,0.005972816678959101,0.7893808468662921,0.8137441267254878,False,28.00740110790078,0.20869623420159433,27.581762332034334,28.433039883767226,False,27.949510132012623,0.03760066912837925,27.87282306173179,28.026197202293456,False,27.90618252710867,0.0376247616210054,27.82944631986517,27.982918734352168,False,0.043327604903953355,0.00016513304616890028,0.042990813835847484,0.043664395972059226,False,-0.010606643575839738,0.019511099959453975,-0.05039979429713053,0.02918650714545106,False,0.06849761946399675,0.19399157294047475,-0.32715080203569114,0.4641460409636846,False,0.16386240899562834,7.626001283969804e-07,0.16386085366241226,0.16386396432884442,False,0.00020009100437164305,7.626001283968809e-07,0.000198535671155554,0.00020164633758773212,False,0.0009084272384643555,3.396248485857219e-05,0.0008391602939222631,0.000977694183006448,False,0.006480813026428223,0.00010951836524681146,0.006257448847879998,0.006704177204976448,False,5.700002636909485,0.09974446788154169,5.496572453461426,5.903432820357543,False,0.11950482845306397,0.008114798293075754,0.10295458821954134,0.1360550686865866,False,0.00020009100437164305,7.626001283968809e-07,0.000198535671155554,0.00020164633758773212,False,0.0,0.0,0.0,0.0,True,1.441121590693969,0.0017006263408902282,1.4376531404044275,1.4445900409835104,False
R64_H1024_alpha1_2_L100_zero_base,R64_H1024_alpha1_2,64,1024,1/2,100,zero,base,WHITTLE_K,32,16.95841552257538,0.10138130889736127,16.751646979865942,17.165184065284816,False,1695.8415522575378,10.138130889736129,1675.1646979865943,1716.5184065284814,False,14.795330265971726,0.0,14.795330265971726,14.795330265971726,True,216.30852566036512,10.138130889736129,195.6316713894215,236.98537993130873,False,0.14620053879963757,0.006852250478688639,0.13222528181027587,0.16017579578899926,False,2.1630852566036514,0.10138130889736127,1.9563167138942152,2.3698537993130877,False,1.9579882197271672,0.017998510104953,1.921280016353014,1.9946964231013204,False,1.9036075433758661,0.017848173189259832,1.8672059541627588,1.9400091325889735,False,0.05438067635130109,0.000244606205360998,0.05388179870639533,0.054879553996206844,False,0.003481080812552783,0.00871880222155341,-0.014301033554776275,0.02126319517988184,False,0.20161595606393143,0.10186505613337843,-0.006139195638018791,0.40937110776588165,False,0.327138569355011,4.4369999255586255e-06,0.3271295200340012,0.3271476186760208,False,0.0009864306449890137,4.43699992555888e-06,0.0009773813239791766,0.0009954799659988509,False,3.864765167236328e-05,5.381847628601119e-06,2.7671301067374674e-05,4.962400227735189e-05,False,0.0003044557571411133,1.8025831964925613e-05,0.0002676918304661653,0.00034121968381606126,False,0.26652581214904786,0.016301457420188376,0.23327877054471516,0.29977285375338053,False,0.004175806045532226,0.000984960162710989,0.0021669665495183702,0.006184645541546082,False,0.0009808918833732606,4.129516992736026e-06,0.0009724696779394531,0.0009893140888070683,False,0.0,0.0,0.0,0.0,True,0.6668169253448771,0.0011949210951763443,0.6643798677038822,0.669253982985872,False
R64_H1024_alpha1_2_L100_zero_base,R64_H1024_alpha1_2,64,1024,1/2,100,zero,base,WHITTLE_P,32,17.181622338294982,0.10175059796629381,16.97410062556385,17.389144051026115,False,1718.1622338294983,10.175059796629382,1697.4100625563851,1738.9144051026115,False,14.795330265971726,0.0,14.795330265971726,14.795330265971726,True,238.6292072323256,10.175059796629386,217.87703595921246,259.38137850543876,False,0.1612868404709808,0.0068772103181984,0.14726067755331904,0.17531300338864256,False,2.386292072323256,0.10175059796629383,2.1787703595921246,2.593813785054387,False,2.1854369113464216,0.015467175892375904,2.1538913981361425,2.2169824245567007,False,1.8827527391283947,0.015487187611163638,1.8511664117485627,1.9143390665082267,False,0.3026841722180269,0.0008424552196341073,0.3009659734695963,0.3044023709664575,False,0.005966852265644063,0.008528357959777905,-0.01142684846900481,0.02336055300029294,False,0.19488830871119023,0.10252329767339463,-0.014209335462599726,0.4039859528849802,False,0.3226345029473305,1.5281598196933413e-05,0.32260333592232543,0.32266566997233553,False,0.005490497052669525,1.528159819693288e-05,0.005459330027664453,0.005521664077674598,False,3.93056869506836e-05,5.842193844523739e-06,2.7390454048323103e-05,5.122091985304409e-05,False,0.00031157970428466794,1.8427771580957473e-05,0.00027399601635818356,0.0003491633922111523,False,0.27267017364501955,0.016737534960889863,0.2385337460327547,0.30680660125728443,False,0.004395856857299805,0.0010541720928328665,0.002245858699151331,0.0065458550154482795,False,0.0054858501255512235,1.5280719038470345e-05,0.0054546848936016575,0.0055170153575007895,False,0.35547542572021484,0.0012717120268481638,0.352881751941514,0.3580690994989157,False,0.6679960777442928,0.001174512602987572,0.6656006434975377,0.670391511991048,False
R64_H1024_alpha1_2_L100_zero_base,R64_H1024_alpha1_2,64,1024,1/2,100,zero,base,LAGRANGIAN_K,32,17.329615712165833,0.09747722077890525,17.130809609669903,17.528421814661762,False,1732.9615712165833,9.747722077890526,1713.0809609669905,1752.842181466176,False,14.795330265971726,0.0,14.795330265971726,14.795330265971726,True,253.42854461941056,9.747722077890527,233.54793436981768,273.3091548690034,False,0.171289548839798,0.006588377483069531,0.15785246437314238,0.1847266333064536,False,2.5342854461941053,0.09747722077890525,2.335479343698177,2.733091548690034,False,2.3319603566490366,0.02082684202379548,2.289483732295532,2.374436981002541,False,0.729342078444067,0.015028950432317778,0.6986903319521297,0.7599938249360042,False,1.6026182782049698,0.024192326933294074,1.5532777021248987,1.651958854285041,False,0.0026838139584163053,0.008674556952647716,-0.015008061588040161,0.02037568950487277,False,0.19964127558665237,0.10159557626314968,-0.007564268296433141,0.4068468194697379,False,0.29905453070998195,0.00043883331840949784,0.298159524256359,0.2999495371636049,False,0.02907046929001808,0.00043883331840949795,0.028175462836395153,0.029965475743641008,False,3.978252410888672e-05,5.554660124076915e-06,2.8453720095669915e-05,5.111132812210353e-05,False,0.00030816078186035156,1.812471402800456e-05,0.00027119518388814663,0.0003451263798325565,False,0.26997870922088624,0.016433420567112902,0.2364625270039722,0.3034948914378003,False,0.004260506629943848,0.0009871180387266104,0.0022472661167804754,0.00627374714310722,False,0.02907046929001808,0.00043883331840949795,0.028175462836395153,0.029965475743641008,False,0.37240076065063477,0.004190538138607494,0.3638541017693078,0.3809474195319617,False,0.6670670201101605,0.0011859041996757672,0.6646483525487838,0.6694856876715372,False
R64_H1024_alpha1_2_L100_zero_base,R64_H1024_alpha1_2,64,1024,1/2,100,zero,base,LAGRANGIAN_NI,32,16.966443395614625,0.10047349141528289,16.76152635886676,17.17136043236249,False,1696.6443395614624,10.047349141528292,1676.152635886676,1717.1360432362487,False,14.795330265971726,0.0,14.795330265971726,14.795330265971726,True,217.11131296428968,10.047349141528292,196.61960928950333,237.60301663907603,False,0.14674313385462656,0.006790892099675885,0.13289301810431045,0.16059324960494267,False,2.171113129642897,0.10047349141528293,1.9661960928950333,2.3760301663907604,False,1.965524056624942,0.017946584600867937,1.928921756014581,2.0021263572353027,False,1.866553137090375,0.017278102660081333,1.8313142143869214,1.9017920597938285,False,0.09897091953456674,0.0009118362869538294,0.09711121716641223,0.10083062190272125,False,0.0023764286141718634,0.008652699782919642,-0.01527086894072403,0.020023726169067755,False,0.20321264440378325,0.10106642135249083,-0.0029136809237868544,0.40933896973135336,False,0.3263297308981419,1.654012632821388e-05,0.3262959970880904,0.3263634647081934,False,0.001795269101858139,1.654012632821425e-05,0.0017615352918066507,0.0018290029119096274,False,3.978252410888672e-05,5.554660124076915e-06,2.8453720095669915e-05,5.111132812210353e-05,False,0.00030816078186035156,1.812471402800456e-05,0.00027119518388814663,0.0003451263798325565,False,0.26997870922088624,0.016433420567112902,0.2364625270039722,0.3034948914378003,False,0.004260506629943848,0.0009871180387266104,0.0022472661167804754,0.00627374714310722,False,0.0017893548309803008,1.6145766290875828e-05,0.0017564253235276856,0.001822284338432916,False,0.0,0.0,0.0,0.0,True,0.6668264642065131,0.0011847451486898058,0.6644101605452074,0.6692427678678189,False
R64_H1024_alpha1_2_L100_zero_base,R64_H1024_alpha1_2,64,1024,1/2,100,zero,base,LAGRANGIAN_FC,32,16.952060441970826,0.11237881482890565,16.72286233803718,17.18125854590447,False,1695.2060441970825,11.237881482890561,1672.286233803718,1718.125854590447,False,14.795330265971726,0.0,14.795330265971726,14.795330265971726,True,215.6730175999098,11.237881482890565,192.75320720654528,238.5928279932743,False,0.1457710059341787,0.007595559734639341,0.13027975972247463,0.16126225214588275,False,2.156730175999098,0.11237881482890562,1.927532072065453,2.385928279932743,False,1.9437539549352958,0.01844903990395139,1.906126889978083,1.9813810198925086,False,1.9434261835343616,0.018443378855156643,1.9058106643622865,1.9810417027064366,False,0.0003277714009340601,4.636837102542362e-05,0.00023320248474021103,0.0004223403171279092,False,0.002637310020407054,0.008320499834945856,-0.014332461273704113,0.019607081314518222,False,0.21033891104339536,0.11236921516618636,-0.01883961424905292,0.4395174363358436,False,0.32811905443668365,8.410925572572177e-07,0.32811733901710344,0.32812076985626387,False,5.945563316345215e-06,8.410925572573202e-07,4.2301437361549695e-06,7.660982896535461e-06,False,4.017353057861328e-05,5.399289971427689e-06,2.916160608089323e-05,5.118545507633333e-05,False,0.0003087854385375977,1.7079788495132245e-05,0.0002739509802401688,0.0003436198968350266,False,0.2704743194580078,0.015543407446910396,0.238773330967216,0.30217530794879965,False,0.004309244155883789,0.000980010885954979,0.002310498776363752,0.006307989535403825,False,0.0,0.0,0.0,0.0,True,0.0,0.0,0.0,0.0,True,0.6668878100910076,0.0013031465044358536,0.6642300252725862,0.669545594909429,False
R64_H1024_alpha1_2_L100_zero_base,R64_H1024_alpha1_2,64,1024,1/2,100,zero,base,MYOPIC_K,32,38.27284778118133,0.1728765273255662,37.92026377913452,38.625431783228144,False,3827.2847781181335,17.28765273255662,3792.0263779134525,3862.5431783228146,False,14.795330265971726,0.0,14.795330265971726,14.795330265971726,True,2347.7517515209606,17.28765273255662,2312.4933513162796,2383.0101517256417,False,1.5868194283710133,0.011684533174847115,1.5629886658460477,1.610650190895979,False,23.47751751520961,0.17287652732556624,23.1249335131628,23.830101517256416,False,23.431923389407423,0.05656226022595986,23.316563899118005,23.54728287969684,False,23.40450432594064,0.05663237071579763,23.289001844364464,23.520006807516815,False,0.027419063466783553,7.973340266363126e-05,0.027256446119924137,0.02758168081364297,False,0.00026659608501413757,0.01039535292876719,-0.02093486599324283,0.021468058163271107,False,0.045327529717170835,0.12299021656592142,-0.20551267074423216,0.29616773017857384,False,0.3276276357471943,1.4463128650431777e-06,0.3276246859726583,0.32763058552173024,False,0.0004973642528057099,1.4463128650435172e-06,0.0004944144782697576,0.0005003140273416622,False,0.00015631675720214843,1.3761347272287769e-05,0.000128250304399787,0.00018438321000450986,False,0.0011915969848632813,3.339625651946106e-05,0.0011234848706325367,0.0012597090990940259,False,1.044149694442749,0.03079529359824118,0.981342279063411,1.1069571098220872,False,0.02154832363128662,0.003113928613159661,0.015197424353628974,0.02789922290894427,False,0.0004973016679286957,1.4401464238426749e-06,0.0004943644699324888,0.0005002388659249025,False,0.0,0.0,0.0,0.0,True,0.7710447701028709,0.0014930732811638426,0.767999627069482,0.7740899131362597,False
R64_H1024_alpha4_5_L100_zero_base,R64_H1024_alpha4_5,64,1024,4/5,100,zero,base,WHITTLE_K,32,13.523885588645935,0.061313764864875525,13.398835340754834,13.648935836537037,False,1352.3885588645935,6.131376486487555,1339.8835340754833,1364.8935836537037,False,13.24435280164797,0.0,13.24435280164797,13.24435280164797,True,27.953278699796442,6.131376486487555,15.44825391068631,40.45830348890657,False,0.021105809486076408,0.00462942703076034,0.011664030807729696,0.03054758816442312,False,0.2795327869979644,0.061313764864875546,0.15448253910686308,0.4045830348890658,False,0.15064112857864756,0.002349953188080588,0.1458483674531551,0.15543388970414002,False,0.13240874182056364,0.002400369183687346,0.12751315659411772,0.13730432704700957,False,0.018232386758083897,0.00024755710759254157,0.01772749070839791,0.018737282807769887,False,0.0019536300082591625,0.003984327889005514,-0.0061724602962198,0.010079720312738124,False,0.1269380284110577,0.06036698420861847,0.003818752399180697,0.2500573044229347,False,0.5178345300257206,9.729187104849515e-05,0.5176361019464921,0.518032958104949,False,0.0071654699742794035,9.729187104849643e-05,0.006967041895050929,0.007363898053507878,False,3.342628479003906e-05,5.228384504887087e-06,2.276292428939122e-05,4.4089645290686897e-05,False,0.00025405406951904295,1.5712859887988726e-05,0.0002220074804961472,0.0002861006585419387,False,0.22227313995361328,0.014208757967566217,0.19329418702216988,0.2512520928850567,False,0.00379852294921875,0.0009894502630385315,0.001780525833211202,0.005816520065226298,False,0.0013885729014873505,2.2838921810552195e-06,0.0013839148726739689,0.0013932309303007321,False,0.0,0.0,0.0,0.0,True,0.4053835365738335,0.00098536274984585,0.40337387599594476,0.4073931971517223,False
R64_H1024_alpha4_5_L100_zero_base,R64_H1024_alpha4_5,64,1024,4/5,100,zero,base,WHITTLE_P,32,13.543460569381713,0.061513417143670625,13.418003127983406,13.66891801078002,False,1354.3460569381714,6.151341714367064,1341.8003127983407,1366.8918010780021,False,13.24435280164797,0.0,13.24435280164797,13.24435280164797,True,29.910776773374323,6.151341714367064,17.365032633543564,42.45652091320508,False,0.02258379644617484,0.004644501552089177,0.013111273078879975,0.03205631981346971,False,0.2991077677337432,0.061513417143670646,0.1736503263354356,0.4245652091320508,False,0.16931304282321644,0.002705393278190001,0.16379535685455748,0.1748307287918754,False,0.14149153138187642,0.0027579605045316685,0.13586663384825387,0.14711642891549898,False,0.02782151144134002,0.00023219973802173635,0.027347936953394967,0.028295085929285074,False,0.0020560829730215066,0.0039532326966685415,-0.006006588268567918,0.01011875421461093,False,0.12773864193750525,0.06030099394521125,0.004753953955178525,0.250723329919832,False,0.5140659293532371,9.125630521700986e-05,0.5138798108916786,0.5142520478147957,False,0.010934070646762849,9.125630521701107e-05,0.0107479521852043,0.011120189108321398,False,3.342628479003906e-05,5.228384504887087e-06,2.276292428939122e-05,4.4089645290686897e-05,False,0.00025405406951904295,1.5712859887988726e-05,0.0002220074804961472,0.0002861006585419387,False,0.22227313995361328,0.014208757967566217,0.19329418702216988,0.2512520928850567,False,0.00379852294921875,0.0009894502630385315,0.001780525833211202,0.005816520065226298,False,0.005326794236898422,7.729051114435423e-06,0.005311030733222646,0.005342557740574198,False,0.26699209213256836,0.0007449265923952004,0.2654728043308001,0.2685113799343366,False,0.4054410248633162,0.0009850037173586553,0.40343209653701273,0.40744995318961963,False
R64_H1024_alpha4_5_L100_zero_base,R64_H1024_alpha4_5,64,1024,4/5,100,zero,base,LAGRANGIAN_K,32,13.604829716682435,0.06097458939508332,13.480471221722663,13.729188211642207,False,1360.4829716682434,6.097458939508332,1348.0471221722662,1372.9188211642206,False,13.24435280164797,0.0,13.24435280164797,13.24435280164797,True,36.047691503446345,6.097458939508332,23.611842007469118,48.48354099942357,False,0.02721740506562238,0.004603817967420527,0.017827856416306832,0.036606953714937926,False,0.36047691503446344,0.06097458939508332,0.23611842007469117,0.4848354099942357,False,0.2306674591750058,0.00211987079634667,0.2263439541812337,0.2349909641687779,False,0.12002181736609738,0.002430697915748831,0.11506437628279992,0.12497925844939484,False,0.11064564180890842,0.0010680494705170625,0.1084673405523723,0.11282394306544453,False,0.0019529612138811242,0.003983010002709522,-0.00617044124377634,0.010076363671538588,False,0.12785649464557652,0.060435458187762955,0.004597565032506079,0.25111542425864697,False,0.48151540115475655,0.00041975175897592123,0.4806593117981766,0.4823714905113365,False,0.04348459884524346,0.00041975175897592226,0.04262850948866352,0.044340688201823394,False,3.342628479003906e-05,5.228384504887087e-06,2.276292428939122e-05,4.4089645290686897e-05,False,0.00025405406951904295,1.5712859887988726e-05,0.0002220074804961472,0.0002861006585419387,False,0.22227313995361328,0.014208757967566217,0.19329418702216988,0.2512520928850567,False,0.00379852294921875,0.0009894502630385315,0.001780525833211202,0.005816520065226298,False,0.04317603975534439,0.0004159996791338732,0.042327602816054265,0.044024476694634516,False,0.41498327255249023,0.003146292807330416,0.40856636606563956,0.4214001790393409,False,0.4053931860448914,0.0009873749472927207,0.40337942156325296,0.4074069505265298,False
R64_H1024_alpha4_5_L100_zero_base,R64_H1024_alpha4_5,64,1024,4/5,100,zero,base,LAGRANGIAN_NI,32,13.525678520202638,0.06145739044243537,13.400335346014856,13.651021694390419,False,1352.5678520202637,6.145739044243538,1340.0335346014856,1365.1021694390417,False,13.24435280164797,0.0,13.24435280164797,13.24435280164797,True,28.132571855466608,6.145739044243538,15.598254436688503,40.66688927424471,False,0.021241182771849842,0.004640271318866434,0.011777287022094155,0.030705078521605526,False,0.2813257185546661,0.06145739044243538,0.15598254436688502,0.40666889274244716,False,0.1517378001671332,0.002297656870773372,0.14705169808398583,0.15642390225028058,False,0.13158707820305,0.002360497769978779,0.12677281126098952,0.13640134514511046,False,0.02015072196408322,0.0002608803395186588,0.019618653003734454,0.020682790924431985,False,0.001955571653736741,0.003984382838975741,-0.006170630721945377,0.01008177402941886,False,0.12763234673379611,0.06042953227772339,0.004385503093933499,0.25087919037365874,False,0.5170806093513965,0.00010252800494548245,0.5168715021066781,0.517289716596115,False,0.00791939064860344,0.00010252800494548198,0.0077102834038849325,0.008128497893321948,False,3.342628479003906e-05,5.228384504887087e-06,2.276292428939122e-05,4.4089645290686897e-05,False,0.00025405406951904295,1.5712859887988726e-05,0.0002220074804961472,0.0002861006585419387,False,0.22227313995361328,0.014208757967566217,0.19329418702216988,0.2512520928850567,False,0.00379852294921875,0.0009894502630385315,0.001780525833211202,0.005816520065226298,False,0.002302945554256439,1.2155424088862836e-05,0.0022781544033805526,0.0023277367051323257,False,0.0,0.0,0.0,0.0,True,0.4053930307099001,0.0009873760712115454,0.40337926393601414,0.4074067974837861,False
R64_H1024_alpha4_5_L100_zero_base,R64_H1024_alpha4_5,64,1024,4/5,100,zero,base,LAGRANGIAN_FC,32,13.522696208953857,0.06142837641210487,13.397412209271069,13.647980208636644,False,1352.2696208953857,6.1428376412104875,1339.741220927107,1364.7980208636645,False,13.24435280164797,0.0,13.24435280164797,13.24435280164797,True,27.83434073058868,6.1428376412104875,15.305940762309895,40.36274069886746,False,0.021016006706741686,0.004638080647055963,0.011556578861600096,0.030475434551883278,False,0.27834340730588675,0.06142837641210487,0.15305940762309891,0.4036274069886746,False,0.14907930396298916,0.0022905074619631446,0.14440778319524403,0.1537508247307343,False,0.13445312581942587,0.0023409476461304477,0.1296787316178328,0.13922752002101893,False,0.014626178143563285,0.00024665756985646937,0.014123116713185554,0.015129239573941015,False,0.001953878300172363,0.003984514026492055,-0.006172591634213277,0.010080348234558004,False,0.12731022504272524,0.06040115755827213,0.004121252024721189,0.2504991980607293,False,0.5192517980933189,9.693834571338445e-05,0.519054091033765,0.5194495051528728,False,0.005748201906681061,9.693834571338367e-05,0.005550494847127191,0.00594590896623493,False,3.342628479003906e-05,5.228384504887087e-06,2.276292428939122e-05,4.4089645290686897e-05,False,0.00025405406951904295,1.5712859887988726e-05,0.0002220074804961472,0.0002861006585419387,False,0.22227313995361328,0.014208757967566217,0.19329418702216988,0.2512520928850567,False,0.00379852294921875,0.0009894502630385315,0.001780525833211202,0.005816520065226298,False,0.0,0.0,0.0,0.0,True,0.0,0.0,0.0,0.0,True,0.4053881578883462,0.0009867247904021962,0.40337571941042827,0.40740059636626413,False
R64_H1024_alpha4_5_L100_zero_base,R64_H1024_alpha4_5,64,1024,4/5,100,zero,base,MYOPIC_K,32,22.73758945941925,0.10281042253899718,22.52790622022127,22.947272698617233,False,2273.758945941925,10.28104225389972,2252.790622022127,2294.727269861723,False,13.24435280164797,0.0,13.24435280164797,13.24435280164797,True,949.323665777128,10.281042253899715,928.3553418573299,970.2919896969261,False,0.7167761837777421,0.007762585615070954,0.7009442860370015,0.7326080815184827,False,9.49323665777128,0.10281042253899719,9.2835534185733,9.702919896969261,False,9.360522120286621,0.04912775386179441,9.260325405694239,9.460718834879003,False,9.354853066503264,0.04917155786915665,9.25456701304886,9.455139119957668,False,0.005669053783357697,0.00011895207201996247,0.005426449432996269,0.0059116581337191245,False,-0.0032839256525313957,0.006371086202395866,-0.016277841630468394,0.009709990325405602,False,0.13599846313718916,0.06268205771902144,0.008157563571449172,0.2638393627029292,False,0.5227720177173615,4.6749090601617655e-05,0.5226766723184727,0.5228673631162503,False,0.0022279822826385496,4.6749090601615676e-05,0.0021326368837497503,0.002323327681527349,False,6.632804870605468e-05,7.759493755129625e-06,5.050245685523886e-05,8.215364055687051e-05,False,0.0005019664764404297,1.919159583210273e-05,0.00046282495868305094,0.0005411079941978085,False,0.43995781898498537,0.017754181784931235,0.4037479265048519,0.4761677114651188,False,0.00889345645904541,0.002181685191743334,0.0044438801746809545,0.013343032743409866,False,0.0006059543788433075,2.014139241774654e-06,0.0006018465147767935,0.0006100622429098216,False,0.0,0.0,0.0,0.0,True,0.47937117875853114,0.0010632985538439345,0.47720256706043257,0.4815397904566297,False
R16_H2048_alpha1_2_L100_cap_base,R16_H2048_alpha1_2,16,2048,1/2,100,cap,base,WHITTLE_K,32,5.361478824615478,0.03881840430221852,5.2823081670734515,5.440649482157505,False,536.1478824615479,3.8818404302218514,528.2308167073452,544.0649482157505,False,5.070639619420735,0.0,5.070639619420735,5.070639619420735,True,29.08392051947433,3.8818404302218514,21.166854765271644,37.000986273677015,False,0.05735749866364363,0.007655524197291127,0.04174395412405531,0.07297104320323196,False,0.29083920519474327,0.038818404302218515,0.21166854765271642,0.3700098627367701,False,0.31929570396552487,0.003298247209087273,0.312568884433052,0.32602252349799776,False,0.2984467408452093,0.00326299680373274,0.29179181498844786,0.3051016667019707,False,0.020848963120315603,7.293767906387623e-05,0.02070020574311588,0.020997720497515325,False,0.001116700961912121,0.0018674656644914146,-0.0026920203715017224,0.004925422295325965,False,-0.02957319973269373,0.03981852935137103,-0.110783625760545,0.05163722629515753,False,0.3268897122144699,4.321511028274645e-06,0.326880898434619,0.3268985259943208,False,0.0012352877855300903,4.321511028273921e-06,0.0012264740056791752,0.0012441015653810053,False,0.0,0.0,0.0,0.0,True,0.0,0.0,0.0,0.0,True,0.0,0.0,0.0,0.0,True,0.0,0.0,0.0,0.0,True,0.0012272143363952636,3.3702611289076722e-06,0.0012203406435049892,0.001234088029285538,False,0.0,0.0,0.0,0.0,True,0.17975658336252778,0.0003983735030876116,0.17894409524629257,0.180569071478763,False
R16_H2048_alpha1_2_L100_cap_base,R16_H2048_alpha1_2,16,2048,1/2,100,cap,base,WHITTLE_P,32,5.430951175689697,0.04117304402120881,5.34697819877937,5.514924152600024,False,543.0951175689697,4.1173044021208804,534.697819877937,551.4924152600024,False,5.070639619420735,0.0,5.070639619420735,5.070639619420735,True,36.0311556268962,4.1173044021208804,27.63385793586354,44.42845331792886,False,0.0710584035372886,0.008119891593856234,0.05449777544833764,0.08761903162623955,False,0.36031155626896205,0.04117304402120881,0.27633857935863543,0.4442845331792887,False,0.3888636607086746,0.003327053623505032,0.3820780901066542,0.395649231310695,False,0.2934448638089159,0.0033361095667191563,0.2866408234889405,0.30024890412889127,False,0.09541879689975868,0.00018777907809891878,0.09503581894502401,0.09580177485449336,False,0.0015139763462731315,0.0019395496152751985,-0.002441761174033616,0.005469713866579878,False,-0.030066080785985688,0.04125113924459502,-0.11419833395450779,0.054066172382536415,False,0.3224714970588684,1.1125790775065298e-05,0.3224488058589809,0.3224941882587559,False,0.005653502941131592,1.112579077506584e-05,0.005630811741244053,0.005676194141019132,False,0.0,0.0,0.0,0.0,True,0.0,0.0,0.0,0.0,True,0.0,0.0,0.0,0.0,True,0.0,0.0,0.0,0.0,True,0.00564580500125885,1.1255090214450754e-05,0.005622850093426073,0.005668759909091627,False,0.34288787841796875,0.0010034630443992616,0.3408413020459546,0.3449344547899829,False,0.18010497438680237,0.00041237916771457963,0.17926392152923473,0.18094602724437,False
R16_H2048_alpha1_2_L100_cap_base,R16_H2048_alpha1_2,16,2048,1/2,100,cap,base,LAGRANGIAN_K,32,5.703057136535644,0.034311507211757124,5.633078356211138,5.773035916860151,False,570.3057136535645,3.431150721175713,563.3078356211139,577.303591686015,False,5.070639619420735,0.0,5.070639619420735,5.070639619420735,True,63.24175171149093,3.431150721175714,56.24387367904033,70.23962974394153,False,0.12472144829475301,0.006766701991666457,0.11092066859499192,0.1385222279945141,False,0.6324175171149093,0.03431150721175713,0.5624387367904033,0.7023962974394153,False,0.6587118410671388,0.006977188675653372,0.644481770945099,0.6729419111891786,False,0.14454098476002658,0.004272071996101419,0.1358280364800042,0.15325393304004897,False,0.5141708563071122,0.009908210395559766,0.4939629279756434,0.534378784638581,False,0.001647404241908914,0.001972055176451008,-0.0023746288074985578,0.005669437291316385,False,-0.027941728194138395,0.0397121039920816,-0.1089350982706813,0.05305164188240451,False,0.29766070425510405,0.0005870551550916638,0.29646339737251826,0.29885801113768984,False,0.030464295744895935,0.0005870551550916632,0.029266988862310158,0.03166160262748171,False,0.0,0.0,0.0,0.0,True,0.0,0.0,0.0,0.0,True,0.0,0.0,0.0,0.0,True,0.0,0.0,0.0,0.0,True,0.030464295744895935,0.0005870551550916632,0.029266988862310158,0.03166160262748171,False,0.3924884796142578,0.005663456704322634,0.3809377835127079,0.4040391757158077,False,0.18062295408949985,0.00039140528463102036,0.17982467774850427,0.18142123043049543,False
R16_H2048_alpha1_2_L100_cap_base,R16_H2048_alpha1_2,16,2048,1/2,100,cap,base,LAGRANGIAN_NI,32,5.368638439178467,0.039298439517845125,5.288488743359426,5.448788134997508,False,536.8638439178467,3.929843951784512,528.8488743359426,544.8788134997508,False,5.070639619420735,0.0,5.070639619420735,5.070639619420735,True,29.799881975773157,3.9298439517845116,21.78491239386905,37.814851557677265,False,0.058769473305968184,0.007750193756095514,0.0429628489282339,0.07457609768370246,False,0.29799881975773157,0.03929843951784512,0.21784912393869046,0.37814851557677265,False,0.3238193379592708,0.003279780148431829,0.3171301822453201,0.33050849367322155,False,0.2965652663061072,0.0032027482806985907,0.29003321812219945,0.3030973144900149,False,0.02725407165316367,0.00017528554379753132,0.0268965744296297,0.02761156887669764,False,0.0015132721047895542,0.001885554455886425,-0.0023323415619034725,0.005358885771482581,False,-0.027333790306328827,0.03991835380176251,-0.10874780964303263,0.05408022903037498,False,0.3265102136135101,1.038555682522699e-05,0.3264890321307168,0.32653139509630347,False,0.001614786386489868,1.0385556825226535e-05,0.0015936049036965045,0.0016359678692832317,False,0.0,0.0,0.0,0.0,True,0.0,0.0,0.0,0.0,True,0.0,0.0,0.0,0.0,True,0.0,0.0,0.0,0.0,True,0.0016066503524780273,9.043461775367317e-06,0.0015882060905851936,0.001625094614370861,False,0.0,0.0,0.0,0.0,True,0.17979545834725616,0.00040212300658202355,0.17897532306822678,0.18061559362628554,False
R16_H2048_alpha1_2_L100_cap_base,R16_H2048_alpha1_2,16,2048,1/2,100,cap,base,LAGRANGIAN_FC,32,5.359658546447754,0.041543605079972776,5.2749298052753675,5.444387287620141,False,535.9658546447754,4.154360507997276,527.4929805275367,544.4387287620141,False,5.070639619420735,0.0,5.070639619420735,5.070639619420735,True,28.90189270270187,4.154360507997276,20.42901858546321,37.374766819940525,False,0.056998514727819666,0.008192971340510818,0.040288839512907446,0.07370818994273189,False,0.2890189270270187,0.04154360507997276,0.20429018585463213,0.3737476681994053,False,0.31723527816027136,0.003275237679489143,0.3105553868728091,0.32391516944773363,False,0.3171095789125681,0.0032657271100538423,0.310449084559352,0.32377007326578416,False,0.00012569924770326768,3.755378471546733e-05,4.9107798812996154e-05,0.0002022906965935392,False,0.0008761230433541458,0.0017186937540525278,-0.002629175978273506,0.004381422064981798,False,-0.029092474176606823,0.04236681731605264,-0.11550016777371637,0.05731521942050273,False,0.3281175523996353,2.2250378252253685e-06,0.328113014405072,0.3281220903941986,False,7.447600364685059e-06,2.2250378252259653e-06,2.9096058013960813e-06,1.1985594927974036e-05,False,0.0,0.0,0.0,0.0,True,0.0,0.0,0.0,0.0,True,0.0,0.0,0.0,0.0,True,0.0,0.0,0.0,0.0,True,0.0,0.0,0.0,0.0,True,0.0,0.0,0.0,0.0,True,0.17961520145871562,0.00042193406473075526,0.17875466126020456,0.18047574165722668,False
R16_H2048_alpha1_2_L100_cap_base,R16_H2048_alpha1_2,16,2048,1/2,100,cap,base,MYOPIC_K,32,9.924974365234375,0.04719224882119562,9.82872513919786,10.02122359127089,False,992.4974365234375,4.719224882119565,982.8725139197861,1002.1223591270889,False,5.070639619420735,0.0,5.070639619420735,5.070639619420735,True,485.43347458136395,4.719224882119565,475.80855197771257,495.05839718501534,False,0.9573416985149882,0.009306961717501595,0.9383600249470471,0.9763233720829293,False,4.85433474581364,0.04719224882119565,4.758085519777127,4.950583971850153,False,4.868545793911156,0.012718257405432563,4.842606736918045,4.894484850904266,False,4.859504079525462,0.012740066727762242,4.8335205421262035,4.8854876169247206,False,0.009041714385693345,2.8855029042460708e-05,0.008982864165965087,0.009100564605421602,False,0.001890670715045685,0.002245824168904006,-0.002689717875676073,0.006471059305767444,False,-0.016101718812561356,0.036228089213839194,-0.08998939390143507,0.05778595627631236,False,0.32758928418159483,1.7096420921071771e-06,0.32758579734355947,0.3275927710196302,False,0.0005357158184051513,1.709642092106505e-06,0.0005322289803697749,0.0005392026564405278,False,0.0,0.0,0.0,0.0,True,0.0,0.0,0.0,0.0,True,0.0,0.0,0.0,0.0,True,0.0,0.0,0.0,0.0,True,0.0005356532335281372,1.6981344129932327e-06,0.0005321898655590491,0.0005391166014972254,False,0.0,0.0,0.0,0.0,True,0.20431206722753953,0.000436533996822819,0.20342175027121023,0.20520238418386882,False
R64_H2048_alpha1_2_L100_cap_base,R64_H2048_alpha1_2,64,2048,1/2,100,cap,base,WHITTLE_K,32,16.962582144737244,0.10154462477422138,16.755480517100942,17.169683772373546,False,1696.2582144737244,10.154462477422136,1675.5480517100941,1716.9683772373546,False,14.799491368593682,0.0,14.799491368593682,14.799491368593682,True,216.30907761435617,10.154462477422136,195.59891485072595,237.0192403779864,False,0.14615980524397637,0.0068613590997938885,0.13216597109939238,0.16015363938856036,False,2.163090776143562,0.10154462477422137,1.9559891485072596,2.370192403779864,False,1.9588158478320365,0.018004851816699908,1.9220947104515023,1.9955369852125708,False,1.904420055470191,0.01785461831761924,1.868005321331131,1.9408347896092513,False,0.054395792361845496,0.00024459744677572936,0.05389693258019217,0.054894652143498826,False,0.0034147495224306178,0.008743197709884768,-0.014417119771381649,0.021246618816242884,False,0.20086017878909468,0.10201970187102175,-0.0072103749742069845,0.4089307325523963,False,0.3271386158466339,4.435399044258276e-06,0.327129569790643,0.3271476619026248,False,0.0009863841533660888,4.435399044257982e-06,0.000977338097375191,0.0009954302093569867,False,0.0,0.0,0.0,0.0,True,2.002716064453125e-07,2.002716064453125e-07,-2.081850278313119e-07,6.087282407219369e-07,False,0.0003117227554321289,0.0003117227554321289,-0.00032403999581943703,0.0009474855066836949,False,0.0,0.0,0.0,0.0,True,0.0009808453917503357,4.12784496285859e-06,0.0009724265964439459,0.0009892641870567255,False,0.0,0.0,0.0,0.0,True,0.6681504170237331,0.0012239367498316678,0.6656541815649127,0.6706466524825535,False
R64_H2048_alpha1_2_L100_cap_base,R64_H2048_alpha1_2,64,2048,1/2,100,cap,base,WHITTLE_P,32,17.185971002578736,0.10186299166360684,16.978220061390644,17.393721943766828,False,1718.5971002578735,10.186299166360682,1697.8220061390643,1739.3721943766827,False,14.799491368593682,0.0,14.799491368593682,14.799491368593682,True,238.64796339850534,10.186299166360682,217.8728692796962,259.4230575173145,False,0.16125416573771265,0.0068828711154068755,0.14721645754802687,0.17529187392739842,False,2.3864796339850534,0.10186299166360682,2.178728692796962,2.5942305751731447,False,2.1864857442985217,0.015419429142113118,2.155037611227425,2.2179338773696182,False,1.883700650949066,0.015441765604310374,1.8522069623629733,1.9151943395351585,False,0.3027850933494558,0.0008420717383593585,0.3010676767162415,0.3045025099826701,False,0.005903778409236994,0.008554357685146062,-0.011542949114902851,0.023350505933376838,False,0.19409011127729484,0.10261546610961444,-0.01519551166149874,0.4033757342160884,False,0.32263445734977725,1.526967772047301e-05,0.3226033146367442,0.3226656000628103,False,0.0054905426502227786,1.526967772047224e-05,0.005459399937189736,0.005521685363255821,False,0.0,0.0,0.0,0.0,True,2.002716064453125e-07,2.002716064453125e-07,-2.081850278313119e-07,6.087282407219369e-07,False,0.0003117227554321289,0.0003117227554321289,-0.00032403999581943703,0.0009474855066836949,False,0.0,0.0,0.0,0.0,True,0.005485895723104477,1.5270316484409807e-05,0.005454751707303794,0.005517039738905159,False,0.3555030822753906,0.0012726334017188264,0.3529075293402519,0.35809863521052937,False,0.6693523443376943,0.0012033592340371276,0.6668980769990303,0.6718066116763584,False
R64_H2048_alpha1_2_L100_cap_base,R64_H2048_alpha1_2,64,2048,1/2,100,cap,base,LAGRANGIAN_K,32,17.333878355026247,0.09761842888245445,17.13478425670439,17.532972453348105,False,1733.3878355026245,9.761842888245452,1713.4784256704388,1753.2972453348102,False,14.799491368593682,0.0,14.799491368593682,14.799491368593682,True,253.43869864325632,9.761842888245452,233.52928881107056,273.3481084754421,False,0.17124824923448656,0.006596066476285306,0.1577954829627781,0.18470101550619503,False,2.534386986432563,0.09761842888245453,2.335292888110706,2.7334810847544206,False,2.3327915361881826,0.02083446286373489,2.2902993690291487,2.3752837033472165,False,0.7296557511489411,0.015036333896939478,0.698988945981627,0.7603225563162552,False,1.6031357850392414,0.024200323162199895,1.5537789005427962,1.6524926695356865,False,0.0026172251559006443,0.008699104421469784,-0.015124715283293427,0.020359165595094715,False,0.19897822508848018,0.10172015202309029,-0.008481392732099274,0.4064378429090596,False,0.29905459463596346,0.0004388356936643479,0.2981595833379763,0.2999496059339506,False,0.029070405364036562,0.0004388356936643476,0.02817539406604943,0.029965416662023694,False,0.0,0.0,0.0,0.0,True,2.002716064453125e-07,2.002716064453125e-07,-2.081850278313119e-07,6.087282407219369e-07,False,0.0003117227554321289,0.0003117227554321289,-0.00032403999581943703,0.0009474855066836949,False,0.0,0.0,0.0,0.0,True,0.029070405364036562,0.0004388356936643476,0.02817539406604943,0.029965416662023694,False,0.37239551544189453,0.004190798451237424,0.36384832564945857,0.3809427052343305,False,0.6684135192715513,0.0012133272267463612,0.6659389220777233,0.6708881164653794,False
R64_H2048_alpha1_2_L100_cap_base,R64_H2048_alpha1_2,64,2048,1/2,100,cap,base,LAGRANGIAN_NI,32,16.97070390224457,0.10061524360358247,16.765497760002614,17.175910044486525,False,1697.0703902244568,10.061524360358247,1676.549776000261,1717.5910044486525,False,14.799491368593682,0.0,14.799491368593682,14.799491368593682,True,217.1212533650886,10.061524360358247,196.60063914089292,237.64186758928426,False,0.14670859150325008,0.00679856091656638,0.13284283509776787,0.1605743479087323,False,2.171212533650886,0.10061524360358247,1.9660063914089292,2.3764186758928423,False,1.9663452037119615,0.017954627473456063,1.9297264995548096,2.0029639078691135,False,1.8673421074385077,0.017285969456295555,1.8320871402983954,1.90259707457862,False,0.09900309627345387,0.0009121327368428583,0.09714278929176451,0.10086340325514323,False,0.0023096503814578656,0.008677226683992824,-0.015387670117975216,0.020006970880890946,False,0.20255767955746662,0.10119739442326674,-0.0038357671090667733,0.408951126224,False,0.3263297308981419,1.654012632821388e-05,0.3262959970880904,0.3263634647081934,False,0.001795269101858139,1.654012632821425e-05,0.0017615352918066507,0.0018290029119096274,False,0.0,0.0,0.0,0.0,True,2.002716064453125e-07,2.002716064453125e-07,-2.081850278313119e-07,6.087282407219369e-07,False,0.0003117227554321289,0.0003117227554321289,-0.00032403999581943703,0.0009474855066836949,False,0.0,0.0,0.0,0.0,True,0.0017893548309803008,1.6145766290875828e-05,0.0017564253235276856,0.001822284338432916,False,0.0,0.0,0.0,0.0,True,0.668172148453952,0.0012129073033932114,0.6656984076994491,0.6706458892084549,False
R64_H2048_alpha1_2_L100_cap_base,R64_H2048_alpha1_2,64,2048,1/2,100,cap,base,LAGRANGIAN_FC,32,16.95636968612671,0.1125291350028334,16.726865002177075,17.185874370076345,False,1695.636968612671,11.252913500283336,1672.6865002177074,1718.5874370076344,False,14.799491368593682,0.0,14.799491368593682,14.799491368593682,True,215.6878317533027,11.252913500283336,192.73736335833917,238.63830014826624,False,0.1457400301006415,0.007603581244801011,0.1302324239111023,0.16124763629018068,False,2.1568783175330273,0.11252913500283335,1.927373633583392,2.386383001482663,False,1.9445689719846557,0.018457262847554827,1.9069251362233948,1.9822128077459167,False,1.9442410940209571,0.01845160172654216,1.9066088041921232,1.981873383849791,False,0.0003278779636984774,4.638344598859585e-05,0.0002332783019145346,0.0004224776254824202,False,0.002570130856503115,0.00834686391741928,-0.014453410338314508,0.01959367205132074,False,0.20973921469186843,0.11249360776836918,-0.019693010985363968,0.43917144036910083,False,0.32811905443668365,8.410925572572177e-07,0.32811733901710344,0.32812076985626387,False,5.945563316345215e-06,8.410925572573202e-07,4.2301437361549695e-06,7.660982896535461e-06,False,0.0,0.0,0.0,0.0,True,2.002716064453125e-07,2.002716064453125e-07,-2.081850278313119e-07,6.087282407219369e-07,False,0.0003117227554321289,0.0003117227554321289,-0.00032403999581943703,0.0009474855066836949,False,0.0,0.0,0.0,0.0,True,0.0,0.0,0.0,0.0,True,0.0,0.0,0.0,0.0,True,0.6682372088438264,0.0013304459079432212,0.6655237465248731,0.6709506711627797,False
R64_H2048_alpha1_2_L100_cap_base,R64_H2048_alpha1_2,64,2048,1/2,100,cap,base,MYOPIC_K,32,38.29439610481262,0.17290739692435136,37.941749143804,38.64704306582124,False,3829.439610481262,17.290739692435142,3794.1749143804004,3864.704306582124,False,14.799491368593682,0.0,14.799491368593682,14.799491368593682,True,2349.490473621894,17.290739692435142,2314.2257775210323,2384.755169722756,False,1.587548122503587,0.011683333745596282,1.5637198062307065,1.6113764387764675,False,23.494904736218942,0.1729073969243514,23.142257775210325,23.84755169722756,False,23.448222500576613,0.05665512303050181,23.33267361534866,23.563771385804564,False,23.420794522814095,0.05672525618615653,23.305102600072146,23.536486445556044,False,0.027427977762516577,7.975932503446659e-05,0.02726530754663328,0.027590647978399874,False,0.00028413179395912107,0.01042589395017577,-0.020979619108127325,0.021547882696045566,False,0.04639810384836952,0.12299089209785281,-0.20444347436949106,0.2972396820662301,False,0.3276276357471943,1.4463128650431777e-06,0.3276246859726583,0.32763058552173024,False,0.0004973642528057099,1.4463128650435172e-06,0.0004944144782697576,0.0005003140273416622,False,0.0,0.0,0.0,0.0,True,3.85284423828125e-06,2.2468513619491217e-06,-7.296393264680665e-07,8.435327803030566e-06,False,0.006477499008178711,0.003850587806597262,-0.001375826599906458,0.01433082461626388,False,0.0,0.0,0.0,0.0,True,0.0004973016679286957,1.4401464238426749e-06,0.0004943644699324888,0.0005002388659249025,False,0.0,0.0,0.0,0.0,True,0.775101798998398,0.0015483755502809602,0.7719438662435286,0.7782597317532675,False
R64_H2048_alpha1_4_L100_cap_base,R64_H2048_alpha1_4,64,2048,1/4,100,cap,base,WHITTLE_K,32,36.60065809726715,0.22437545287184324,36.143041344093746,37.058274850440554,False,3660.065809726715,22.437545287184317,3614.3041344093745,3705.8274850440557,False,34.95566345808105,0.0,34.95566345808105,34.95566345808105,True,164.49946391861005,22.437545287184317,118.73778860126927,210.26113923595082,False,0.047059459797087914,0.006418858367283315,0.0339681118464995,0.06015080774767633,False,1.6449946391861003,0.22437545287184318,1.1873778860126927,2.102611392359508,False,1.605455842269688,0.02271945731228037,1.5591192035864632,1.651792480952913,False,1.3094991105288547,0.022436114859414852,1.2637403525881838,1.3552578684695256,False,0.29595673174083326,0.0011969320273517634,0.2935155727766268,0.2983978907050397,False,-0.0035268144367171074,0.01979919896670678,-0.04390754695719346,0.03685391808375924,False,0.04306561135312946,0.21667200564427572,-0.3988398576160493,0.48497108032230823,False,0.16269668072462082,5.523756208077089e-06,0.16268541494955982,0.16270794649968182,False,0.001365819275379181,5.523756208077377e-06,0.0013545535003181915,0.0013770850504401704,False,0.0,0.0,0.0,0.0,True,3.600120544433594e-06,2.248207476543237e-06,-9.85128834265275e-07,8.185369923132464e-06,False,0.0060838890075683594,0.003854038751908821,-0.0017764748498825117,0.01394425286501923,False,0.0,0.0,0.0,0.0,True,0.001365819275379181,5.523756208077377e-06,0.0013545535003181915,0.0013770850504401704,False,0.0,0.0,0.0,0.0,True,1.406782453406789,0.0018196845485762686,1.4030711823017679,1.41049372451181,False
R64_H2048_alpha1_4_L100_cap_base,R64_H2048_alpha1_4,64,2048,1/4,100,cap,base,WHITTLE_P,32,37.70657274246216,0.21172468187682025,37.27475740684038,38.138388078083935,False,3770.657274246216,21.172468187682018,3727.475740684038,3813.8388078083935,False,34.95566345808105,0.0,34.95566345808105,34.95566345808105,True,275.0909284381108,21.172468187682018,231.90939487593312,318.27246200028844,False,0.07869709833086153,0.006056949316116432,0.06634386875650053,0.09105032790522252,False,2.7509092843811076,0.21172468187682017,2.319093948759331,3.182724620002884,False,2.589476305413542,0.022472994301594863,2.5436423313546492,2.6353102794724346,False,1.3252674988794415,0.02237838190987735,1.2796264880656525,1.3709085096932305,False,1.2642088065341004,0.004452296484630898,1.2551282879863521,1.2732893250818487,False,0.004876467085289942,0.021452306704303536,-0.03887580089435694,0.048628735064936826,False,0.15655651188227593,0.19995233937605314,-0.25124897291360243,0.5643619966781543,False,0.15822826623916625,2.0547031732114662e-05,0.15818636029166508,0.15827017218666742,False,0.00583423376083374,2.0547031732114666e-05,0.005792327813332558,0.005876139708334922,False,0.0,0.0,0.0,0.0,True,3.600120544433594e-06,2.248207476543237e-06,-9.85128834265275e-07,8.185369923132464e-06,False,0.0060838890075683594,0.003854038751908821,-0.0017764748498825117,0.01394425286501923,False,0.0,0.0,0.0,0.0,True,0.00583423376083374,2.0547031732114666e-05,0.005792327813332558,0.005876139708334922,False,0.34497928619384766,0.0018134642378691407,0.3412807014961545,0.3486778708915408,False,1.4096461390472972,0.0017045384387393094,1.4061697099815889,1.4131225681130055,False
R64_H2048_alpha1_4_L100_cap_base,R64_H2048_alpha1_4,64,2048,1/4,100,cap,base,LAGRANGIAN_K,32,40.337802901268006,0.1676574362196412,39.9958633057097,40.679742496826314,False,4033.7802901268005,16.765743621964134,3999.58633057097,4067.974249682631,False,34.95566345808105,0.0,34.95566345808105,34.95566345808105,True,538.2139443186954,16.765743621964127,504.0199847628648,572.4079038745261,False,0.15397045602184706,0.004796288201501216,0.14418836174209287,0.16375255030160124,False,5.382139443186955,0.16765743621964133,5.0401998476286485,5.724079038745262,False,5.279249059197176,0.051255061778273714,5.174713671504509,5.383784446889844,False,0.8905355597173015,0.018414488886018165,0.8529789620257502,0.9280921574088528,False,4.388713499479874,0.058779668485252144,4.26883157522948,4.508595423730269,False,-0.00016823767848516788,0.01952370257252531,-0.039987091598594676,0.039650616241624345,False,0.1030586216682639,0.20455167790473355,-0.3141272759013872,0.520244519237915,False,0.14380889922380446,0.0002712639910075035,0.14325565266662152,0.1443621457809874,False,0.020253600776195525,0.00027126399100750376,0.019700354219012565,0.020806847333378484,False,0.0,0.0,0.0,0.0,True,3.848075866699219e-06,2.2490725083521417e-06,-7.389377560054718e-07,8.43508948940391e-06,False,0.006471071243286133,0.0038537711770435545,-0.0013887468916291106,0.014330889378201376,False,0.0,0.0,0.0,0.0,True,0.020253600776195525,0.00027126399100750376,0.019700354219012565,0.020806847333378484,False,0.37261199951171875,0.0044197794778393995,0.3635977998365584,0.3816261991868791,False,1.4146481661943344,0.0016190764529320605,1.4113460379978358,1.417950294390833,False
R64_H2048_alpha1_4_L100_cap_base,R64_H2048_alpha1_4,64,2048,1/4,100,cap,base,LAGRANGIAN_NI,32,36.679688544273375,0.22528003270150948,36.22022688837402,37.13915020017273,False,3667.9688544273376,22.528003270150943,3622.0226888374027,3713.9150200172726,False,34.95566345808105,0.0,34.95566345808105,34.95566345808105,True,172.4025086192326,22.528003270150943,126.4563430292975,218.3486742091677,False,0.04932033655318208,0.006444736286343585,0.036176210238705486,0.06246446286765868,False,1.724025086192326,0.22528003270150943,1.2645634302929751,2.1834867420916773,False,1.7004371738007826,0.01955608314156551,1.6605522792747136,1.7403220683268517,False,1.289744834884492,0.019665204516893447,1.2496373858461525,1.3298522839228315,False,0.4106923389162906,0.0014654835497955627,0.4077034655110098,0.4136812123215714,False,-0.006904877631035194,0.020417583350161472,-0.048546813416608936,0.03473705815453855,False,0.030492790022578462,0.21820918977917675,-0.4145477866593182,0.47553336670447516,False,0.16216718405485153,6.763102390975696e-06,0.1621533906165858,0.16218097749311727,False,0.001895315945148468,6.763102390976045e-06,0.0018815225068827166,0.0019091093834142194,False,0.0,0.0,0.0,0.0,True,3.600120544433594e-06,2.248207476543237e-06,-9.85128834265275e-07,8.185369923132464e-06,False,0.0060838890075683594,0.003854038751908821,-0.0017764748498825117,0.01394425286501923,False,0.0,0.0,0.0,0.0,True,0.001895315945148468,6.763102390976045e-06,0.0018815225068827166,0.0019091093834142194,False,0.0,0.0,0.0,0.0,True,1.4068162729242892,0.0018784302585071859,1.402985189153946,1.4106473566946325,False
R64_H2048_alpha1_4_L100_cap_base,R64_H2048_alpha1_4,64,2048,1/4,100,cap,base,LAGRANGIAN_FC,32,36.39892416954041,0.20244854078153338,35.98602764841314,36.81182069066767,False,3639.8924169540405,20.244854078153335,3598.6027648413137,3681.1820690667673,False,34.95566345808105,0.0,34.95566345808105,34.95566345808105,True,144.3260711459355,20.244854078153338,103.0364190332086,185.61572325866237,False,0.041288322654499686,0.005791580555302873,0.029476316236071498,0.053100329072927874,False,1.4432607114593548,0.20244854078153338,1.0303641903320857,1.8561572325866238,False,1.5027072978182274,0.019463049900555973,1.4630121458381593,1.5424024497982955,False,1.5027072978182274,0.019463049900555973,1.4630121458381593,1.5424024497982955,False,0.0,0.0,0.0,0.0,True,-0.0234533743048821,0.02159764998886016,-0.06750207186772564,0.020595323257961432,False,-0.03599321205399055,0.20382971409001285,-0.45170665471570715,0.3797202306077261,False,0.1640625,0.0,0.1640625,0.1640625,True,0.0,0.0,0.0,0.0,True,0.0,0.0,0.0,0.0,True,3.600120544433594e-06,2.248207476543237e-06,-9.85128834265275e-07,8.185369923132464e-06,False,0.0060838890075683594,0.003854038751908821,-0.0017764748498825117,0.01394425286501923,False,0.0,0.0,0.0,0.0,True,0.0,0.0,0.0,0.0,True,0.0,0.0,0.0,0.0,True,1.4056466751351422,0.0016565376073328195,1.4022681444105256,1.4090252058597588,False
R64_H2048_alpha1_4_L100_cap_base,R64_H2048_alpha1_4,64,2048,1/4,100,cap,base,MYOPIC_K,32,63.068914713859556,0.21008492303779672,62.640443688438815,63.4973857392803,False,6306.891471385956,21.00849230377969,6264.044368843882,6349.73857392803,False,34.95566345808105,0.0,34.95566345808105,34.95566345808105,True,2811.325125577851,21.00849230377969,2768.478023035777,2854.172228119925,False,0.8042545463195688,0.006010039640349881,0.7919969896596998,0.8165121029794379,False,28.113251255778508,0.2100849230377969,27.684780230357767,28.54172228119925,False,28.045833313470162,0.0381669429892927,27.967991320035654,28.12367530690467,False,28.002478112597913,0.03819296435510794,27.92458304823793,28.080373176957895,False,0.043355200872249505,0.0001651506967139921,0.043018373805619584,0.04369202793887943,False,-0.010292420584777393,0.019733024032998647,-0.05053818843814162,0.029953347268586828,False,0.0777103628931214,0.19515892593810427,-0.32031889074192305,0.4757396165281658,False,0.16386241883039473,7.621587236333985e-07,0.16386086439742958,0.16386397326335989,False,0.00020008116960525512,7.621587236332833e-07,0.00019852673664011672,0.00020163560257039351,False,5.769729614257812e-07,4.2993464175768626e-07,-2.9988452151064255e-07,1.4538304443622051e-06,False,1.5964508056640627e-05,5.2541237521315484e-06,5.248652015137585e-06,2.668036409814367e-05,False,0.02718484401702881,0.009259989099703273,0.008298971734699814,0.0460707162993578,False,1.9578933715820314e-05,1.6463161449319488e-05,-1.399790543026176e-05,5.315577286190239e-05,False,0.00020008116960525512,7.621587236332833e-07,0.00019852673664011672,0.00020163560257039351,False,0.0,0.0,0.0,0.0,True,1.4544151644284034,0.001884296202147348,1.4505721169871302,1.4582582118696765,False
R1_H2048_alpha1_2_L50_zero_base,R1_H2048_alpha1_2,1,2048,1/2,50,zero,base,WHITTLE_K,32,1.1451267623901367,0.0015956953177720446,1.1418723203331889,1.1483812044470845,False,57.256338119506836,0.07978476588860217,57.09361601665944,57.41906022235423,False,1.10285446261056,0.0,1.10285446261056,1.10285446261056,True,2.1136149889788274,0.07978476588860217,1.9508928861314339,2.276337091826221,False,0.038329898651825775,0.0014468775091093003,0.035378972516708816,0.041280824786942734,False,0.04227229977957655,0.0015956953177720431,0.039017857722628675,0.04552674183652442,False,0.04223835611305043,0.00013353649301285785,0.04196600663996609,0.04251070558613477,False,0.03217623829380606,0.0001272341683636521,0.031916742496587325,0.03243573409102479,False,0.010062117819244366,1.1472553506365395e-05,0.01003871939210363,0.0100855162463851,False,-9.082082430071291e-05,3.709652990272065e-05,-0.00016647969585195812,-1.5161952749467698e-05,False,0.0001247644908268347,0.0015219427852510188,-0.0029792582843386193,0.003228787265992289,False,0.3250628185272217,3.4914161634498397e-06,0.3250556977370094,0.325069939317434,False,0.00306218147277832,3.4914161634501955e-06,0.0030550606825659977,0.0030693022629906426,False,0.0,0.0,0.0,0.0,True,0.0,0.0,0.0,0.0,True,0.0,0.0,0.0,0.0,True,0.0,0.0,0.0,0.0,True,0.0030524182319641114,3.5304147296181224e-06,0.0030452179036516993,0.0030596185602765236,False,0.0,0.0,0.0,0.0,True,0.009033990757271097,2.4039347725224604e-06,0.009029087899978278,0.009038893614563916,False
R1_H2048_alpha1_2_L50_zero_base,R1_H2048_alpha1_2,1,2048,1/2,50,zero,base,WHITTLE_P,32,1.1770250701904297,0.0016151589118992805,1.173730931871544,1.1803192085093153,False,58.851253509521484,0.08075794559496396,58.686546593577205,59.015960425465764,False,1.10285446261056,0.0,1.10285446261056,1.10285446261056,True,3.708530378993476,0.08075794559496395,3.5438234630491974,3.8732372949377543,False,0.06725330503201729,0.0014645258886435899,0.06426638478953305,0.07024022527450154,False,0.07417060757986951,0.0016151589118992792,0.07087646926098394,0.07746474589875509,False,0.07428555637861634,0.00015427084679139454,0.07397091891219833,0.07460019384503434,False,0.03395157012073306,0.00016094497043960421,0.03362332068939162,0.03427981955207451,False,0.04033398625788327,4.470786170827348e-05,0.040242803972769615,0.04042516854299693,False,-8.498846081025559e-05,3.733609537225515e-05,-0.00016113592935790869,-8.840992262602505e-06,False,-2.9960337936565624e-05,0.001526847348809823,-0.003143986036428907,0.0030840653605557753,False,0.3158502495288849,1.36058420573025e-05,0.3158225002310595,0.3158779988267103,False,0.012274750471115111,1.3605842057302739e-05,0.012247001173289697,0.012302499768940526,False,0.0,0.0,0.0,0.0,True,0.0,0.0,0.0,0.0,True,0.0,0.0,0.0,0.0,True,0.0,0.0,0.0,0.0,True,0.012267615795135498,1.3550025063261439e-05,0.012239980336819969,0.012295251253451028,False,0.33282470703125,0.0005985597596914071,0.3316039363528876,0.3340454777096124,False,0.009115135275431186,2.451417066873294e-06,0.009110135577360573,0.0091201349735018,False
R1_H2048_alpha1_2_L50_zero_base,R1_H2048_alpha1_2,1,2048,1/2,50,zero,base,LAGRANGIAN_K,32,1.2653706741333008,0.0012388628904545333,1.2628439966099774,1.2678973516566243,False,63.26853370666504,0.061943144522726576,63.14219983049886,63.39486758283122,False,1.10285446261056,0.0,1.10285446261056,1.10285446261056,True,8.125810576137031,0.061943144522726624,7.999476699970854,8.252144452303208,False,0.14735961727719674,0.0011233240037148932,0.14506858286696037,0.1496506516874331,False,0.16251621152274062,0.0012388628904545314,0.1599895339994171,0.16504288904606415,False,0.16245940490553518,0.00042141628386228793,0.16159992072806764,0.1633188890830027,False,0.031187563455912275,0.00014711969487452134,0.03088751085998595,0.0314876160518386,False,0.1312718414496229,0.00047094187772759964,0.1303113491575263,0.1322323337417195,False,-9.343546282283361e-05,3.690285751880207e-05,-0.00016869933694288122,-1.8171588702785995e-05,False,0.000150242080028277,0.001490476338686269,-0.0028896044542580557,0.00319008861431461,False,0.28817533850669863,0.0001433206725103908,0.2878830340679671,0.28846764294543015,False,0.03994966149330139,0.00014332067251039088,0.039657357054569874,0.04024196593203291,False,0.0,0.0,0.0,0.0,True,0.0,0.0,0.0,0.0,True,0.0,0.0,0.0,0.0,True,0.0,0.0,0.0,0.0,True,0.039949411153793336,0.00014339911868808575,0.03965694672302759,0.040241875584559085,False,0.35855865478515625,0.001220742348071574,0.35606893435167875,0.36104837521863375,False,0.00915567448247918,2.0788757135601543e-06,0.009151434587507988,0.009159914377450373,False
R1_H2048_alpha1_2_L50_zero_base,R1_H2048_alpha1_2,1,2048,1/2,50,zero,base,LAGRANGIAN_NI,32,1.1500141143798828,0.0015424993551210152,1.1468681662040556,1.15316006255571,False,57.50070571899414,0.07712496775605071,57.34340831020278,57.6580031277855,False,1.10285446261056,0.0,1.10285446261056,1.10285446261056,True,2.357982588466132,0.07712496775605071,2.2006851796747773,2.515279997257487,False,0.04276144619997394,0.001398642710725197,0.03990889558474558,0.045613996815202305,False,0.04715965176932264,0.0015424993551210139,0.04401370359349554,0.050305599945149736,False,0.046988950341868035,0.00013964157762188644,0.04670414946663219,0.04727375121710388,False,0.03177397029060369,0.0001368280998475837,0.03149490754111967,0.03205303304008771,False,0.015214980051264343,1.6858565754160696e-05,0.015180596779721774,0.015249363322806912,False,-8.20190292973611e-05,3.7526904544400814e-05,-0.00015855565571730104,-5.482402877421161e-06,False,0.0002527204567519658,0.0014836046997720545,-0.0027731112775700455,0.003278552191073977,False,0.3234946596622467,5.130529043425523e-06,0.3234841958792755,0.3235051234452179,False,0.004630340337753296,5.130529043425833e-06,0.0046198765547821015,0.00464080412072449,False,0.0,0.0,0.0,0.0,True,0.0,0.0,0.0,0.0,True,0.0,0.0,0.0,0.0,True,0.0,0.0,0.0,0.0,True,0.004620952606201172,4.9393778509241405e-06,0.00461087867865738,0.004631026533744964,False,0.0,0.0,0.0,0.0,True,0.00907780710743753,2.294574681229549e-06,0.009073127291521401,0.009082486923353658,False
R1_H2048_alpha1_2_L50_zero_base,R1_H2048_alpha1_2,1,2048,1/2,50,zero,base,LAGRANGIAN_FC,32,1.1413545608520508,0.0016444335047665676,1.1380007166073747,1.1447084050967269,False,57.06772804260254,0.0822216752383285,56.90003583036873,57.23542025483635,False,1.10285446261056,0.0,1.10285446261056,1.10285446261056,True,1.9250049120745305,0.0822216752383285,1.757312699840721,2.09269712430834,False,0.03490950034364213,0.0014910702731111424,0.031868442472109994,0.03795055821517427,False,0.03850009824149061,0.00164443350476657,0.03514625399681442,0.0418539424861668,False,0.03871985214056079,0.00015922028866438752,0.03839512022089066,0.039044584060230925,False,0.03869064989684073,0.00015787608888859935,0.038368659490687955,0.0390126403029935,False,2.920224372006971e-05,4.209380355176901e-06,2.061715588468953e-05,3.7787331555449886e-05,False,-9.968357675541194e-05,3.344258780284224e-05,-0.0001678901842616012,-3.147696924922269e-05,False,-0.00012007032231477182,0.0015378949421625933,-0.0032566277360004075,0.0030164870913708636,False,0.32811611294746396,1.2810311672993319e-06,0.328113500267173,0.3281187256277549,False,8.887052536010742e-06,1.2810311673002975e-06,6.274372245048899e-06,1.1499732826972585e-05,False,0.0,0.0,0.0,0.0,True,0.0,0.0,0.0,0.0,True,0.0,0.0,0.0,0.0,True,0.0,0.0,0.0,0.0,True,0.0,0.0,0.0,0.0,True,0.0,0.0,0.0,0.0,True,0.008940962573167507,2.35873877766247e-06,0.008936151893713927,0.008945773252621086,False
R1_H2048_alpha1_2_L50_zero_base,R1_H2048_alpha1_2,1,2048,1/2,50,zero,base,MYOPIC_K,32,1.143027114868164,0.0016481801338959722,1.1396656293229999,1.1463886004133284,False,57.1513557434082,0.08240900669479853,56.98328146614999,57.31943002066642,False,1.10285446261056,0.0,1.10285446261056,1.10285446261056,True,2.0086326128801946,0.08240900669479853,1.8405583356219815,2.1767068901384077,False,0.03642606855170305,0.001494467483945772,0.03337808202299344,0.039474055080412664,False,0.04017265225760389,0.0016481801338959704,0.03681116671243963,0.04353413780276816,False,0.039284410177622936,0.00013774612694191667,0.03900347509953587,0.039565345255710004,False,0.034108632704052,0.00013483815615751926,0.033833628471481435,0.03438363693662256,False,0.005175777473570939,1.0833372571220014e-05,0.005153682664542114,0.005197872282599764,False,-8.542872043035157e-05,3.4987654255829576e-05,-0.0001567865117429845,-1.407092911771864e-05,False,0.0009736708004113046,0.0015550109826926322,-0.0021977950080844114,0.00414513660890702,False,0.3265498673915863,3.296895680534265e-06,0.3265431433285145,0.32655659145465815,False,0.0015751326084136963,3.2968956805343793e-06,0.0015684085453418802,0.0015818566714855123,False,0.0,0.0,0.0,0.0,True,0.0,0.0,0.0,0.0,True,0.0,0.0,0.0,0.0,True,0.0,0.0,0.0,0.0,True,0.0015664958953857421,2.8982099156376846e-06,0.0015605849572923197,0.0015724068334791645,False,0.0,0.0,0.0,0.0,True,0.008987495132115744,2.4120103857403507e-06,0.008982575804501179,0.008992414459730308,False
R1_H2048_alpha1_2_L200_zero_base,R1_H2048_alpha1_2,1,2048,1/2,200,zero,base,WHITTLE_K,32,1.1144976902008057,0.00078503401280062,1.1128966027758203,1.1160987776257911,False,222.89953804016113,0.15700680256012417,222.57932055516406,223.2197555251582,False,1.10285446261056,0.0,1.10285446261056,1.10285446261056,True,2.3286455180490986,0.15700680256012417,2.0084280330520192,2.648863003046178,False,0.010557356373827311,0.0007118201353081273,0.009105589636450676,0.012009123111203947,False,0.011643227590245492,0.0007850340128006208,0.010042140165260095,0.013244315015230889,False,0.012664111048164606,4.709627725303046e-05,0.012568057557431837,0.012760164538897376,False,0.009817253641189959,4.7084481189904456e-05,0.00972122420868655,0.009913283073693368,False,0.0028468574069746466,3.2575980263922624e-06,0.0028402134919968654,0.002853501321952428,False,-4.59626179520695e-06,1.583757088541709e-05,-3.689720057427137e-05,2.770467698385747e-05,False,-0.0010162871961239062,0.0007441640615794124,-0.0025340198060400825,0.0005014454137922701,False,0.32725862234830855,9.913774119303607e-07,0.32725660042074645,0.32726064427587065,False,0.0008663776516914368,9.913774119300382e-07,0.0008643557241293518,0.0008683995792535218,False,0.0,0.0,0.0,0.0,True,0.0,0.0,0.0,0.0,True,0.0,0.0,0.0,0.0,True,0.0,0.0,0.0,0.0,True,0.0008663776516914368,9.913774119300382e-07,0.0008643557241293518,0.0008683995792535218,False,0.0,0.0,0.0,0.0,True,0.004527175688896611,5.946157181479929e-07,0.00452596296214401,0.0045283884156492125,False
R1_H2048_alpha1_2_L200_zero_base,R1_H2048_alpha1_2,1,2048,1/2,200,zero,base,WHITTLE_P,32,1.127255039215088,0.0007740858117508138,1.1256762807933576,1.1288337976368183,False,225.45100784301758,0.15481716235016305,225.1352561586715,225.76675952736366,False,1.10285446261056,0.0,1.10285446261056,1.10285446261056,True,4.880115320905544,0.15481716235016305,4.564363636559451,5.195867005251637,False,0.022124928929216338,0.0007018929858781923,0.020693408746586442,0.023556449111846234,False,0.02440057660452772,0.0007740858117508153,0.022821818182797254,0.025979335026258186,False,0.025172645652961022,5.261589044814235e-05,0.025065334836897917,0.025279956469024128,False,0.009537890692849379,4.928332049860786e-05,0.009437376698009405,0.009638404687689353,False,0.015634754960111644,1.2939652672494908e-05,0.01560836436449439,0.015661145555728895,False,-1.3820954777176832e-05,1.7257775537785238e-05,-4.9018420041380825e-05,2.1376510487027165e-05,False,-0.0007582480936561267,0.000729282298725994,-0.0022456291481266735,0.0007291329608144202,False,0.3233669105172157,3.937895122050854e-06,0.3233588791271638,0.3233749419072676,False,0.004758089482784271,3.93789512205056e-06,0.00475005809273235,0.004766120872836192,False,0.0,0.0,0.0,0.0,True,0.0,0.0,0.0,0.0,True,0.0,0.0,0.0,0.0,True,0.0,0.0,0.0,0.0,True,0.004758089482784271,3.93789512205056e-06,0.00475005809273235,0.004766120872836192,False,0.3544158935546875,0.0007055277344897224,0.3529769602533901,0.3558548268559849,False,0.004537115543783077,5.636709160904074e-07,0.004535965929370368,0.004538265158195786,False
R1_H2048_alpha1_2_L200_zero_base,R1_H2048_alpha1_2,1,2048,1/2,200,zero,base,LAGRANGIAN_K,32,1.1849426078796386,0.0005797840449774189,1.183760130523901,1.1861250852353762,False,236.98852157592773,0.11595680899548351,236.7520261047802,237.22501704707526,False,1.10285446261056,0.0,1.10285446261056,1.10285446261056,True,16.4176290538157,0.1159568089954834,16.18113358266819,16.65412452496321,False,0.07443243696431907,0.0005257121992370725,0.07336023986504044,0.07550463406359771,False,0.0820881452690785,0.0005797840449774177,0.08090566791334096,0.08327062262481603,False,0.08225427892702245,0.00022210519808569883,0.08180129238901213,0.08270726546503276,False,0.010774287087321121,4.9440028756701536e-05,0.010673453483881603,0.01087512069076064,False,0.07147999183970133,0.00025237258669372865,0.07096527455563763,0.07199470912376503,False,-1.2502038205441797e-05,1.6727691647975432e-05,-4.661839024866058e-05,2.1614313837776988e-05,False,-0.00015363161973850636,0.0007507396752299612,-0.0016847752821132847,0.001377512042636272,False,0.30637165635824204,7.680397636893463e-05,0.30621501361570086,0.3065282991007832,False,0.021753343641757964,7.68039763689343e-05,0.021596700899216812,0.021909986384299116,False,0.0,0.0,0.0,0.0,True,0.0,0.0,0.0,0.0,True,0.0,0.0,0.0,0.0,True,0.0,0.0,0.0,0.0,True,0.021753343641757964,7.68039763689343e-05,0.021596700899216812,0.021909986384299116,False,0.40761756896972656,0.001247842218889187,0.4050725779853209,0.4101625599541322,False,0.004548448674685375,5.231599889415513e-07,0.004547381682853313,0.004549515666517438,False
R1_H2048_alpha1_2_L200_zero_base,R1_H2048_alpha1_2,1,2048,1/2,200,zero,base,LAGRANGIAN_NI,32,1.1202890586853027,0.0007680241094638768,1.1187226631868945,1.121855454183711,False,224.05781173706055,0.15360482189277552,223.7445326373789,224.37109083674218,False,1.10285446261056,0.0,1.10285446261056,1.10285446261056,True,3.4869192149485126,0.15360482189277552,3.1736401152668714,3.800198314630154,False,0.015808609989638376,0.000696396610343211,0.014388299738818517,0.017228920240458235,False,0.017434596074742563,0.0007680241094638777,0.015868200576334358,0.019000991573150768,False,0.018199704904790337,4.681228532916286e-05,0.018104230619404964,0.01829517919017571,False,0.009129872863880685,4.627868697379008e-05,0.00903548685951607,0.0092242588682453,False,0.009069832040909654,5.4899870148051265e-06,0.009058635138572418,0.00908102894324689,False,-9.489103631950992e-06,1.6836080079064296e-05,-4.382651533780933e-05,2.4848308073907344e-05,False,-0.0007556197264158246,0.0007253350564086358,-0.0022349503271039345,0.0007237108742722853,False,0.32536479860544204,1.6707552847757345e-06,0.3253613910775731,0.32536820613331097,False,0.002760201394557953,1.6707552847748598e-06,0.002756793866689017,0.002763608922426889,False,0.0,0.0,0.0,0.0,True,0.0,0.0,0.0,0.0,True,0.0,0.0,0.0,0.0,True,0.0,0.0,0.0,0.0,True,0.002760201394557953,1.6707552847748598e-06,0.002756793866689017,0.002763608922426889,False,0.0,0.0,0.0,0.0,True,0.0045320225790876426,5.608164204862292e-07,0.004530878786457101,0.004533166371718184,False
R1_H2048_alpha1_2_L200_zero_base,R1_H2048_alpha1_2,1,2048,1/2,200,zero,base,LAGRANGIAN_FC,32,1.11891939163208,0.0007036272797331172,1.117484334333813,1.1203544489303472,False,223.78387832641602,0.14072545594662345,223.49686686676262,224.07088978606942,False,1.10285446261056,0.0,1.10285446261056,1.10285446261056,True,3.2129858043039814,0.14072545594662345,2.9259743446505775,3.4999972639573853,False,0.014566680886880314,0.0006380055606499206,0.013265459967059122,0.015867901806701508,False,0.016064929021519906,0.0007036272797331173,0.014629871723252887,0.017499986319786925,False,0.016669400128114322,4.754324918453576e-05,0.016572435032117087,0.016766365224111558,False,0.016669400128114322,4.754324918453576e-05,0.016572435032117087,0.016766365224111558,False,0.0,0.0,0.0,0.0,True,1.8910503215828504e-06,1.6314195591224342e-05,-3.13819709538602e-05,3.51640715970259e-05,False,-0.0006063621569159988,0.0006627345679291526,-0.001958018219599219,0.0007452939057672217,False,0.328125,0.0,0.328125,0.328125,True,0.0,0.0,0.0,0.0,True,0.0,0.0,0.0,0.0,True,0.0,0.0,0.0,0.0,True,0.0,0.0,0.0,0.0,True,0.0,0.0,0.0,0.0,True,0.0,0.0,0.0,0.0,True,0.0,0.0,0.0,0.0,True,0.004475755945608641,5.128059067961236e-07,0.004474710071066339,0.0044768018201509436,False
R1_H2048_alpha1_2_L200_zero_base,R1_H2048_alpha1_2,1,2048,1/2,200,zero,base,MYOPIC_K,32,1.1181092834472657,0.0007829461411783055,1.1165124542645284,1.119706112630003,False,223.62185668945312,0.15658922823566163,223.30249085290566,223.9412225260006,False,1.10285446261056,0.0,1.10285446261056,1.10285446261056,True,3.0509641673410908,0.15658922823566163,2.7315983307936227,3.370330003888559,False,0.013832125048119094,0.0007099269828631795,0.012384219420610007,0.015280030675628182,False,0.015254820836705454,0.0007829461411783082,0.013657991653968114,0.016851650019442794,False,0.016541284890143282,5.2725912395717756e-05,0.016433749682838696,0.016648820097447867,False,0.011543438391512586,5.4321621306499064e-05,0.011432648714427927,0.011654228068597245,False,0.004997846498630695,5.042268472004103e-06,0.004987562724281702,0.005008130272979688,False,-9.640578531299636e-07,1.6227726772948445e-05,-3.4060724811005305e-05,3.2132609104745384e-05,False,-0.0012854999955846963,0.00074276637751638,-0.002800382010060504,0.0002293820188911113,False,0.3266040167212486,1.5345021170610328e-06,0.32660088708354734,0.3266071463589499,False,0.0015209832787513734,1.5345021170607552e-06,0.0015178536410501043,0.0015241129164526425,False,0.0,0.0,0.0,0.0,True,0.0,0.0,0.0,0.0,True,0.0,0.0,0.0,0.0,True,0.0,0.0,0.0,0.0,True,0.0015209832787513734,1.5345021170607552e-06,0.0015178536410501043,0.0015241129164526425,False,0.0,0.0,0.0,0.0,True,0.004487209218620541,5.590339334779965e-07,0.00448606906139622,0.004488349375844861,False
R1_H2048_alpha1_2_L400_zero_base,R1_H2048_alpha1_2,1,2048,1/2,400,zero,base,WHITTLE_K,32,1.1081553411483764,0.0005265749302062812,1.1070813844976855,1.1092292977990674,False,443.2621364593506,0.21062997208251255,442.8325537990742,443.69171911962695,False,1.10285446261056,0.0,1.10285446261056,1.10285446261056,True,2.1203514151265175,0.2106299720825126,1.690768754850133,2.549934075402902,False,0.004806507764649757,0.0004774654753264806,0.0038327105075313477,0.005780305021768167,False,0.005300878537816293,0.0005265749302062814,0.004226921887125332,0.006374835188507255,False,0.005795783247239111,2.567957770766829e-05,0.00574340940320654,0.005848157091271682,False,0.005337196382477742,2.5848663864730675e-05,0.005284477684954243,0.005389915080001241,False,0.00045858686476136834,1.4240911067125597e-06,0.0004556824118003345,0.00046149131772240217,False,2.5939862167697848e-05,1.2044167871168626e-05,1.3756198437938318e-06,5.0504104491601864e-05,False,-0.0005208445715905148,0.0005067774558812623,-0.001554424007190912,0.0005127348640098822,False,0.32798543930053714,4.3339041351423493e-07,0.32798455539496124,0.32798632320611304,False,0.00013956069946289063,4.333904135154582e-07,0.00013867679388698654,0.0001404446050387947,False,0.0,0.0,0.0,0.0,True,0.0,0.0,0.0,0.0,True,0.0,0.0,0.0,0.0,True,0.0,0.0,0.0,0.0,True,0.00013956069946289063,4.333904135154582e-07,0.00013867679388698654,0.0001404446050387947,False,0.0,0.0,0.0,0.0,True,0.003198433163424032,2.729787480497743e-07,0.0031978764195968045,0.00319898990725126,False
R1_H2048_alpha1_2_L400_zero_base,R1_H2048_alpha1_2,1,2048,1/2,400,zero,base,WHITTLE_P,32,1.1140441656112672,0.0005309729682662464,1.1129612391028152,1.1151270921197192,False,445.61766624450684,0.21238918730649878,445.18449564112603,446.05083684788764,False,1.10285446261056,0.0,1.10285446261056,1.10285446261056,True,4.4758812002827675,0.21238918730649878,4.042710596901958,4.909051803663577,False,0.010146128415003952,0.00048145334336262654,0.009164197847403369,0.011128058982604536,False,0.011189703000706918,0.0005309729682662469,0.010106776492254894,0.012272629509158941,False,0.011677590122073917,2.6867023643144817e-05,0.011622794466089072,0.011732385778058761,False,0.005121783356017137,2.542385148322784e-05,0.0050699310690579084,0.005173635642976366,False,0.00655580676605678,8.708162913656219e-06,0.006538046350700967,0.006573567181412592,False,2.6509607076033266e-05,1.1224540003477465e-05,3.6170068093265904e-06,4.940220734273994e-05,False,-0.0005143967284430322,0.0005109708240121075,-0.0015565285947319782,0.0005277351378459137,False,0.32612988620996475,2.6501354501264128e-06,0.32612448122307947,0.32613529119685003,False,0.001995113790035248,2.6501354501269265e-06,0.001989708803149942,0.0020005187769205537,False,0.0,0.0,0.0,0.0,True,0.0,0.0,0.0,0.0,True,0.0,0.0,0.0,0.0,True,0.0,0.0,0.0,0.0,True,0.001995113790035248,2.6501354501269265e-06,0.001989708803149942,0.0020005187769205537,False,0.3165245056152344,0.000757991063576535,0.31497857264882173,0.318070438581647,False,0.0032044634544988277,2.6903493664392803e-07,0.0032039147541279922,0.0032050121548696632,False
R1_H2048_alpha1_2_L400_zero_base,R1_H2048_alpha1_2,1,2048,1/2,400,zero,base,LAGRANGIAN_K,32,1.1606891775131225,0.00038955592726180454,1.1598946729613486,1.1614836820648964,False,464.275671005249,0.15582237090472179,463.95786918453945,464.5934728259586,False,1.10285446261056,0.0,1.10285446261056,1.10285446261056,True,23.133885961024955,0.15582237090472179,22.816084140315407,23.451687781734503,False,0.052440931114031294,0.00035322514481166356,0.051720523681582586,0.05316133854648,False,0.05783471490256239,0.00038955592726180454,0.05704021035078852,0.05862921945433626,False,0.05810208878532853,0.00013987557107047937,0.05781681067730791,0.05838736689334915,False,0.006397568483413277,2.7296264338965936e-05,0.0063418973852575646,0.006453239581568989,False,0.05170452030191525,0.0001540949658431576,0.05139024154705613,0.05201879905677436,False,2.1060696466870014e-05,1.0364716800886978e-05,-7.828281662974283e-08,4.219967575036977e-05,False,-0.00028843457923300825,0.0004986426377055089,-0.0013054229437799664,0.0007285537853139498,False,0.3123898807168007,4.689537112662797e-05,0.3122942369768142,0.3124855244567872,False,0.01573511928319931,4.689537112662836e-05,0.0156394755432128,0.01583076302318582,False,0.0,0.0,0.0,0.0,True,0.0,0.0,0.0,0.0,True,0.0,0.0,0.0,0.0,True,0.0,0.0,0.0,0.0,True,0.01573511928319931,4.689537112662836e-05,0.0156394755432128,0.01583076302318582,False,0.43474388122558594,0.0012327464867563482,0.4322296781898484,0.43725808426132345,False,0.0032089738114990164,2.5443456317722705e-07,0.003208454888786188,0.0032094927342118445,False
R1_H2048_alpha1_2_L400_zero_base,R1_H2048_alpha1_2,1,2048,1/2,400,zero,base,LAGRANGIAN_NI,32,1.1108000564575196,0.0005396033196948648,1.1096995282312818,1.1119005846837573,False,444.3200225830078,0.21584132787794455,443.87981129251267,444.76023387350295,False,1.10285446261056,0.0,1.10285446261056,1.10285446261056,True,3.178237538783744,0.21584132787794455,2.7380262482886204,3.6184488292788677,False,0.007204571515403213,0.0004892788105672344,0.006206680802214497,0.008202462228591929,False,0.00794559384695936,0.0005396033196948613,0.00684506562072155,0.009046122073197169,False,0.00849940455498016,2.4492328153925134e-05,0.008449452122376676,0.008549356987583643,False,0.004934540652852651,2.467362197027555e-05,0.0048842184690729715,0.00498486283663233,False,0.0035648639021275096,3.082842022021733e-06,0.00355857640437048,0.003571151399884539,False,2.651146680850386e-05,1.1255563495413257e-05,3.555593712839965e-06,4.946733990416775e-05,False,-0.0005803221748293042,0.000519835405887324,-0.001640533475049436,0.00047988912539082766,False,0.32704011306166647,9.381943138540963e-07,0.327038199601748,0.3270420265215849,False,0.0010848869383335113,9.381943138533357e-07,0.0010829734784150748,0.0010868003982519479,False,0.0,0.0,0.0,0.0,True,0.0,0.0,0.0,0.0,True,0.0,0.0,0.0,0.0,True,0.0,0.0,0.0,0.0,True,0.0010848869383335113,9.381943138533357e-07,0.0010829734784150748,0.0010868003982519479,False,0.0,0.0,0.0,0.0,True,0.003202741672702327,2.7529119842495466e-07,0.0032021802126014644,0.0032033031328031892,False
R1_H2048_alpha1_2_L400_zero_base,R1_H2048_alpha1_2,1,2048,1/2,400,zero,base,LAGRANGIAN_FC,32,1.1091454029083252,0.0005142326779294197,1.1080966184471117,1.1101941873695387,False,443.6581611633301,0.20569307117176927,443.2386473788447,444.07767494781547,False,1.10285446261056,0.0,1.10285446261056,1.10285446261056,True,2.5163761191060097,0.20569307117176927,2.0968623346206128,2.9358899035914066,False,0.005704234340108465,0.0004662742867378766,0.004753261662597671,0.006655207017619258,False,0.006290940297765024,0.0005142326779294232,0.005242155836551531,0.007339724758978516,False,0.006588730847538396,2.435031467089781e-05,0.006539068053343117,0.006638393641733676,False,0.006588730847538396,2.435031467089781e-05,0.006539068053343117,0.006638393641733676,False,0.0,0.0,0.0,0.0,True,1.9597716173917715e-05,1.2217007778187598e-05,-5.319035464425397e-06,4.451446781226083e-05,False,-0.0003173882659472901,0.0004935584981480703,-0.0013240074595034961,0.000689230927608916,False,0.328125,0.0,0.328125,0.328125,True,0.0,0.0,0.0,0.0,True,0.0,0.0,0.0,0.0,True,0.0,0.0,0.0,0.0,True,0.0,0.0,0.0,0.0,True,0.0,0.0,0.0,0.0,True,0.0,0.0,0.0,0.0,True,0.0,0.0,0.0,0.0,True,0.0032049942473569497,2.701002485335298e-07,0.0032044433742681906,0.0032055451204457087,False
R1_H2048_alpha1_2_L400_zero_base,R1_H2048_alpha1_2,1,2048,1/2,400,zero,base,MYOPIC_K,32,1.1119380187988281,0.0005179384622385577,1.1108816763406868,1.1129943612569695,False,444.77520751953125,0.20717538489542373,444.3526705362747,445.1977445027878,False,1.10285446261056,0.0,1.10285446261056,1.10285446261056,True,3.6334224753071815,0.20717538489542373,3.2108854920506134,4.055959458563749,False,0.008236405161535388,0.00046963446202371103,0.007278579361346886,0.00919423096172389,False,0.009083556188267953,0.0005179384622385594,0.008027213730126532,0.010139898646409374,False,0.009477959331000213,3.0210048613122944e-05,0.009416345530637459,0.009539573131362966,False,0.007337008877854373,3.0323038415648688e-05,0.007275164633270063,0.007398853122438684,False,0.002140950453145839,2.65252849303211e-06,0.00213554058561735,0.0021463603206743277,False,2.4017195663805617e-05,1.1608169858100395e-05,3.421771501563752e-07,4.7692214177454855e-05,False,-0.00041842033839606445,0.0004926284052687564,-0.0014231425950185124,0.0005863019182263834,False,0.327473449409008,8.072379744795418e-07,0.32747180303630463,0.3274750957817114,False,0.0006515505909919739,8.072379744793633e-07,0.0006499042182885814,0.0006531969636953663,False,0.0,0.0,0.0,0.0,True,0.0,0.0,0.0,0.0,True,0.0,0.0,0.0,0.0,True,0.0,0.0,0.0,0.0,True,0.0006515505909919739,8.072379744793633e-07,0.0006499042182885814,0.0006531969636953663,False,0.0,0.0,0.0,0.0,True,0.003173399109385074,2.6468901413432184e-07,0.0031728592725816336,0.003173938946188514,False
R1_H2048_alpha1_2_L800_zero_base,R1_H2048_alpha1_2,1,2048,1/2,800,zero,base,WHITTLE_K,32,1.1058888173103332,0.000263577538410553,1.1053512473765768,1.1064263872440896,False,884.7110538482666,0.21086203072844137,884.2809979012615,885.1411097952717,False,1.10285446261056,0.0,1.10285446261056,1.10285446261056,True,2.427483759818464,0.21086203072844137,1.9974278128133554,2.857539706823573,False,0.0027513645749689198,0.00023899575814077852,0.002263929512609098,0.0032387996373287415,False,0.0030343546997730806,0.0002635775384105517,0.0024967847660166947,0.0035719246335294665,False,0.003349482942564124,1.239514241191919e-05,0.003324202882945016,0.0033747630021832317,False,0.003084766365952581,1.2642718643721519e-05,0.003058981371279704,0.0031105513606254575,False,0.00026471657661154336,7.56981673039988e-07,0.00026317270231070264,0.0002662604509123841,False,7.690316562599275e-06,8.133516767957481e-06,-8.898100252140662e-06,2.427873337733921e-05,False,-0.0003228185593536429,0.00025408649089867907,-0.0008410313740891775,0.00019539425538189168,False,0.3280444394052029,2.3037051404714652e-07,0.32804396956144183,0.32804490924896396,False,8.05605947971344e-05,2.3037051404650171e-07,8.00907510360833e-05,8.10304385581855e-05,False,0.0,0.0,0.0,0.0,True,0.0,0.0,0.0,0.0,True,0.0,0.0,0.0,0.0,True,0.0,0.0,0.0,0.0,True,8.05605947971344e-05,2.3037051404650171e-07,8.00907510360833e-05,8.10304385581855e-05,False,0.0,0.0,0.0,0.0,True,0.0022612759558007602,9.059626417529069e-08,0.0022610911835017813,0.002261460728099739,False
R1_H2048_alpha1_2_L800_zero_base,R1_H2048_alpha1_2,1,2048,1/2,800,zero,base,WHITTLE_P,32,1.1086845636367797,0.00027472294921993234,1.108124262487812,1.1092448647857474,False,886.9476509094238,0.21977835937594548,886.4994099902497,887.395891828598,False,1.10285446261056,0.0,1.10285446261056,1.10285446261056,True,4.664080820975691,0.21977835937594553,4.215839901801508,5.112321740149874,False,0.0052863738814813484,0.0002491017251448,0.004778327563527987,0.00579442019943471,False,0.005830101026219614,0.00027472294921993185,0.005269799877251885,0.006390402175187343,False,0.0061995218129875,1.6805244137577995e-05,0.006165247291598935,0.006233796334376065,False,0.0029486657596179454,1.4098600679463887e-05,0.002919911473956805,0.0029774200452790858,False,0.0032508560533695548,4.175478947350397e-06,0.0032423401079112887,0.003259371998827821,False,8.02761809942838e-06,8.086415823459331e-06,-8.464735705669609e-06,2.451997190452637e-05,False,-0.00037744840486731487,0.0002612333082028443,-0.0009102372495936329,0.00015534043985900318,False,0.32713567435741425,1.270714028819533e-06,0.32713308271906594,0.32713826599576257,False,0.0009893256425857545,1.2707140288198788e-06,0.0009867340042374517,0.0009919172809340572,False,0.0,0.0,0.0,0.0,True,0.0,0.0,0.0,0.0,True,0.0,0.0,0.0,0.0,True,0.0,0.0,0.0,0.0,True,0.0009893256425857545,1.2707140288198788e-06,0.0009867340042374517,0.0009919172809340572,False,0.27552223205566406,0.0008861085538494148,0.2737150017451213,0.2773294623662068,False,0.0022636808526833624,9.558779589618303e-08,0.0022634859000883207,0.002263875805278404,False
R1_H2048_alpha1_2_L800_zero_base,R1_H2048_alpha1_2,1,2048,1/2,800,zero,base,LAGRANGIAN_K,32,1.1453527569770814,0.00020240849551476171,1.1449399421288142,1.1457655718253485,False,916.282205581665,0.16192679641181165,915.9519537030512,916.6124574602788,False,1.10285446261056,0.0,1.10285446261056,1.10285446261056,True,33.9986354932169,0.16192679641181165,33.668383614603115,34.32888737183069,False,0.0385348165214145,0.00018353146528114384,0.038160501630136776,0.03890913141269223,False,0.042498294366521125,0.00020240849551476448,0.04208547951825389,0.04291110921478836,False,0.042929076154440984,0.00010460735420114474,0.0427157280489558,0.04314242425992617,False,0.004022069728022564,1.3833485498056403e-05,0.003993856148338748,0.0040502833077063795,False,0.03890700642641842,0.00010764952471468999,0.03868745377326463,0.039126559079572215,False,9.864218572692603e-06,7.4462724413752445e-06,-5.3225541970232174e-06,2.5050991342408424e-05,False,-0.0004406460064925502,0.0002724118517087252,-0.0009962336410102397,0.00011494162802513924,False,0.3162845190614462,3.276073546905373e-05,0.31621770310094327,0.3163513350219492,False,0.01184048093855381,3.276073546905365e-05,0.01177366497805084,0.01190729689905678,False,0.0,0.0,0.0,0.0,True,0.0,0.0,0.0,0.0,True,0.0,0.0,0.0,0.0,True,0.0,0.0,0.0,0.0,True,0.01184048093855381,3.276073546905365e-05,0.01177366497805084,0.01190729689905678,False,0.4642810821533203,0.0008860052464422522,0.4624740625396236,0.46608810176701704,False,0.0022650586624148204,9.660786100242643e-08,0.0022648616293832785,0.0022652556954463623,False
R1_H2048_alpha1_2_L800_zero_base,R1_H2048_alpha1_2,1,2048,1/2,800,zero,base,LAGRANGIAN_NI,32,1.1073134231567383,0.0002607188460744274,1.1067816835644406,1.107845162749036,False,885.8507385253906,0.2085750768595444,885.4253468515524,886.2761301992289,False,1.10285446261056,0.0,1.10285446261056,1.10285446261056,True,3.5671684369424876,0.20857507685954446,3.1417767631042826,3.9925601107806927,False,0.004043108766702844,0.00023640367329818345,0.003560960296233695,0.0045252572371719925,False,0.004458960546178109,0.0002607188460744305,0.003927220953880353,0.004990700138475866,False,0.004796151564785554,1.3437249742382484e-05,0.004768746113253378,0.004823557016317729,False,0.0028599833146524443,1.3722025366492867e-05,0.0028319970594056893,0.0028879695698991992,False,0.0019361682501331096,1.6365712662638638e-06,0.0019328304410295785,0.0019395060592366407,False,7.317265110605229e-06,8.108943102993032e-06,-9.221033384012472e-06,2.385556360522293e-05,False,-0.00034450828371804937,0.00025069864148354347,-0.0008558115340170486,0.00016679496658094988,False,0.32753577031195164,4.980540180967801e-07,0.3275347545240847,0.32753678609981857,False,0.0005892296880483628,4.980540180964527e-07,0.0005882139001814233,0.0005902454759153023,False,0.0,0.0,0.0,0.0,True,0.0,0.0,0.0,0.0,True,0.0,0.0,0.0,0.0,True,0.0,0.0,0.0,0.0,True,0.0005892296880483628,4.980540180964527e-07,0.0005882139001814233,0.0005902454759153023,False,0.0,0.0,0.0,0.0,True,0.0022631669828392527,9.09346496434426e-08,0.0022629815203985618,0.0022633524452799437,False
R1_H2048_alpha1_2_L800_zero_base,R1_H2048_alpha1_2,1,2048,1/2,800,zero,base,LAGRANGIAN_FC,32,1.106250491142273,0.0002600872819014598,1.1057200396335982,1.1067809426509478,False,885.0003929138184,0.20806982552116998,884.5760317068786,885.4247541207582,False,1.10285446261056,0.0,1.10285446261056,1.10285446261056,True,2.716822825370222,0.20806982552116998,2.2924616184304414,3.1411840323100026,False,0.0030793079656893795,0.00023583101009158673,0.0025983274495303414,0.0035602884818484175,False,0.0033960285317127777,0.0002600872819014625,0.0028655770230380517,0.003926480040387504,False,0.003665987301503607,1.3387306830573938e-05,0.003638683709211617,0.003693290893795597,False,0.003665987301503607,1.3387306830573938e-05,0.003638683709211617,0.003693290893795597,False,0.0,0.0,0.0,0.0,True,4.560718192401303e-06,7.511011073468549e-06,-1.0758089887970125e-05,1.987952627277273e-05,False,-0.00027451948798323095,0.0002497652041061916,-0.0007839189801997521,0.00023488000423329018,False,0.328125,0.0,0.328125,0.328125,True,0.0,0.0,0.0,0.0,True,0.0,0.0,0.0,0.0,True,0.0,0.0,0.0,0.0,True,0.0,0.0,0.0,0.0,True,0.0,0.0,0.0,0.0,True,0.0,0.0,0.0,0.0,True,0.0,0.0,0.0,0.0,True,0.0022589921889941706,9.177345979955136e-08,0.002258805015788887,0.002259179362199454,False
R1_H2048_alpha1_2_L800_zero_base,R1_H2048_alpha1_2,1,2048,1/2,800,zero,base,MYOPIC_K,32,1.1084963130950929,0.0002802329323433237,1.1079247742614555,1.1090678519287303,False,886.7970504760742,0.2241863458746598,886.3398194091644,887.254281542984,False,1.10285446261056,0.0,1.10285446261056,1.10285446261056,True,4.513480387626082,0.22418634587465985,4.056249320716237,4.970711454535927,False,0.005115679970299809,0.00025409783597373956,0.0045974440171311385,0.005633915923468479,False,0.005641850484532602,0.0002802329323433248,0.005070311650895296,0.006213389318169908,False,0.0059734265721081165,1.681865059272612e-05,0.005939124708074009,0.006007728436142224,False,0.005034282854748396,1.66249677348786e-05,0.005000376009507205,0.005068189699989588,False,0.0009391437173597196,1.0922226362235287e-06,0.0009369161146066832,0.0009413713201127561,False,7.754281062227563e-06,7.94098145248675e-06,-8.441457387703646e-06,2.395001951215877e-05,False,-0.00033933036863774196,0.00026674564517689274,-0.0008833616987436999,0.00020470096146821596,False,0.32783919252455235,3.32393635302189e-07,0.32783851460326363,0.32783987044584106,False,0.0002858074754476547,3.3239363530370274e-07,0.00028512955415895626,0.0002864853967363532,False,0.0,0.0,0.0,0.0,True,0.0,0.0,0.0,0.0,True,0.0,0.0,0.0,0.0,True,0.0,0.0,0.0,0.0,True,0.0002858074754476547,3.3239363530370274e-07,0.00028512955415895626,0.0002864853967363532,False,0.0,0.0,0.0,0.0,True,0.0022441051527151896,9.880346884687604e-08,0.002243903641711926,0.002244306663718453,False
R1_H2048_alpha1_2_L1600_zero_base,R1_H2048_alpha1_2,1,2048,1/2,1600,zero,base,WHITTLE_K,32,1.10431640625,0.00031405657077141153,1.1036758836509826,1.1049569288490173,False,1766.90625,0.5024905132342539,1765.881413841572,1767.931086158428,False,1.10285446261056,0.0,1.10285446261056,1.10285446261056,True,2.3391098231037257,0.5024905132342539,1.3142736646758326,3.363945981531619,False,0.00132559978583146,0.00028476701270991575,0.0007448136343194499,0.0019063859373434702,False,0.0014619436394398284,0.0003140565707714087,0.0008214210404223952,0.0021024662384572616,False,0.0018764797989951573,1.087672522023397e-05,0.001854296571655731,0.0018986630263345835,False,0.0017714310435928903,1.0878131003926408e-05,0.0017492449491387208,0.0017936171380470598,False,0.00010504875540226685,2.2065327116158838e-07,0.00010459873008874143,0.00010549878071579227,False,-7.62395080620157e-06,5.270313886870739e-06,-1.837282684520416e-05,3.12492523280102e-06,False,-0.0004069122087491272,0.0003055677099103566,-0.0010301216618958564,0.00021629724439760204,False,0.3280930307507515,6.715090908327449e-08,0.3280928937955695,0.32809316770593355,False,3.196924924850464e-05,6.715090908264568e-08,3.183229406649284e-05,3.210620443051644e-05,False,0.0,0.0,0.0,0.0,True,0.0,0.0,0.0,0.0,True,0.0,0.0,0.0,0.0,True,0.0,0.0,0.0,0.0,True,3.196924924850464e-05,6.715090908264568e-08,3.183229406649284e-05,3.210620443051644e-05,False,0.0,0.0,0.0,0.0,True,0.0015981822800856598,7.06834104019962e-08,0.0015980381203197077,0.001598326439851612,False
R1_H2048_alpha1_2_L1600_zero_base,R1_H2048_alpha1_2,1,2048,1/2,1600,zero,base,WHITTLE_P,32,1.105653841495514,0.0003186956083748749,1.1050038575169259,1.106303825474102,False,1769.0461463928223,0.5099129733997984,1768.0061720270814,1770.086120758563,False,1.10285446261056,0.0,1.10285446261056,1.10285446261056,True,4.479006215925991,0.5099129733997984,3.4390318501851285,5.518980581666853,False,0.002538303085184378,0.0002889734041792709,0.0019489379417098112,0.003127668228658945,False,0.0027993788849537443,0.000318695608374874,0.002149394906365705,0.0034493628635417837,False,0.003185229688607821,1.3707071006459121e-05,0.003157273932979437,0.0032131854442362046,False,0.0017036083902184172,1.1726404163057665e-05,0.0016796922312499823,0.001727524549186852,False,0.0014816212983894035,2.4825380880712753e-06,0.0014765581285775908,0.0014866844682012161,False,-7.188499633406964e-06,5.2763050811598215e-06,-1.7949594793722112e-05,3.572595526908184e-06,False,-0.00037866230402066925,0.0003077633254890311,-0.0010063497446632225,0.00024902513662188405,False,0.32767410155385734,7.555051804515424e-07,0.32767256069088296,0.3276756424168317,False,0.0004508984461426735,7.555051804520872e-07,0.00044935758316831935,0.00045243930911702767,False,0.0,0.0,0.0,0.0,True,0.0,0.0,0.0,0.0,True,0.0,0.0,0.0,0.0,True,0.0,0.0,0.0,0.0,True,0.0004508984461426735,7.555051804520872e-07,0.00044935758316831935,0.00045243930911702767,False,0.22467613220214844,0.0008881668933881747,0.22286470388043914,0.22648756052385774,False,0.0015990146867956257,7.211117164162461e-08,0.0015988676150914274,0.0015991617584998241,False
R1_H2048_alpha1_2_L1600_zero_base,R1_H2048_alpha1_2,1,2048,1/2,1600,zero,base,LAGRANGIAN_K,32,1.1350654733181,0.00021053294333404075,1.1346360885492608,1.1354948580869393,False,1816.10475730896,0.33685270933446537,1815.4177416788173,1816.7917729391027,False,1.10285446261056,0.0,1.10285446261056,1.10285446261056,True,51.53761713206369,0.33685270933446537,50.850601501920984,52.22463276220639,False,0.02920694597480552,0.00019089821048163473,0.028817606507635214,0.029596285441975824,False,0.0322110107075398,0.0002105329433340408,0.03178162593870061,0.032640395476378994,False,0.032611682889652494,0.00010254228956164447,0.03240254651126725,0.03282081926803774,False,0.0025420190565832662,1.2082571918333571e-05,0.0025173764886887735,0.002566661624477759,False,0.030069663833069228,0.00010958415627654602,0.029846165472831206,0.03029316219330725,False,-6.868964694527374e-06,4.785440290766428e-06,-1.6628934514472642e-05,2.891005125417893e-06,False,-0.0003938032174181618,0.00029804208967600153,-0.001001664066904451,0.00021405763206812747,False,0.31897396747022866,3.334949750024762e-05,0.31890595072164635,0.31904198421881097,False,0.009151032529771327,3.334949750024726e-05,0.00908301578118901,0.009219049278353646,False,0.0,0.0,0.0,0.0,True,0.0,0.0,0.0,0.0,True,0.0,0.0,0.0,0.0,True,0.0,0.0,0.0,0.0,True,0.009151032529771327,3.334949750024726e-05,0.00908301578118901,0.009219049278353646,False,0.49596405029296875,0.0013551830782147836,0.4932001361826208,0.4987279644033167,False,0.0015993032078517402,7.456585267002368e-08,0.0015991511297925778,0.0015994552859109027,False
R1_H2048_alpha1_2_L1600_zero_base,R1_H2048_alpha1_2,1,2048,1/2,1600,zero,base,LAGRANGIAN_NI,32,1.1050667214393615,0.0003139743928106428,1.1044263664434,1.105707076435323,False,1768.1067543029785,0.5023590284970302,1767.0821863094402,1769.1313222965168,False,1.10285446261056,0.0,1.10285446261056,1.10285446261056,True,3.5396141260822414,0.5023590284970302,2.5150461325439117,4.564182119620571,False,0.0020059390461772955,0.0002846924988338325,0.0014253048667175004,0.0025865732256370906,False,0.0022122588288014007,0.00031397439281064383,0.001571903832839945,0.0028526138247628565,False,0.0026004093403531768,1.1267132128606168e-05,0.0025774298728745595,0.002623388807831794,False,0.0016611910750121296,1.134444753208767e-05,0.0016380539217284982,0.001684328228295761,False,0.0009392182653410473,7.60527172898573e-07,0.0009376671599455709,0.0009407693707365238,False,-6.9336486400422104e-06,5.255465280728985e-06,-1.765224074715845e-05,3.7849434670740275e-06,False,-0.00038121686291173385,0.0003051257259284236,-0.001003524883784219,0.00024109115796075122,False,0.3278391698375344,2.3144950796970998e-07,0.3278386977931507,0.3278396418819181,False,0.00028583016246557235,2.314495079694236e-07,0.00028535811808190687,0.0002863022068492378,False,0.0,0.0,0.0,0.0,True,0.0,0.0,0.0,0.0,True,0.0,0.0,0.0,0.0,True,0.0,0.0,0.0,0.0,True,0.00028583016246557235,2.314495079694236e-07,0.00028535811808190687,0.0002863022068492378,False,0.0,0.0,0.0,0.0,True,0.0015988632513301852,7.093188753695849e-08,0.0015987185847917754,0.001599007917868595,False
R1_H2048_alpha1_2_L1600_zero_base,R1_H2048_alpha1_2,1,2048,1/2,1600,zero,base,LAGRANGIAN_FC,32,1.1044561564922333,0.00030817710747493897,1.1038276251376666,1.1050846878468,False,1767.1298503875732,0.4930833719599005,1766.1242002202666,1768.1355005548799,False,1.10285446261056,0.0,1.10285446261056,1.10285446261056,True,2.562710210676968,0.49308337195990043,1.5570600433702693,3.568360377983667,False,0.0014523166346733956,0.00027943588018445665,0.0008824033996315807,0.0020222298697152104,False,0.001601693881673105,0.0003081771074749378,0.0009731625271064183,0.0022302252362397914,False,0.002013032054966851,1.0875874066987988e-05,0.001990850563565915,0.002035213546367787,False,0.002013032054966851,1.0875874066987988e-05,0.001990850563565915,0.002035213546367787,False,0.0,0.0,0.0,0.0,True,-6.70107363029603e-06,5.183354097564282e-06,-1.7272594009712305e-05,3.870446749120244e-06,False,-0.00040463709966345003,0.0002994308199661351,-0.0010153302832498845,0.0002060560839229846,False,0.328125,0.0,0.328125,0.328125,True,0.0,0.0,0.0,0.0,True,0.0,0.0,0.0,0.0,True,0.0,0.0,0.0,0.0,True,0.0,0.0,0.0,0.0,True,0.0,0.0,0.0,0.0,True,0.0,0.0,0.0,0.0,True,0.0,0.0,0.0,0.0,True,0.0015976770977007072,6.925817845416993e-08,0.001597535844714477,0.0015978183506869374,False
R1_H2048_alpha1_2_L1600_zero_base,R1_H2048_alpha1_2,1,2048,1/2,1600,zero,base,MYOPIC_K,32,1.1064999794960022,0.00030781090167770065,1.1058721950230832,1.1071277639689212,False,1770.3999671936035,0.49249744268431883,1769.395512036933,1771.404422350274,False,1.10285446261056,0.0,1.10285446261056,1.10285446261056,True,5.832827016707241,0.49249744268431883,4.828371860036729,6.837282173377753,False,0.0033055285253257667,0.00027910382748878935,0.0027362925162216774,0.003874764534429856,False,0.003645516885442026,0.0003078109016776993,0.0030177324125229554,0.004273301358361096,False,0.0038704791802238415,1.2182209312175151e-05,0.003845633400524845,0.003895324959922838,False,0.0033959552056415025,1.2192817391425837e-05,0.0033710877906222335,0.0034208226206607715,False,0.00047452397458233895,7.239409640071255e-07,0.00047304748725184926,0.00047600046191282865,False,-7.415979549476462e-06,5.203357496584714e-06,-1.8028297130168537e-05,3.1963380312156146e-06,False,-0.0002175463152323391,0.0002996016535394862,-0.0008285879161887193,0.000393495285724041,False,0.3279805891960859,2.203153100756055e-07,0.3279801398600486,0.32798103853212324,False,0.00014441080391407014,2.2031531007598313e-07,0.0001439614678767232,0.0001448601399514171,False,0.0,0.0,0.0,0.0,True,0.0,0.0,0.0,0.0,True,0.0,0.0,0.0,0.0,True,0.0,0.0,0.0,0.0,True,0.00014441080391407014,2.2031531007598313e-07,0.0001439614678767232,0.0001448601399514171,False,0.0,0.0,0.0,0.0,True,0.0015879368047459566,7.968379596644593e-08,0.0015877742885726232,0.00158809932091929,False
R16_H2048_alpha1_2_L50_zero_base,R16_H2048_alpha1_2,16,2048,1/2,50,zero,base,WHITTLE_K,32,5.626459922790527,0.04831895384079356,5.527912766716422,5.725007078864633,False,281.32299613952637,2.415947692039678,276.39563833582105,286.2503539432317,False,5.070639619420735,0.0,5.070639619420735,5.070639619420735,True,27.791015168489604,2.415947692039678,22.863657364784313,32.7183729721949,False,0.10961542233074108,0.009529163471947445,0.09018056529679477,0.12905027936468738,False,0.5558203033697922,0.04831895384079356,0.45727314729568636,0.654367459443898,False,0.5657327866083555,0.005518252205547996,0.5544782370345337,0.5769873361821772,False,0.5422090702524582,0.005407431785363246,0.5311805404157386,0.5532376000891779,False,0.023523716355897235,0.0002899710114420936,0.02293231657899592,0.024115116132798552,False,-0.0015596578573093165,0.002706498376924184,-0.007079597689696244,0.003960281975077611,False,-0.008352825381253998,0.04595412355247863,-0.10207687828389604,0.08537122752138805,False,0.32673123478889465,1.718059773644984e-05,0.326696194728794,0.3267662748489953,False,0.0013937652111053467,1.718059773645003e-05,0.0013587251510047292,0.0014288052712059642,False,0.0,0.0,0.0,0.0,True,0.0,0.0,0.0,0.0,True,0.0,0.0,0.0,0.0,True,0.0,0.0,0.0,0.0,True,0.0011523127555847167,8.495766560289634e-06,0.0011349855254475611,0.0011696399857218723,False,0.0,0.0,0.0,0.0,True,0.25676745834638076,0.0007144847912299144,0.2553102570074216,0.2582246596853399,False
R16_H2048_alpha1_2_L50_zero_base,R16_H2048_alpha1_2,16,2048,1/2,50,zero,base,WHITTLE_P,32,5.782574882507324,0.049826353710408854,5.680953364130042,5.884196400884607,False,289.1287441253662,2.4913176855204435,284.04766820650207,294.20982004423036,False,5.070639619420735,0.0,5.070639619420735,5.070639619420735,True,35.59676315432945,2.4913176855204435,30.51568723546533,40.677839073193574,False,0.14040344345511183,0.009826443496313978,0.12036227981412494,0.16044460709609873,False,0.7119352630865889,0.049826353710408874,0.6103137447093064,0.8135567814638714,False,0.7290710840985584,0.007577101840419618,0.7136174830103076,0.7445246851868091,False,0.5470682309894764,0.007313132760278407,0.5321529983896065,0.5619834635893464,False,0.1820028531090819,0.0006937847015874351,0.18058786988129022,0.18341783633687359,False,0.001036698768296104,0.0025547151244092567,-0.004173677079648848,0.006247074616241056,False,-0.018172519780265472,0.045123702593067284,-0.11020291797001867,0.07385787840948772,False,0.3173414468765259,4.110630167614826e-05,0.31725761002152575,0.317425283731526,False,0.010783553123474121,4.110630167614897e-05,0.010699716268473988,0.010867389978474255,False,0.0,0.0,0.0,0.0,True,0.0,0.0,0.0,0.0,True,0.0,0.0,0.0,0.0,True,0.0,0.0,0.0,0.0,True,0.01056826114654541,3.798539600876238e-05,0.010490789420618847,0.010645732872471973,False,0.37838172912597656,0.0016383637686743283,0.37504026418967656,0.38172319406227656,False,0.25773526252937146,0.0007269329169754318,0.2562526730705719,0.259217851988171,False
R16_H2048_alpha1_2_L50_zero_base,R16_H2048_alpha1_2,16,2048,1/2,50,zero,base,LAGRANGIAN_K,32,6.0554609298706055,0.04695310020825099,5.959699450645879,6.151222409095332,False,302.7730464935303,2.34765501041255,297.98497253229397,307.5611204547666,False,5.070639619420735,0.0,5.070639619420735,5.070639619420735,True,49.241065522493514,2.34765501041255,44.45299156125722,54.02913948372981,False,0.1942203320224077,0.00925979831586116,0.17533484884629005,0.21310581519852537,False,0.9848213104498702,0.046953100208251,0.8890598312251443,1.080582789674596,False,0.9751736711631354,0.007519190039892687,0.9598381819707643,0.9905091603555064,False,0.2811636487014647,0.007714146618832621,0.26543054294488216,0.29689675445804725,False,0.6940100224616707,0.01118879552157777,0.6711903235464328,0.7168297213769085,False,0.000503317424297111,0.0026861915316778516,-0.00497520632415603,0.005981841172750252,False,0.009144321862437809,0.04954591480117635,-0.09190523758857218,0.1101938813134478,False,0.2870053482055664,0.0006629290081640072,0.28565329557940966,0.2883574008317231,False,0.041119651794433595,0.0006629290081640075,0.039767599168276865,0.042471704420590325,False,0.0,0.0,0.0,0.0,True,0.0,0.0,0.0,0.0,True,0.0,0.0,0.0,0.0,True,0.0,0.0,0.0,0.0,True,0.04111952662467956,0.0006629395973397911,0.039767452401756435,0.04247160084760269,False,0.3867340087890625,0.005268857874733212,0.3759881023063925,0.3974799152717325,False,0.25831519120094565,0.0007595603986904936,0.2567660575544662,0.2598643248474251,False
R16_H2048_alpha1_2_L50_zero_base,R16_H2048_alpha1_2,16,2048,1/2,50,zero,base,LAGRANGIAN_NI,32,5.646664733886719,0.048831669910835464,5.547071886493579,5.746257581279859,False,282.33323669433594,2.441583495541774,277.35359432467897,287.3128790639929,False,5.070639619420735,0.0,5.070639619420735,5.070639619420735,True,28.801255723299175,2.441583495541774,23.82161335364218,33.780898092956164,False,0.11360008947584961,0.009630278145543689,0.09395900770547579,0.13324117124622342,False,0.5760251144659835,0.04883166991083547,0.47643226707284364,0.6756179618591234,False,0.5743791494888897,0.0057850493790193545,0.5625804634923125,0.5861778354854669,False,0.5352264142100369,0.005600988609204949,0.5238031226284503,0.5466497057916235,False,0.03915273527885273,0.0004957430392978361,0.03814166068424737,0.040163809873458085,False,-1.5717913556382044e-05,0.002759640174676328,-0.005644041157024485,0.005612605329911722,False,0.0016616828906502617,0.046874607553399755,-0.09393970950906318,0.0972630752903637,False,0.32580522537231443,2.937245932434177e-05,0.3257453198465687,0.3258651308980602,False,0.002319774627685547,2.937245932434219e-05,0.0022598691019398193,0.0023796801534312745,False,0.0,0.0,0.0,0.0,True,0.0,0.0,0.0,0.0,True,0.0,0.0,0.0,0.0,True,0.0,0.0,0.0,0.0,True,0.00208483099937439,1.7281493083788616e-05,0.0020495851618561964,0.0021200768368925833,False,0.0,0.0,0.0,0.0,True,0.2569894826416765,0.000731682683461146,0.25549720597026204,0.2584817593130909,False
R16_H2048_alpha1_2_L50_zero_base,R16_H2048_alpha1_2,16,2048,1/2,50,zero,base,LAGRANGIAN_FC,32,5.632792053222657,0.04971322479539033,5.531401262788731,5.7341828436565825,False,281.6396026611328,2.4856612397695166,276.5700631394365,286.7091421828291,False,5.070639619420735,0.0,5.070639619420735,5.070639619420735,True,28.107621690096053,2.485661239769517,23.038082168399757,33.17716121179235,False,0.11086420570076734,0.009804132915497851,0.09086854478935186,0.13085986661218282,False,0.562152433801921,0.04971322479539033,0.46076164336799513,0.663543224235847,False,0.5619690198468504,0.005605073772544646,0.5505373965197018,0.5734006431739991,False,0.5580945253882321,0.005573509674177226,0.5467272774641272,0.569461773312337,False,0.0038744944586183686,0.0002521158906775849,0.0033603007095312273,0.00438868820770551,False,-0.00011624717910226785,0.002717806234405743,-0.005659249538872769,0.005426755180668234,False,0.0002996611341728198,0.047491825448867334,-0.09656055546270324,0.09715987773104888,False,0.32789543867111204,1.4937705942248393e-05,0.3278649730189845,0.3279259043232396,False,0.00022956132888793946,1.4937705942248593e-05,0.00019909567676040793,0.000260026981015471,False,0.0,0.0,0.0,0.0,True,0.0,0.0,0.0,0.0,True,0.0,0.0,0.0,0.0,True,0.0,0.0,0.0,0.0,True,0.0,0.0,0.0,0.0,True,0.0,0.0,0.0,0.0,True,0.2567639603473842,0.0007519289011983869,0.255230391242656,0.2582975294521124,False
R16_H2048_alpha1_2_L50_zero_base,R16_H2048_alpha1_2,16,2048,1/2,50,zero,base,MYOPIC_K,32,10.020249633789062,0.06428154245651461,9.889146563593899,10.151352703984225,False,501.0124816894531,3.2140771228257323,494.45732817969497,507.5676351992113,False,5.070639619420735,0.0,5.070639619420735,5.070639619420735,True,247.48050071841635,3.2140771228257323,240.9253472086582,254.0356542281745,False,0.9761312942476014,0.01267720589140549,0.9502759623693441,1.0019866261258585,False,4.949610014368328,0.06428154245651466,4.818506944173165,5.080713084563491,False,4.994151917402021,0.01784548115775105,4.957755818623373,5.030548016180668,False,4.986059602040156,0.017879215322443652,4.949594701979016,5.022524502101297,False,0.008092315361863958,7.001459522420174e-05,0.007949519653460198,0.008235111070267719,False,-0.002204528597407774,0.0029541791083423827,-0.008229616611935414,0.0038205594171198667,False,-0.04233737443628573,0.049913594693297814,-0.14413682197124703,0.05946207309867557,False,0.32764553546905517,4.148320172575534e-06,0.32763707491428323,0.3276539960238271,False,0.0004794645309448242,4.148320172575593e-06,0.0004710039761728988,0.0004879250857167496,False,0.0,0.0,0.0,0.0,True,0.0,0.0,0.0,0.0,True,0.0,0.0,0.0,0.0,True,0.0,0.0,0.0,0.0,True,0.0004596877098083496,2.4451256652653398e-06,0.000454700843135912,0.0004646745764807872,False,0.0,0.0,0.0,0.0,True,0.28947942488609163,0.0008873026235286627,0.2876697592543821,0.29128909051780116,False
R16_H2048_alpha1_2_L200_zero_base,R16_H2048_alpha1_2,16,2048,1/2,200,zero,base,WHITTLE_K,32,5.217384986877441,0.024756630291113222,5.166893506511251,5.267876467243632,False,1043.4769973754883,4.9513260582226435,1033.3787013022502,1053.5752934487264,False,5.070639619420735,0.0,5.070639619420735,5.070639619420735,True,29.349073491341233,4.9513260582226435,19.250777418103226,39.44736956457924,False,0.028940208429458495,0.004882348608703016,0.0189825927920139,0.03889782406690309,False,0.14674536745670616,0.024756630291113215,0.09625388709051613,0.1972368478228962,False,0.17256730639452011,0.0018673708409327977,0.1687587784550291,0.17637583433401113,False,0.15370974831864057,0.0018537151123082325,0.1499290714212997,0.15749042521598144,False,0.018857558075879525,3.3007624105788945e-05,0.01879023858268217,0.01892487756907688,False,0.0031858980325116994,0.0013035753879150154,0.0005272385004676115,0.005844557564555788,False,-0.029007836970325628,0.024687152845354273,-0.07935761715166902,0.02134194321101776,False,0.32700770169496535,1.955680704692926e-06,0.3270037130578713,0.3270116903320594,False,0.0011172983050346374,1.955680704692639e-06,0.0011133096679405588,0.001121286942128716,False,0.0,0.0,0.0,0.0,True,0.0,0.0,0.0,0.0,True,0.0,0.0,0.0,0.0,True,0.0,0.0,0.0,0.0,True,0.0011172983050346374,1.955680704692639e-06,0.0011133096679405588,0.001121286942128716,False,0.0,0.0,0.0,0.0,True,0.12649137936500485,0.0001885718974028803,0.1261067844446392,0.1268759742853705,False
R16_H2048_alpha1_2_L200_zero_base,R16_H2048_alpha1_2,16,2048,1/2,200,zero,base,WHITTLE_P,32,5.258803014755249,0.023328092429699222,5.211225056566099,5.306380972944399,False,1051.7606029510498,4.665618485939841,1042.24501131322,1061.2761945888797,False,5.070639619420735,0.0,5.070639619420735,5.070639619420735,True,37.63267906690276,4.665618485939841,28.117087429072804,47.14827070473272,False,0.0371084142154061,0.004600621258973278,0.02772538529595293,0.04649144313485927,False,0.1881633953345138,0.0233280924296992,0.140585437145364,0.23574135352366357,False,0.20824835486973545,0.0018296708846937103,0.2045167164979226,0.2119799932415483,False,0.15042627840775263,0.0017989709719586498,0.14675725292076616,0.1540953038947391,False,0.057822076461982806,0.00010642822731809945,0.05760501466129141,0.058039138262674206,False,0.002971527705084119,0.0013166077846628883,0.00028628842463397164,0.005656766985534266,False,-0.023056487240305776,0.023195096117151582,-0.07036319766169355,0.02425022318108199,False,0.32469907879829407,6.305804681172105e-06,0.3246862180248565,0.32471193957173167,False,0.0034259212017059325,6.305804681171973e-06,0.003413060428268333,0.003438781975143532,False,0.0,0.0,0.0,0.0,True,0.0,0.0,0.0,0.0,True,0.0,0.0,0.0,0.0,True,0.0,0.0,0.0,0.0,True,0.0034259212017059325,6.305804681171973e-06,0.003413060428268333,0.003438781975143532,False,0.3212242126464844,0.0009005810907890658,0.3193874654022497,0.32306095989071903,False,0.12668654857852069,0.000176427156662948,0.12632672302019712,0.12704637413684425,False
R16_H2048_alpha1_2_L200_zero_base,R16_H2048_alpha1_2,16,2048,1/2,200,zero,base,LAGRANGIAN_K,32,5.4946356296539305,0.02110909350812759,5.451583349602865,5.537687909704996,False,1098.9271259307861,4.22181870162552,1090.316669920573,1107.5375819409992,False,5.070639619420735,0.0,5.070639619420735,5.070639619420735,True,84.79920204663908,4.22181870162552,76.18874603642601,93.40965805685215,False,0.08361785535088614,0.0041630040966190935,0.07512735251842817,0.09210835818334412,False,0.42399601023319544,0.021109093508127605,0.38094373018213007,0.4670482902842608,False,0.44729105042229556,0.004897936924219329,0.43730164220574874,0.45728045863884237,False,0.07291541279768915,0.001863403021839777,0.06911497727859123,0.07671584831678707,False,0.3743756376246064,0.0059414892598586766,0.3622578903875048,0.38649338486170803,False,0.002951720758333028,0.0012799675879188175,0.0003412096518210228,0.005562231864845033,False,-0.026246760947433175,0.024627688363802937,-0.07647526251906962,0.023981740624203274,False,0.30594348192214965,0.00035202945432859207,0.3052255131165189,0.3066614507277804,False,0.02218151807785034,0.0003520294543285919,0.02146354927221959,0.022899486883481094,False,0.0,0.0,0.0,0.0,True,0.0,0.0,0.0,0.0,True,0.0,0.0,0.0,0.0,True,0.0,0.0,0.0,0.0,True,0.02218151807785034,0.0003520294543285919,0.02146354927221959,0.022899486883481094,False,0.3926219940185547,0.004677158879432847,0.383082865593019,0.40216112244409036,False,0.12707808469597315,0.0001821051774650433,0.12670667873787478,0.12744949065407152,False
R16_H2048_alpha1_2_L200_zero_base,R16_H2048_alpha1_2,16,2048,1/2,200,zero,base,LAGRANGIAN_NI,32,5.224427423477173,0.024315334153452394,5.1748359725175845,5.274018874436761,False,1044.8854846954346,4.863066830690477,1034.967194503517,1054.8037748873521,False,5.070639619420735,0.0,5.070639619420735,5.070639619420735,True,30.757560811287522,4.863066830690477,20.839270619369927,40.67585100320512,False,0.030329073962863523,0.004795318929849356,0.020548956525676527,0.04010919140005052,False,0.15378780405643763,0.02431533415345239,0.10419635309684966,0.2033792550160256,False,0.17699735791651416,0.0018829421997401817,0.17315707198135682,0.1808376438516715,False,0.15306462858234599,0.0018711436046180239,0.1492484060405889,0.15688085112410308,False,0.023932729334168193,4.0111148252867274e-05,0.02385092210795607,0.024014536560380315,False,0.003488311989265493,0.0013455252396088805,0.0007440951706174322,0.006232528807913553,False,-0.02669786584934205,0.02432717906525457,-0.07631347466582195,0.022917742967137854,False,0.3267070010304451,2.37655998595369e-06,0.32670215400439756,0.3267118480564926,False,0.0014179989695549012,2.3765599859530826e-06,0.0014131519435073821,0.0014228459956024202,False,0.0,0.0,0.0,0.0,True,0.0,0.0,0.0,0.0,True,0.0,0.0,0.0,0.0,True,0.0,0.0,0.0,0.0,True,0.0014179989695549012,2.3765599859530826e-06,0.0014131519435073821,0.0014228459956024202,False,0.0,0.0,0.0,0.0,True,0.12652776786157902,0.00018391758289861237,0.12615266547822857,0.12690287024492947,False
R16_H2048_alpha1_2_L200_zero_base,R16_H2048_alpha1_2,16,2048,1/2,200,zero,base,LAGRANGIAN_FC,32,5.212196779251099,0.024964088358802296,5.161282185366294,5.263111373135904,False,1042.4393558502197,4.99281767176046,1032.2564370732587,1052.6222746271808,False,5.070639619420735,0.0,5.070639619420735,5.070639619420735,True,28.31143196607268,4.99281767176046,18.12851318911161,38.49435074303375,False,0.027917022398553884,0.004923262198163113,0.017875962945265077,0.03795808185184269,False,0.1415571598303634,0.0249640883588023,0.09064256594555807,0.19247175371516873,False,0.1701957336095456,0.0019092239703423762,0.16630184564984998,0.1740896215692412,False,0.1701957336095456,0.0019092239703423762,0.16630184564984998,0.1740896215692412,False,0.0,0.0,0.0,0.0,True,0.002994409245567074,0.0013483504044997953,0.00024443046513570547,0.0057443880259984426,False,-0.031632983024749275,0.025133690065628083,-0.08289348187115758,0.019627515821659024,False,0.328125,0.0,0.328125,0.328125,True,0.0,0.0,0.0,0.0,True,0.0,0.0,0.0,0.0,True,0.0,0.0,0.0,0.0,True,0.0,0.0,0.0,0.0,True,0.0,0.0,0.0,0.0,True,0.0,0.0,0.0,0.0,True,0.0,0.0,0.0,0.0,True,0.1263809794958175,0.00018749714413051442,0.1259985765492024,0.1267633824424326,False
R16_H2048_alpha1_2_L200_zero_base,R16_H2048_alpha1_2,16,2048,1/2,200,zero,base,MYOPIC_K,32,9.788427038192749,0.037026087124646556,9.712911835634587,9.86394224075091,False,1957.6854076385498,7.405217424929312,1942.5823671269175,1972.7884481501821,False,5.070639619420735,0.0,5.070639619420735,5.070639619420735,True,943.5574837544027,7.405217424929312,928.4544432427704,958.660524266035,False,0.9304126841715817,0.007302054553992615,0.9155200457223936,0.9453053226207698,False,4.717787418772014,0.037026087124646556,4.642272216213852,4.7933026213301755,False,4.771364201320739,0.00927365336131499,4.752450460593118,4.79027794204836,False,4.762610644538183,0.009289034486476687,4.743665533798974,4.781555755277393,False,0.008753556782555096,2.4677304262880876e-05,0.008703227088690136,0.008803886476420057,False,0.0027860884282777665,0.001579243922375976,-0.0004348007865478424,0.006006977643103375,False,-0.05636287097700273,0.028918117921265692,-0.11534176132190105,0.002616019367895593,False,0.3276063573360443,1.462114559838451e-06,0.32760337533373934,0.3276093393383493,False,0.0005186426639556884,1.4621145598383552e-06,0.0005156606616507261,0.0005216246662606508,False,0.0,0.0,0.0,0.0,True,0.0,0.0,0.0,0.0,True,0.0,0.0,0.0,0.0,True,0.0,0.0,0.0,0.0,True,0.0005186426639556884,1.4621145598383552e-06,0.0005156606616507261,0.0005216246662606508,False,0.0,0.0,0.0,0.0,True,0.14404158097788824,0.00024570017732714527,0.14354047216244756,0.14454268979332893,False
R16_H2048_alpha1_2_L400_zero_base,R16_H2048_alpha1_2,16,2048,1/2,400,zero,base,WHITTLE_K,32,5.137323198318481,0.016478302117809283,5.103715479575427,5.170930917061535,False,2054.9292793273926,6.5913208471237095,2041.4861918301708,2068.3723668246143,False,5.070639619420735,0.0,5.070639619420735,5.070639619420735,True,26.673431559098486,6.5913208471237095,13.230344061876716,40.11651905632026,False,0.013150920574663928,0.0032497482279546697,0.0065230153663474785,0.019778825782980375,False,0.06668357889774622,0.016478302117809276,0.033075860154691786,0.10029129764080065,False,0.08662554900150142,0.0012055519829316055,0.08416680952198256,0.08908428848102028,False,0.07524567016409743,0.0012042618233925849,0.07278956198230639,0.07770177834588847,False,0.011379878837404002,2.0236661261828454e-05,0.011338605894650333,0.01142115178015767,False,0.000892890227123977,0.0011007112771518886,-0.0013520252232274632,0.0031378056774754174,False,-0.02083486033087919,0.01705792582607158,-0.05562472942078474,0.01395500875902636,False,0.32745074942708013,1.199009290408462e-06,0.32744830403151,0.3274531948226503,False,0.0006742505729198456,1.1990092904086941e-06,0.0006718051773497029,0.0006766959684899883,False,0.0,0.0,0.0,0.0,True,0.0,0.0,0.0,0.0,True,0.0,0.0,0.0,0.0,True,0.0,0.0,0.0,0.0,True,0.0006742505729198456,1.1990092904086941e-06,0.0006718051773497029,0.0006766959684899883,False,0.0,0.0,0.0,0.0,True,0.08920176740171591,8.75706574974704e-05,0.08902316586824005,0.08938036893519177,False
R16_H2048_alpha1_2_L400_zero_base,R16_H2048_alpha1_2,16,2048,1/2,400,zero,base,WHITTLE_P,32,5.16198392868042,0.016422482353127977,5.128490055098007,5.1954778022628325,False,2064.793571472168,6.568992941251188,2051.396022039203,2078.1911209051327,False,5.070639619420735,0.0,5.070639619420735,5.070639619420735,True,36.53772370387387,6.568992941251188,23.140174270908986,49.93527313683876,False,0.018014356395953016,0.0032387398012332126,0.011408903021958648,0.024619809769947383,False,0.09134430925968469,0.016422482353127967,0.05785043567727247,0.12483818284209691,False,0.11333391550104803,0.0011333025322354273,0.11102252974771877,0.11564530125437729,False,0.07299182842677486,0.0011410549391068852,0.07066463153538934,0.07531902531816038,False,0.04034208707427317,5.5825703200606965e-05,0.040228229801941,0.04045594434660534,False,0.0010021014703239268,0.0010792501912388055,-0.0011990438067335121,0.003203246747381366,False,-0.02299170771168727,0.0167747247466302,-0.057203984392038144,0.011220568968663601,False,0.3257347570359707,3.3076373575210055e-06,0.32572801106510424,0.3257415030068372,False,0.002390242964029312,3.3076373575212e-06,0.0023834969931628446,0.0023969889348957794,False,0.0,0.0,0.0,0.0,True,0.0,0.0,0.0,0.0,True,0.0,0.0,0.0,0.0,True,0.0,0.0,0.0,0.0,True,0.002390242964029312,3.3076373575212e-06,0.0023834969931628446,0.0023969889348957794,False,0.33249664306640625,0.0007145545557902004,0.3310392994416883,0.3339539866911242,False,0.08924666790233354,8.735489291267628e-05,0.08906850642362962,0.08942482938103746,False
R16_H2048_alpha1_2_L400_zero_base,R16_H2048_alpha1_2,16,2048,1/2,400,zero,base,LAGRANGIAN_K,32,5.354137411117554,0.013512988233128749,5.326577489915091,5.381697332320017,False,2141.6549644470215,5.405195293251499,2130.6309959660366,2152.6789329280064,False,5.070639619420735,0.0,5.070639619420735,5.070639619420735,True,113.3991166787274,5.405195293251498,102.37514819774239,124.4230851597124,False,0.05590967076638844,0.0026649474715918493,0.050474474564136756,0.061344866968640124,False,0.2834977916968185,0.013512988233128744,0.25593787049435596,0.311057712899281,False,0.3045348428722559,0.004282630453087964,0.29580036047723623,0.3132693252672756,False,0.035914026445856895,0.000837075553141689,0.034206799599574705,0.037621253292139084,False,0.268620816426399,0.004628348049247071,0.259181238345357,0.278060394507441,False,0.0008245062189970572,0.000984054965707795,-0.001182487115557147,0.002831499553551261,False,-0.02186155739443448,0.016690983384231087,-0.0559030424401528,0.01217992765128385,False,0.3122093877196312,0.0002742266739800523,0.31165009873068833,0.31276867670857406,False,0.015915612280368804,0.0002742266739800526,0.015356323291425923,0.016474901269311684,False,0.0,0.0,0.0,0.0,True,0.0,0.0,0.0,0.0,True,0.0,0.0,0.0,0.0,True,0.0,0.0,0.0,0.0,True,0.015915612280368804,0.0002742266739800526,0.015356323291425923,0.016474901269311684,False,0.3916492462158203,0.0052082381260101125,0.38102697452578826,0.40227151790585236,False,0.08952841932485003,8.316918841104171e-05,0.08935879464675983,0.08969804400294024,False
R16_H2048_alpha1_2_L400_zero_base,R16_H2048_alpha1_2,16,2048,1/2,400,zero,base,LAGRANGIAN_NI,32,5.145805759429932,0.016479949324929962,5.112194681185805,5.179416837674058,False,2058.3223037719727,6.59197972997198,2044.8778724743222,2071.766735069623,False,5.070639619420735,0.0,5.070639619420735,5.070639619420735,True,30.066456003678564,6.59197972997198,16.622024706028146,43.51088730132898,False,0.014823798504888287,0.003250073079895313,0.008195230756670807,0.021452366253105766,False,0.07516614000919641,0.016479949324929948,0.04155506176507037,0.10877721825332246,False,0.095745952371032,0.0011954661517122414,0.09330778307990312,0.0981841216621609,False,0.07440252190993121,0.0012099145783057287,0.07193488485848563,0.07687015896137679,False,0.0213434304611008,3.788176896233504e-05,0.021266170083928837,0.021420690838272763,False,0.0009912239643046683,0.0010689515511614763,-0.0011889170978354607,0.0031713650264447975,False,-0.021571036326140273,0.016942112755791213,-0.056124703101940565,0.012982630449660016,False,0.3268604153394699,2.2444706829498e-06,0.326855837711332,0.32686499296760785,False,0.0012645846605300903,2.244470682949574e-06,0.0012600070323921721,0.0012691622886680084,False,0.0,0.0,0.0,0.0,True,0.0,0.0,0.0,0.0,True,0.0,0.0,0.0,0.0,True,0.0,0.0,0.0,0.0,True,0.0012645846605300903,2.244470682949574e-06,0.0012600070323921721,0.0012691622886680084,False,0.0,0.0,0.0,0.0,True,0.08919259888311247,8.737905377639485e-05,0.08901438812800212,0.08937080963822282,False
R16_H2048_alpha1_2_L400_zero_base,R16_H2048_alpha1_2,16,2048,1/2,400,zero,base,LAGRANGIAN_FC,32,5.135004272460938,0.0158563282342342,5.102665077816742,5.167343467105133,False,2054.001708984375,6.342531293693676,2041.0660311266968,2066.9373868420535,False,5.070639619420735,0.0,5.070639619420735,5.070639619420735,True,25.745861216080907,6.342531293693676,12.81018335840265,38.68153907375917,False,0.012693596443668229,0.003127086408094133,0.0063158616663167985,0.019071331221019658,False,0.06436465304020227,0.015856328234234187,0.03202545839600662,0.09670384768439791,False,0.08985619020300095,0.0011958641793206866,0.08741720912921261,0.0922951712767893,False,0.08985619020300095,0.0011958641793206866,0.08741720912921261,0.0922951712767893,False,0.0,0.0,0.0,0.0,True,0.0007348971372174969,0.0010474157832658442,-0.0014013214367210184,0.002871115711156012,False,-0.026226434300016175,0.016480001863555884,-0.05983761969737626,0.007384751097343916,False,0.328125,0.0,0.328125,0.328125,True,0.0,0.0,0.0,0.0,True,0.0,0.0,0.0,0.0,True,0.0,0.0,0.0,0.0,True,0.0,0.0,0.0,0.0,True,0.0,0.0,0.0,0.0,True,0.0,0.0,0.0,0.0,True,0.0,0.0,0.0,0.0,True,0.08908622160097739,8.354146635072642e-05,0.0889158376570234,0.08925660554493137,False
R16_H2048_alpha1_2_L400_zero_base,R16_H2048_alpha1_2,16,2048,1/2,400,zero,base,MYOPIC_K,32,9.739319715499878,0.023788142644642254,9.690803478711334,9.787835952288422,False,3895.727886199951,9.515257057856902,3876.3213914845337,3915.1343809153686,False,5.070639619420735,0.0,5.070639619420735,5.070639619420735,True,1867.472038431657,9.515257057856902,1848.0655437162395,1886.8785331470744,False,0.9207280434992712,0.00469134950027464,0.9111599731117159,0.9302961138868264,False,4.668680096079143,0.023788142644642258,4.620163859290599,4.717196332867687,False,4.7064865650748615,0.005872182367653678,4.69451017017634,4.718462959973383,False,4.703090829323552,0.005876426818808177,4.6911057778098275,4.715075880837276,False,0.003395735751309656,1.0291446818245064e-05,0.0033747462071409716,0.0034167252954783404,False,-0.00010326112322608678,0.0013030815739469021,-0.0027609135150421893,0.0025543912685900157,False,-0.03770320787249279,0.018494044263131698,-0.07542205982540023,1.5644080414663197e-05,False,0.3279238048195839,6.097616690411233e-07,0.32792256120246077,0.327925048436707,False,0.00020119518041610717,6.097616690406523e-07,0.00019995156329300165,0.0002024387975392127,False,0.0,0.0,0.0,0.0,True,0.0,0.0,0.0,0.0,True,0.0,0.0,0.0,0.0,True,0.0,0.0,0.0,0.0,True,0.00020119518041610717,6.097616690406523e-07,0.00019995156329300165,0.0002024387975392127,False,0.0,0.0,0.0,0.0,True,0.1018238952281265,0.00010882156006787194,0.10160195219311025,0.10204583826314276,False
R16_H2048_alpha1_2_L800_zero_base,R16_H2048_alpha1_2,16,2048,1/2,800,zero,base,WHITTLE_K,32,5.11960116147995,0.010808385102522392,5.097557314729524,5.141645008230375,False,4095.68092918396,8.646708082017913,4078.04585178362,4113.3160065843,False,5.070639619420735,0.0,5.070639619420735,5.070639619420735,True,39.169233647371776,8.646708082017913,21.534156247031746,56.804311047711806,False,0.009655890722679288,0.002131562468199452,0.00530854040695259,0.014003241038405986,False,0.04896154205921472,0.010808385102522392,0.02691769530878968,0.07100538880963976,False,0.03761567619003751,0.00048028620745179366,0.03663612601182084,0.038595226368254174,False,0.03530292320689015,0.000480959242234533,0.034322000365184194,0.03628384604859611,False,0.002312752983147355,9.335400122690275e-06,0.0022937133090696377,0.0023317926572250726,False,0.0012850886554236541,0.0008559951153714215,-0.00046072489242600487,0.0030309022032733134,False,0.010060777213753558,0.010769447399923525,-0.011903655568649306,0.03202520999615642,False,0.3279879708588123,5.531165112656109e-07,0.32798684277025014,0.3279890989473745,False,0.00013702914118766786,5.531165112647018e-07,0.00013590105262551962,0.0001381572297498161,False,0.0,0.0,0.0,0.0,True,0.0,0.0,0.0,0.0,True,0.0,0.0,0.0,0.0,True,0.0,0.0,0.0,0.0,True,0.00013702914118766786,5.531165112647018e-07,0.00013590105262551962,0.0001381572297498161,False,0.0,0.0,0.0,0.0,True,0.06304207147604961,4.095916294245351e-05,0.06295853471247533,0.06312560823962389,False
R16_H2048_alpha1_2_L800_zero_base,R16_H2048_alpha1_2,16,2048,1/2,800,zero,base,WHITTLE_P,32,5.134266982078552,0.010619190546849741,5.112609000168407,5.1559249639886975,False,4107.413585662842,8.495352437479797,4090.087200134725,4124.739971190958,False,5.070639619420735,0.0,5.070639619420735,5.070639619420735,True,50.90189012625361,8.495352437479797,33.575504598137066,68.22827565437015,False,0.012548192621325697,0.002094250694957271,0.00827694016883532,0.016819445073816074,False,0.06362736265781702,0.010619190546849747,0.04196938074767133,0.0852853445679627,False,0.052950355060732736,0.0004648047831919788,0.05200237945546333,0.053898330666002144,False,0.033828538083221574,0.00047048194945642984,0.03286898382101839,0.03478809234542476,False,0.019121816977511162,2.8831966568385293e-05,0.01906301379400889,0.019180620161013434,False,0.0013152021318383069,0.0008585695942144199,-0.00043586210022911014,0.003066266363905724,False,0.009361805465245971,0.010558725191185121,-0.012172856538980571,0.030896467469472513,False,0.32699204452335834,1.7082756552069593e-06,0.3269885604721894,0.3269955285745273,False,0.001132955476641655,1.7082756552067365e-06,0.001129471425472709,0.0011364395278106007,False,0.0,0.0,0.0,0.0,True,0.0,0.0,0.0,0.0,True,0.0,0.0,0.0,0.0,True,0.0,0.0,0.0,0.0,True,0.001132955476641655,1.7082756552067365e-06,0.001129471425472709,0.0011364395278106007,False,0.37386131286621094,0.0006378301555027613,0.3725604496875459,0.37516217604487595,False,0.06305624339903018,3.991836513392348e-05,0.06297482935658139,0.06313765744147898,False
R16_H2048_alpha1_2_L800_zero_base,R16_H2048_alpha1_2,16,2048,1/2,800,zero,base,LAGRANGIAN_K,32,5.280754363536834,0.00886948334053059,5.262664933001234,5.298843794072435,False,4224.603490829468,7.095586672424485,4210.131946400987,4239.075035257949,False,5.070639619420735,0.0,5.070639619420735,5.070639619420735,True,168.0917952928796,7.095586672424485,153.6202508643987,182.56333972136048,False,0.04143752265717176,0.0017491843251017406,0.03787003770590093,0.04500500760844259,False,0.21011474411609948,0.008869483340530606,0.19202531358049837,0.2282041746517006,False,0.19953248059954146,0.002372700614503252,0.19469332579198906,0.20437163540709385,False,0.01828956470101904,0.0003982450893686317,0.017477338486290375,0.019101790915747704,False,0.18124291589852243,0.0025780097778739667,0.17598503029160706,0.1865008015054378,False,0.0011031144586907769,0.0007541908554565542,-0.0004350679321620753,0.002641296849543629,False,0.009479149057867254,0.010613501336898193,-0.012167229632082865,0.03112552774781737,False,0.31738647267222403,0.00015274543732497376,0.317074946298924,0.31769799904552404,False,0.010738527327775955,0.00015274543732497363,0.010427000954475971,0.01105005370107594,False,0.0,0.0,0.0,0.0,True,0.0,0.0,0.0,0.0,True,0.0,0.0,0.0,0.0,True,0.0,0.0,0.0,0.0,True,0.010738527327775955,0.00015274543732497363,0.010427000954475971,0.01105005370107594,False,0.39495849609375,0.004238778166421563,0.38631345102704173,0.40360354116045827,False,0.06324230428888764,3.8418407230659266e-05,0.06316394943075157,0.0633206591470237,False
R16_H2048_alpha1_2_L800_zero_base,R16_H2048_alpha1_2,16,2048,1/2,800,zero,base,LAGRANGIAN_NI,32,5.125881872177124,0.010411412475594349,5.10464765643717,5.147116087917078,False,4100.705497741699,8.329129980475482,4083.718125149736,4117.6928703336625,False,5.070639619420735,0.0,5.070639619420735,5.070639619420735,True,44.193802205111034,8.329129980475482,27.206429613147836,61.181174797074235,False,0.010894533412473041,0.0020532739963846497,0.006706853487710458,0.015082213337235625,False,0.05524225275638879,0.010411412475594354,0.03400803701643479,0.07647646849634279,False,0.04365010118731302,0.00048393219327596334,0.042663114971982594,0.04463708740264345,False,0.03425448230505488,0.00047863041420812707,0.033278309139423125,0.035230655470686635,False,0.009395618882258138,4.9780016590122086e-05,0.009294091869060748,0.009497145895455528,False,0.001334948088042154,0.000846230062631701,-0.00039094950344007503,0.003060845679524383,False,0.010257203481033615,0.010441678602095442,-0.01103874043088969,0.03155314739295692,False,0.3275683155655861,2.949434276533937e-06,0.3275623001547198,0.32757433097645233,False,0.0005566844344139099,2.9494342765345264e-06,0.0005506690235476553,0.0005626998452801645,False,0.0,0.0,0.0,0.0,True,0.0,0.0,0.0,0.0,True,0.0,0.0,0.0,0.0,True,0.0,0.0,0.0,0.0,True,0.0005566844344139099,2.9494342765345264e-06,0.0005506690235476553,0.0005626998452801645,False,0.0,0.0,0.0,0.0,True,0.06303397011103001,3.937316124136386e-05,0.06295366801925112,0.06311427220280891,False
R16_H2048_alpha1_2_L800_zero_base,R16_H2048_alpha1_2,16,2048,1/2,800,zero,base,LAGRANGIAN_FC,32,5.124726142883301,0.010818600015279789,5.102661462680953,5.146790823085648,False,4099.780914306641,8.654880012223842,4082.1291701447626,4117.432658468519,False,5.070639619420735,0.0,5.070639619420735,5.070639619420735,True,43.26921877005244,8.654880012223842,25.617474608174405,60.920962931930475,False,0.010666607671231886,0.0021335769897438913,0.006315148711727248,0.015018066630736524,False,0.05408652346256555,0.010818600015279803,0.03202184326021801,0.0761512036649131,False,0.043004281421879606,0.0004643102479264728,0.042057314427933916,0.043951248415825296,False,0.043004281421879606,0.0004643102479264728,0.042057314427933916,0.043951248415825296,False,0.0,0.0,0.0,0.0,True,0.0012329773029476473,0.0008997560762454454,-0.0006020873130318104,0.003068041918927105,False,0.009849264737738297,0.010697139195671305,-0.011967694489807387,0.031666223965283985,False,0.328125,0.0,0.328125,0.328125,True,0.0,0.0,0.0,0.0,True,0.0,0.0,0.0,0.0,True,0.0,0.0,0.0,0.0,True,0.0,0.0,0.0,0.0,True,0.0,0.0,0.0,0.0,True,0.0,0.0,0.0,0.0,True,0.0,0.0,0.0,0.0,True,0.06305900455948135,4.150015889768453e-05,0.06297436442738194,0.06314364469158076,False
R16_H2048_alpha1_2_L800_zero_base,R16_H2048_alpha1_2,16,2048,1/2,800,zero,base,MYOPIC_K,32,9.79044690847397,0.015951157207838705,9.757914308862999,9.82297950808494,False,7832.357526779175,12.760925766270958,7806.331447090399,7858.383606467951,False,5.070639619420735,0.0,5.070639619420735,5.070639619420735,True,3775.8458312425864,12.760925766270958,3749.8197515538104,3801.8719109313624,False,0.9308110304223157,0.003145787988313186,0.9243951535206387,0.9372269073239927,False,4.719807289053233,0.0159511572078387,4.687274689442263,4.752339888664204,False,4.7014302367514125,0.004181503352776357,4.692902004437274,4.709958469065551,False,4.700407843887733,0.004179980260105957,4.691882717941575,4.708932969833891,False,0.0010223928636796424,2.854725182173741e-06,0.0010165706132848325,0.0010282151140744522,False,0.001363321909876228,0.001084937399735786,-0.0008494225053832624,0.0035760663251357184,False,0.01701373039194437,0.012452309065537183,-0.008382921385902607,0.042410382169791344,False,0.32806442387402057,1.6914064878138232e-07,0.32806407890939304,0.3280647688386481,False,6.0576125979423525e-05,1.6914064878114693e-07,6.023116135190216e-05,6.092109060694489e-05,False,0.0,0.0,0.0,0.0,True,0.0,0.0,0.0,0.0,True,0.0,0.0,0.0,0.0,True,0.0,0.0,0.0,0.0,True,6.0576125979423525e-05,1.6914064878114693e-07,6.023116135190216e-05,6.092109060694489e-05,False,0.0,0.0,0.0,0.0,True,0.07222489518603183,5.1977917137090245e-05,0.07211888552511506,0.0723309048469486,False
R16_H2048_alpha1_2_L1600_zero_base,R16_H2048_alpha1_2,16,2048,1/2,1600,zero,base,WHITTLE_K,32,5.093037312030792,0.007491541745468566,5.077758211906669,5.108316412154915,False,8148.859699249268,11.986466792749706,8124.413139050671,8173.306259447864,False,5.070639619420735,0.0,5.070639619420735,5.070639619420735,True,35.83630817609121,11.986466792749706,11.389747977494153,60.28286837468826,False,0.004417133594797986,0.0014774352562496628,0.001403884523496676,0.0074303826660992965,False,0.022397692610057005,0.007491541745468567,0.007118592485933845,0.03767679273418016,False,0.017063849651664846,0.00027467531230232115,0.01650364565883113,0.017624053644498563,False,0.016730939042058895,0.0002739599897948136,0.01617219395909775,0.01728968412502004,False,0.00033291060960595026,1.4966603064942615e-06,0.00032985815078616745,0.00033596306842573307,False,-0.00037968179938071997,0.0005087495073996737,-0.0014172832605699034,0.0006579196618084634,False,0.005713524757772878,0.007470213682013149,-0.009522076494147363,0.020949126009693116,False,0.3281052752584219,8.867616988993757e-08,0.32810509440218105,0.3281054561146628,False,1.972474157810211e-05,8.867616989060577e-08,1.954388533723529e-05,1.9905597818968933e-05,False,0.0,0.0,0.0,0.0,True,0.0,0.0,0.0,0.0,True,0.0,0.0,0.0,0.0,True,0.0,0.0,0.0,0.0,True,1.972474157810211e-05,8.867616989060577e-08,1.954388533723529e-05,1.9905597818968933e-05,False,0.0,0.0,0.0,0.0,True,0.04452494072256896,2.105003331688433e-05,0.044482008896572084,0.04456787254856584,False
R16_H2048_alpha1_2_L1600_zero_base,R16_H2048_alpha1_2,16,2048,1/2,1600,zero,base,WHITTLE_P,32,5.10217787027359,0.00757021353678445,5.086738317973226,5.117617422573955,False,8163.484592437744,12.112341658855108,8138.781308757162,8188.187876118326,False,5.070639619420735,0.0,5.070639619420735,5.070639619420735,True,50.46120136456777,12.112341658855108,25.7579176839854,75.16448504515014,False,0.006219777625698778,0.0014929504174957036,0.0031748851744131585,0.009264670076984397,False,0.03153825085285485,0.0075702135367844425,0.016098698552490874,0.04697780315321883,False,0.02559620252590016,0.0002692681127246245,0.0250470265893125,0.026145378462487816,False,0.016246768308708266,0.00027383351633910604,0.015688281170060648,0.016805255447355883,False,0.009349434217191895,1.0666268125200078e-05,0.00932768021992768,0.00937118821445611,False,-0.00042290236092418763,0.000520290288902084,-0.0014840414011694598,0.0006382366793210846,False,0.0063649506878788835,0.00756218432979685,-0.009058225936870003,0.02178812731262777,False,0.3275710519775748,6.319695927426754e-07,0.3275697630670927,0.3275723408880569,False,0.0005539480224251747,6.319695927424683e-07,0.0005526591119430628,0.0005552369329072867,False,0.0,0.0,0.0,0.0,True,0.0,0.0,0.0,0.0,True,0.0,0.0,0.0,0.0,True,0.0,0.0,0.0,0.0,True,0.0005539480224251747,6.319695927424683e-07,0.0005526591119430628,0.0005552369329072867,False,0.37536048889160156,0.0008606419537774373,0.3736051980543396,0.3771157797288635,False,0.044537226901142375,2.1329007686118535e-05,0.04449372610316824,0.04458072769911651,False
R16_H2048_alpha1_2_L1600_zero_base,R16_H2048_alpha1_2,16,2048,1/2,1600,zero,base,LAGRANGIAN_K,32,5.215490950345993,0.0060640600536217195,5.203123218326876,5.22785868236511,False,8344.785520553589,9.70249608579474,8324.997149323002,8364.573891784175,False,5.070639619420735,0.0,5.070639619420735,5.070639619420735,True,231.76212948041248,9.702496085794744,211.97375824982558,251.5505007109994,False,0.028566678328010516,0.0011959161977112595,0.026127591162015136,0.031005765494005896,False,0.14485133092525782,0.006064060053621713,0.132483598906141,0.15721906294437463,False,0.14280209615023304,0.0018303953393335533,0.13906898024344094,0.14653521205702513,False,0.009177767408351287,0.00021854393409909603,0.00873204411612781,0.009623490700574763,False,0.13362432874188176,0.0019018328653389528,0.12974551504022436,0.13750314244353917,False,-0.00039969482166043595,0.00046171096839025676,-0.0013413605500410715,0.0005419709067201997,False,0.002448929596685197,0.007331629755718009,-0.012504027874101696,0.01740188706747209,False,0.32020784363150595,0.00011268238593523576,0.319978026390219,0.3204376608727929,False,0.007917156368494034,0.00011268238593523584,0.007687339127207091,0.008146973609780978,False,0.0,0.0,0.0,0.0,True,0.0,0.0,0.0,0.0,True,0.0,0.0,0.0,0.0,True,0.0,0.0,0.0,0.0,True,0.007917156368494034,0.00011268238593523584,0.007687339127207091,0.008146973609780978,False,0.4071464538574219,0.004476816372787614,0.39801592666807395,0.4162769810467698,False,0.044646432842082535,1.957310397079294e-05,0.04460651323334639,0.04468635245081868,False
R16_H2048_alpha1_2_L1600_zero_base,R16_H2048_alpha1_2,16,2048,1/2,1600,zero,base,LAGRANGIAN_NI,32,5.097355973720551,0.007441659512153657,5.08217860908201,5.112533338359092,False,8155.769557952881,11.906655219445852,8131.485774531215,8180.053341374547,False,5.070639619420735,0.0,5.070639619420735,5.070639619420735,True,42.74616687970449,11.906655219445852,18.462383458038698,67.02995030137028,False,0.005268833185756426,0.0014675977925253908,0.002275647753999206,0.008262018617513647,False,0.026716354299815306,0.007441659512153657,0.011538989661274188,0.041893718938356424,False,0.021138394848152806,0.00027292137833488336,0.02058176802722977,0.02169502166907584,False,0.01644386935645728,0.0002724602440943327,0.015888183025018442,0.016999555687896118,False,0.004694525491695525,2.0441189421811068e-05,0.0046528354110094055,0.004736215572381645,False,-0.00037021394048317445,0.0005052430412402631,-0.0014006639167909061,0.0006602360358245571,False,0.005948173392145672,0.007425809731219968,-0.009196865405058749,0.021093212189350095,False,0.32784685235470534,1.2111274536177647e-06,0.3278443822439784,0.3278493224654323,False,0.0002781476452946663,1.2111274536173592e-06,0.0002756775345677139,0.0002806177560216187,False,0.0,0.0,0.0,0.0,True,0.0,0.0,0.0,0.0,True,0.0,0.0,0.0,0.0,True,0.0,0.0,0.0,0.0,True,0.0002781476452946663,1.2111274536173592e-06,0.0002756775345677139,0.0002806177560216187,False,0.0,0.0,0.0,0.0,True,0.04452660561559679,2.0954348042270303e-05,0.04448386894100411,0.044569342290189475,False
R16_H2048_alpha1_2_L1600_zero_base,R16_H2048_alpha1_2,16,2048,1/2,1600,zero,base,LAGRANGIAN_FC,32,5.094526958465576,0.007572492635394779,5.079082757912951,5.109971159018202,False,8151.243133544922,12.115988216631637,8126.532412660721,8175.953854429123,False,5.070639619420735,0.0,5.070639619420735,5.070639619420735,True,38.219742471745505,12.115988216631637,13.509021587544844,62.930463355946166,False,0.004710912397195722,0.0014933998871447798,0.0016651032465170648,0.007756721547874379,False,0.02388733904484094,0.007572492635394773,0.008443138492215526,0.03933153959746635,False,0.01783919993793196,0.000273613895741588,0.017281160718446088,0.018397239157417835,False,0.01783919993793196,0.000273613895741588,0.017281160718446088,0.018397239157417835,False,0.0,0.0,0.0,0.0,True,-0.0004216083732721271,0.000491556937207906,-0.0014241453563770864,0.0005809286098328321,False,0.006469747480181106,0.007553860395133849,-0.008936452367895665,0.02187594732825788,False,0.328125,0.0,0.328125,0.328125,True,0.0,0.0,0.0,0.0,True,0.0,0.0,0.0,0.0,True,0.0,0.0,0.0,0.0,True,0.0,0.0,0.0,0.0,True,0.0,0.0,0.0,0.0,True,0.0,0.0,0.0,0.0,True,0.0,0.0,0.0,0.0,True,0.04452543306239599,2.112888329396496e-05,0.044482340420810604,0.04456852570398137,False
R16_H2048_alpha1_2_L1600_zero_base,R16_H2048_alpha1_2,16,2048,1/2,1600,zero,base,MYOPIC_K,32,9.766283591985703,0.01131669708721048,9.743203036107541,9.789364147863864,False,15626.053747177124,18.106715339536724,15589.124857772067,15662.982636582181,False,5.070639619420735,0.0,5.070639619420735,5.070639619420735,True,7513.030356103947,18.106715339536724,7476.10146669889,7549.959245509004,False,0.9260456914706537,0.002231808595481149,0.9214938878303869,0.9305974951109206,False,4.695643972564968,0.011316697087210453,4.672563416686807,4.718724528443128,False,4.708589692469287,0.0030706570108399826,4.702327046206408,4.714852338732166,False,4.707915279412241,0.003070799193092881,4.701652343166745,4.7141782156577365,False,0.00067441305704636,1.7000120912682388e-06,0.000670945859527182,0.0006778802545655381,False,-0.0007001804403577581,0.000661251055563457,-0.002048810859623247,0.000648449978907731,False,-0.012245539463962167,0.009047119462986303,-0.030697261259877383,0.0062061823319530494,False,0.32808504145592454,1.007246336169242e-07,0.32808483602667987,0.3280852468851692,False,3.995854407548904e-05,1.0072463361743094e-07,3.975311483084294e-05,4.016397332013514e-05,False,0.0,0.0,0.0,0.0,True,0.0,0.0,0.0,0.0,True,0.0,0.0,0.0,0.0,True,0.0,0.0,0.0,0.0,True,3.995854407548904e-05,1.0072463361743094e-07,3.975311483084294e-05,4.016397332013514e-05,False,0.0,0.0,0.0,0.0,True,0.051003921186850466,2.8113875830925478e-05,0.050946582559062974,0.05106125981463796,False
